MW,LogP,HBA,HBD,PSA,RotB,QED,SA,num_rings,generated_sequence,score
499.5650000000002,2.517200000000001,7,7,223.14,11,0.12570405867374798,5.737982888700259,1,C/C=C1/CC[C@H](C)[C@H](OC(N)=NC(O)CCCCCN=C(O)O)C(O)=N[C@@H](CCC(=O)O)C(O)=N1,-0.006934789109987837
503.59300000000025,2.5038,9,6,193.98999999999998,10,0.0853215072885224,5.622349587055961,1,CO[C@@H]1CCC[C@H](C)[C@H](OC(O)=NCCC[C@@H](O)/C(C)=N\O)[C@@H](CCC(=O)O)C(O)=NC(O)[C@@H]1C,-0.007344998025868154
494.49700000000036,2.4986000000000006,10,5,187.7,2,0.3017406126802504,5.0970556321464375,2,COC(=O)C[C@H](N=C(O)OCC(=O)OC(O)=NC1)Cc2cc(O)c(O)c(O)c2C(C)=CC[C@H](C)C1,-0.011020237565496674
493.5530000000003,2.5024000000000006,9,5,162.62,6,0.22599109146646562,4.949507367033408,2,CCCCNc1cc(O)c2c(c1)[C@H](C)C(=O)[C@H](O)[C@H](O)/C=C\C[C@@H](CC(=O)O)OC(=O)C[C@@H](C)O2,-0.01292968816329249
496.5650000000003,2.472300000000001,8,7,222.87000000000003,11,0.13544307953098342,6.286840607785783,2,C[C@H](C)[C@H](O)[C@@H]1N=C(O)c2coc(n2)[C@@H](CCCCN=C(O)O)N=C(O)[C@H](CCCCN)N=C1O,-0.013036997353684741
500.59300000000036,2.536500000000001,7,7,208.11999999999998,10,0.1342573892659265,5.550998865009116,1,C[C@@H]1N=C(O)CCCCC[C@H](N=C(O)CC(O)C(O)=NCCCCC(=O)O)C(C(O)=NC1)C(O)C,-0.014648091889390044
507.4960000000003,2.499299999999999,8,6,204.07999999999998,7,0.3179333618460498,4.832668833995319,2,CCOC(=O)Nc1cc(O)c2c(c1)/C=C/C[C@@H](C)C(=O)N[C@@H](CCC(=O)O)C(O)=N[C@@H](CC(=O)O)O2,-0.014994614499880266
501.5770000000001,2.4602000000000013,7,7,204.98999999999998,8,0.08557522779506474,5.936169717988857,1,CC[C@@H](C)[C@@H]1N=C(O)[C@@H](C)CC(O)[C@@H](CCCCN=C(O)O)OC(=O)C[C@@H](N=C(O)O)[C@@H](O)C=C1,-0.01622942130822862
489.5910000000002,2.4828000000000006,7,6,192.60000000000002,10,0.1518072585752913,5.44189563154185,1,CCCCN=C(O)[C@@H]1CSC[C@H](CCC)[C@H](O)[C@@H](CC(=O)O)C(O)=N[C@@H](CC(=O)O)C(O)=N1,-0.021925408183201104
506.55200000000025,2.4544000000000006,8,6,189.47,7,0.30164184736197325,5.447986653951132,2,CCOC(C)C1CCCC(=O)C(Cc2cc(O)cc(O)c2C(O)=N[C@@H](CC(=O)O)C(O)=N1)C(O)C=C,-0.022459127676737682
502.6050000000003,2.4434000000000013,7,6,185.98,7,0.13152997302359373,4.7038358303834364,1,CC(C)CCNC(=O)[C@@H]1CC[C@H](CC(=O)O)OC(=O)C[C@@H](N=C(O)O)[C@@](O)(O)C[C@H](C)CCCC1,-0.02323173906533865
495.52900000000045,2.5549999999999997,9,6,204.48999999999998,5,0.15229471870614458,4.9038088524704815,2,C[C@H]1OC(=O)c2cc(O)cc(O)c2CN=C(O)[C@H](N=C(O)O)CCCC[C@H](CCCCN)OC1=O,-0.023747828616527848
490.5900000000003,2.4597999999999995,8,5,170.82,9,0.2387501589018303,4.9315034275379395,1,CCC[C@H](C)C[C@@H](O)[C@H]1CC[C@H](CCC(=O)O)OC(=O)[C@](O)(O)[C@@H](C)CCCC[C@@H](C(=O)O)O1,-0.024753965338910496
490.5130000000002,2.4579999999999993,9,5,183.62,5,0.13594836313371894,4.8443426277741235,2,COC(=O)[C@@H]1CCCC[C@H](NC(=O)/C=C/c2cc([N+](=O)[O-])cc(O)c2O)C(C)=CN[C@@H](C)C(O)=N1,-0.025342704591262432
500.5890000000003,2.5665000000000004,8,7,192.63,7,0.20310362896920975,5.6295595597981976,1,COC(CC)C(O)=C1CCC=C(C(O)C(O)CC(O)CC(O)=NC(CCC(=O)O)C(O)=N1)C(C)C,-0.026626071508955483
503.59300000000025,2.565100000000002,8,6,186.15,8,0.09511772764058678,5.702076439113042,1,COC(O)[C@H]1OCCCCC[C@H](N=C(O)OCCCCN=C(O)O)C(O)=NC(O)C=C[C@H](C)[C@H]1C,-0.02701333367061621
513.5400000000004,2.482200000000001,9,7,206.56999999999996,5,0.17281305043140988,4.992273214665821,2,C[C@@H]1O[C@H](CCCC(=O)O)c2cc(O)cc(O)c2C(=O)OC[C@@H](N=C(O)O)CCCCC[C@H](O)[C@@H]1O,-0.028000371426108603
513.5400000000003,2.4653,10,6,195.57,11,0.18776921594423088,5.176938520788271,2,CCC[C@@H]1N=C(O)CC(O)c2cc(OCCCC(O)CO)cc(O)c2C(=O)O[C@@H]1C[C@H](C)OC(=O)O,-0.03042993263219675
501.6210000000004,2.5756700000000015,9,5,170.76,13,0.11005279220754312,5.4464260798013004,1,CC[C@@H]1CC(=O)O[C@H](C)[C@H](OC(O)=NC(O)CCCCCCCCNC(=N)[C@@H](C)O)C(=O)O[C@@H]1C,-0.03044112987390646
487.56100000000026,2.545,8,6,177.48999999999998,8,0.14124052630701375,6.194023701131541,3,CNCCC[C@@H]1NC(=O)c2cc(ccn2)-c2coc(n2)[C@H](CCCN=C(O)NO)N=C(O)C[C@@H]1C,-0.03070691915513461
484.5460000000002,2.504500000000001,7,5,178.47,7,0.20612370208282174,5.612492269465243,1,CO[C@H]1/C=C\C(O)C[C@@H](C)[C@H](OC(O)=NCCC(=O)O)C(O)=N[C@@H](CC(=O)O)C(C)=C[C@@H](C)C1,-0.030960369248443635
489.60600000000034,2.4424000000000006,7,6,177.10999999999996,7,0.3132900496256911,5.393193394111606,1,CO[C@H]1C[C@@H](C)C[C@H](O)[C@@H](C)C(O)[C@@H](C)CC[C@H](CCC(=O)O)C(O)[C@@H](CCC(=O)O)C(O)=N1,-0.0310319600412214
489.6060000000003,2.4424000000000006,7,6,177.10999999999996,7,0.3132900496256911,5.486787240265452,1,CO[C@H]1C[C@@H](C)C[C@H](O)[C@H](C)C[C@H](O)C[C@@H](CCC(=O)O)[C@@H](C)C(O)[C@@H](CCC(=O)O)C(O)=N1,-0.031031960041221475
486.5660000000001,2.4547000000000017,8,5,186.12,10,0.17684777501705015,5.629655459860197,1,CO[C@@H]1C[C@H](C)C[C@@H](OC(O)=NCCCCCC(=O)O)C(O)C(O)=N[C@@H](C(O)=N1)C=N[C@@H](C)C,-0.03240715698730709
490.5610000000004,2.5683,9,5,203.08999999999997,11,0.29108845697894054,6.041451673159513,3,NCCCC[C@@H]1NC(=O)c2coc(n2)-c2coc(n2)[C@H](CCCCC(=O)O)N=C(O)C[C@@H]1CCN,-0.03320784973466315
512.5560000000004,2.5548,9,7,198.36999999999998,10,0.17949147332967158,5.224471794777989,2,COC(O)C[C@H]1CCC[C@H](CC(=O)O)c2c(O)cc(O)cc2CC(O)=N[C@@H](CCCCC(=O)O)NO1,-0.033333150826167654
515.5710000000004,2.4577,8,6,205.05999999999997,7,0.2990341620295966,6.0094368142690655,3,NCCCC[C@H]1NC(=O)c2coc(n2)-c2cccc(n2)NC(=O)C[C@@H](NC(=O)O)C[C@H](CCC)N=C1O,-0.03544165013088479
499.6010000000003,2.5889000000000006,8,6,177.11,8,0.09626247650533837,5.483350405386566,1,CO[C@H]1/C=C/C(=O)[C@@H](O)[C@@H](C)C[C@H](O)CC[C@H](CC[C@H](CCC(=O)O)C(O)=NO)[C@@H](O)/C=C(\C)C1,-0.035568952810000144
518.6040000000005,2.4935,10,6,187.36999999999998,14,0.08577759324859985,5.533882203504796,1,COC(O)=CNCC(O)=N[C@@H](C)C(O)[C@@H](C)C(=O)O[C@H](C)C[C@@H](C)C(O)[C@H]1CCC[C@@]1(C)OC(=O)O,-0.0372987300588113
512.6140000000003,2.5786000000000016,9,6,209.69,12,0.03519884931465259,5.275829882545842,2,CCC[C@@H]1NC(=O)[C@H](N=C(O)[C@@H](N)CSSC[C@H](N=C(O)O)c2cc([N+](=O)[O-])cc(N)c2)cc1,-0.04031036571404513
511.52800000000036,2.5843,9,7,214.21999999999997,9,0.06419790377028804,6.178354827929145,2,COC(O)[C@@H]1OC(=O)c2cc(cc(O)c2O)C[C@H](N=C(O)O)C(O)=N[C@@H](CCCCCCC)C(O)=N1,-0.04084871523071477
479.5300000000002,2.4777000000000005,8,6,195.26,7,0.1472459717779321,5.339778455927674,2,CCCCC[C@H]1OC(=O)c2cc(O)cc(O)c2C[C@@H](N=C(O)[C@@H](N)C(=O)O)[C@@H](C)C(O)=N[C@H]1C,-0.04190047732424971
511.58700000000033,2.5916900000000007,10,7,205.88,7,0.12508195560771182,5.599237329235082,4,COC(O)=NCCCCCNC(=N)c1cc2c(N)cc1Nc1nc(C)c(N)c(n1)CNC(=O)OCC=C\2,-0.04338390544891102
478.54600000000016,2.4746,8,5,188.38,9,0.20310687261380558,4.624509628403166,2,CCCCC[C@@H]1CCCC(=O)[C@H](CC(=O)NCc2ccc([N+](=O)[O-])cc2O)C(O)=N[C@@H](N)[C@H]1O,-0.04409446749876872
521.5270000000003,2.526000000000001,9,6,217.87999999999994,10,0.0868220953012709,5.082319288317438,2,COC(O)=Nc1ccc(N)cc1CCC[C@@H]1OC(=O)/C=C\C[C@H](NC(=O)OCCCN=C(O)O)C(O)=N1,-0.04429228957730743
504.6610000000003,2.3904,8,6,164.75,9,0.2041800267598553,5.112193074788882,1,CC[C@@H](O)[C@@H](C)[C@@H](O)[C@H]1CCCCC[C@H](C(=O)O)OC(=O)[C@H](CCCCC)CC[C@H](O)[C@@H](O)[C@H]1O,-0.04482014373024709
503.9800000000003,2.6132,8,8,201.57999999999996,12,0.06926834786849612,6.014127038977674,2,C[C@H]1[C@H](CCC(O)CC(O)Cl)c2cc(cc(O)c2O)[C@@H](N=C(O)[C@@H](CCCCN)N=C(O)O)O1,-0.04597434066955184
517.6160000000003,2.5772000000000004,7,6,194.17999999999998,10,0.2505915296215847,5.478789249208571,1,CO[C@H]1C[C@H](C)[C@@H](C)[C@H](C)C(O)C[C@@H](CCCC(=O)O)C(O)C(O)=N[C@@H](CC(=O)O)[C@@H]1CCC(=O)O,-0.04684942074348471
476.59600000000034,2.4878,7,7,191.05,8,0.15772214689523292,5.764149037984425,1,CC[C@H](O)[C@@H]1N=C(O)[C@@H](N=C(O)O)CSCC[C@@H](CO)C(O)=N[C@@H](CCCCC)C(O)=N1,-0.0470616963570156
505.5320000000003,2.6168000000000005,9,5,196.7,8,0.2032931965845172,4.91331223442889,3,CO/N=C(\NC(=O)NCCCC[C@@H]1NC(=O)c2coc(n2)-c2coc(n2)[C@H](C)CCN=C(O)O)CC1,-0.04801219111850689
506.46400000000034,2.6163999999999996,10,7,207.59999999999997,6,0.22366812973966943,5.825815909704513,3,COCCC[C@@H]1OC(O)=Nc2cc(cc(O)c2O)-c2cc(cc(O)c2O)C[C@H](CC(=O)O)NC(=O)O1,-0.04832149401663822
501.5770000000001,2.3788,8,8,208.14999999999995,6,0.1523189038725931,5.844583164821545,1,CC[C@H](O)[C@@H]1CC[C@@H](C)[C@H](O)CCC[C@H](OCCN=C(O)O)[C@@H](O)/C=C/C(O)=N\C(O)=N/C=C1O,-0.04858248775021715
490.6230000000002,2.383000000000002,7,7,191.05,6,0.21783342995027544,6.150402225389097,1,CCC(O)[C@@H](N=C(O)O)[C@@H]1CSC[C@@](C)(O)C(O)=N[C@@H](C(O)=N[C@@H](C(C)C)C(O)=N1)C(C)C,-0.05041777976071454
515.6520000000003,2.6003000000000034,7,7,202.57999999999998,12,0.19197848089611805,5.627620622323924,1,COC(C)[C@@H]1N=C(O)[C@@H](CCCCCNC(=O)O)N=C(O)[C@H](CCCCN)N=C(O)[C@@H](C)C(O)[C@H]1C,-0.0508876686044875
525.5510000000002,2.4944000000000006,10,7,214.40999999999997,9,0.081691780417811,5.3942001274583244,2,C[C@H](O)[C@H](CCCC(=O)O)C[C@@H]1CCC(=O)c2c(O)cc(O)c(O)c2C(=O)O[C@@H](N=C(O)C(O)C)[C@@H]1C,-0.051151070409132506
495.5250000000002,2.3725000000000005,9,6,186.33999999999997,3,0.20642250311923774,5.066042427762152,2,CO[C@H]1/C=C\C(=O)[C@@H](O)[C@@H](O)CCCCC[C@H](N=C(O)O)c2cc(O)cc(O)c2C(=O)O[C@H]1CC,-0.05177936365000996
519.5030000000003,2.5853,10,5,184.57,7,0.2056769477473456,5.255614078382646,3,COc1c2cc(c(O)c1OC)CCC[C@H](N=C(O)OCc1cc(O)cc(O)c1)C(=O)O[C@@H](CC(=O)O)C2,-0.05182318434832084
486.5660000000003,2.613900000000002,7,6,197.11999999999995,8,0.13012168719529596,5.577219572931008,1,COC(=O)[C@@H]1C[C@H](C)[C@H](O)[C@@H](C)C(O)=N[C@@H](CCCCCCN=C(O)O)C(O)=N[C@@H](C)C(O)=N1,-0.052892372077644946
510.5800000000002,2.623700000000001,9,6,181.82,9,0.21329246833913013,4.904512819450776,2,C[C@@H](O)C(=O)[C@@H]1[C@@H](C)CCCC[C@H](O)[C@H](CCCC[C@H](O)CC(=O)O)c2cc(O)cc(O)c2C(=O)O1,-0.053814644846919224
475.5500000000003,2.5616699999999994,9,5,170.89,14,0.11830961138738968,5.608506769307838,3,CN=C(O)NCCCNC(=N)CCCCCCNCC[C@@H]1OC(=O)c2coc(n2)-c2coc1n2,-0.05476970169719689
504.6210000000002,2.3643000000000005,8,6,178.14,8,0.1252228897114568,4.954288233302895,1,CC(C)(C)OC(=O)NCC[C@@H]1CCC[C@@H](C)C[C@H](O)[C@@H](CCCCN=C(O)O)OC(=O)[C@H](O)[C@H]1O,-0.05506117474228083
516.6360000000003,2.610570000000003,8,8,222.26999999999995,12,0.10820635976008543,5.448825912396122,1,C[C@@H]1CCCC(O)CC[C@H](OC(O)=N[C@H](CCCCCN)C(=O)O)C(O)=N[C@H](CCCC(=N)O)[C@H]1O,-0.05534565898062966
524.6110000000002,2.5641000000000007,8,7,189.14,11,0.09800833721046479,5.015775394973531,2,CCN[C@H]1C[C@@H](C)CC(O)C[C@H](OCCN=C(O)CCC(=O)O)[C@@H](CC(=O)O)c2cc(O)c(O)cc2C1,-0.05549968363873849
507.5360000000003,2.6366000000000005,9,6,194.17999999999998,6,0.14415111539662734,5.108313378772702,2,CO[C@H]1/C=C\C(=O)[C@@H](CCC(=O)O)[C@@H](O)CC(=O)CCC[C@@H](c2cc(O)cc(O)c2C(O)=NO)[C@@H]1C,-0.056680638528513766
514.4910000000002,2.6224,10,6,188.03999999999994,5,0.06581246991898355,4.29367468409155,3,COC(O)=Nc1ccc2c(c1)NCCC[C@H](NC(=O)/C=C/c1cc(C(=O)NO)cc(O)c1)COC(=O)O2,-0.05689497274803827
507.54400000000044,2.6376,10,6,198.14999999999998,7,0.10552806580057615,5.46565373480879,2,COC(O)C(O)=Nc1ccc2c(c1)/N=C(\C)C(O)C[C@H](CCCCC)N=C(O)OC(=O)CNC(O)=N2,-0.05707056460207858
528.5550000000003,2.4975,9,8,222.08999999999995,3,0.12310375651291881,5.503900669916408,2,CC[C@H]1O[C@@](C)(O)c2cc(O)c(O)cc2CCC(=O)O[C@@H](N=C(O)O)CCCCC[C@H](N=C(O)O)[C@@H]1O,-0.05711875436316926
471.55100000000016,2.48717,9,6,185.25,7,0.1413944077214505,5.736146069733936,1,CO[C@H]1/C=C\C(=O)[C@@H](C)[C@@H](O)CCCC[C@H](OC(=N)CCC[C@H](O)C(O)=NO)[C@@H](C)C(O)=N1,-0.0571289753802741
497.63300000000015,2.35727,8,8,192.83999999999997,4,0.09527845377139228,5.710336002767908,1,C[C@@H]1CCCC(O)CC[C@H](OC(N)=N\O)[C@@H](CO)/C=C\C=C(/CC(=N)O)C(O)[C@@H](C)/C=C(\C)[C@H]1O,-0.057287932586191206
474.5870000000002,2.5676000000000005,9,5,182.43,8,0.1672539685260395,5.37905855866771,3,NCCCCC[C@@H]1N=C(O)[C@H](CCCN)N=C(O)c2csc(n2)-c2cccc(N)c2OC1=O,-0.05757120700489063
523.5390000000002,2.4161,9,7,218.56999999999996,7,0.06905886259068099,5.046458021542774,2,CCCCC[C@@H]1OC(=O)c2cc(O)cc(O)c2CCC(=O)N[C@@H](CC(=O)O)C(O)=N[C@@H](C(O)=NO)[C@H]1C,-0.05781532395481354
476.5340000000003,2.5847999999999995,9,4,178.09999999999997,10,0.3749881623773456,5.945042041954041,3,CCNC(=O)[C@H](N)CCCCC[C@@H]1NC(=O)c2coc(n2)-c2coc(n2)[C@H](CCC)N=C(O)O1,-0.057906640586377796
491.54500000000024,2.6393700000000004,8,5,187.24,13,0.06949711977984056,4.332792320012661,2,CCCCCCCOC(=O)C[C@@H]1NC(=O)[C@H](NC(=N)c2cccc([N+](=O)[O-])c2N=C(O)[C@@H](C)O)C1,-0.0582562237361812
496.51700000000017,2.3539999999999996,10,7,202.52999999999997,8,0.2617344945880359,4.8989182524561325,2,CO[C@H]1CCCCC[C@H](CCC(=O)NCC(=O)CO)C(O)=Nc2cc(NO)cc(O)c2N=C(O)O1,-0.05881398775801563
490.52100000000036,2.3607,9,6,220.47,9,0.1709411294381792,6.289726709184386,3,CN=C(O)NCCC[C@@H]1N=C(O)c2coc(n2)-c2coc(n2)[C@@H](CCCCCN)N=C(O)N=C1O,-0.058856810684915405
513.6130000000003,2.6313000000000004,8,7,194.93,7,0.16282007143409544,5.259097164604258,2,CCCCNC(=O)O[C@@H]1CSCc2cc(O)cc(O)c2C(O)C[C@H](N=C(O)O)[C@@H](CC(N)=O)[C@@H]1C,-0.05915746340065679
510.58800000000025,2.360900000000001,11,4,178.77,8,0.17547540872307488,5.294810056823122,2,CCN=C1CCCC(N)C(OC)CC(=O)OC(C(C)C(O)CNc2ccc([N+](=O)[O-])cc2O)C(C)O1,-0.05953345761838449
520.6300000000003,2.3927000000000005,8,6,201.46999999999994,10,0.18332128322637817,5.141204449101688,1,CC(=O)N[C@@H]1CSSC[C@@H](CCCC(=O)O)N=C(O)[C@H](CCCCC(=O)O)N=C(O)CN=C1O,-0.059535821149960116
495.5250000000002,2.6489000000000003,8,6,194.18,9,0.2772063042277977,4.9737480708864945,2,COC(O)CC1CCC(=O)CCCC(CCc2cc(O)cc(O)c2C(=O)O)C(CC(=O)O)C(O)=N1,-0.060228698309028765
503.63300000000027,2.3499000000000003,8,6,177.10999999999999,12,0.17224123367378977,5.128381383445026,1,CC(C)[C@H]1C[C@H](CC[C@@H](O)CCCCC[C@@H](CC(=O)O)O)OC(=O)C[C@H](O)CCN=C(O)C[C@@H]1O,-0.060478065081482166
510.5400000000003,2.6425,8,7,209.7,7,0.21043742003739524,4.96437657571134,2,CO[C@@H]1CCCC(O)c2cc(O)cc(O)c2CCC[C@@H](N=C(O)/C(O)=N/[C@@H](CCC(=O)O)C(=O)O)c1,-0.06077307298467002
490.57500000000033,2.3552,8,5,182.82,13,0.14584843457764413,4.659084349732257,1,CCCC[C@H]1OC(=O)[C@@H](N=C(O)[C@@H](NC(=O)CC(CC(=O)O)O)CCSC(=O)O)CC(C)C1,-0.060910170743480735
482.5740000000004,2.6327,8,4,159.19,8,0.322529135987072,5.64841906771341,2,CNC(=O)[C@@H]1C[C@@H](C)[C@H](O)C[C@@H](C)C[C@H](O)[C@@H](CCCCCCC(=O)O)OC(=O)c2coc(n2)-1,-0.06349919923904501
502.5650000000002,2.3404000000000016,8,6,206.34999999999997,11,0.1806801300495932,5.611102662063126,1,CO[C@@H](N=C(O)[C@@H]1CCC[C@@H](N=C(O)OCC[C@@H](CCC(=O)O)O)C(O)=N[C@@H](C)C(O)=N1)C(C)C,-0.06404578440459546
519.6320000000002,2.6290999999999993,9,6,186.33999999999997,10,0.08232426620705138,5.103580543479325,1,CCCCC[C@H]1CCCCC[C@H](O)CC[C@@H](OC(O)=N[C@H](O)[C@H](O)O)C(=O)O[C@H](CCC(=O)O)[C@@H]1C,-0.06487180663431534
467.4710000000003,2.4936,9,4,172.18,5,0.4712909497558822,4.752518487057584,2,COC(=O)[C@@H]1CCC[C@@H](C)[C@H](OC)c2cc(O)cc(O)c2C(=O)O[C@@H](CCC(=O)O)C(O)=N1,-0.06510834788258665
503.60400000000044,2.662,9,5,198.38,7,0.37663284330488833,6.152564608768083,3,CNC(=O)[C@@H]1CCCCN=C(O)c2coc(n2)-c2coc(n2)[C@H](CCCN)N=C(O)C[C@@H]1CCCN,-0.06519965693161282
505.53200000000044,2.3374999999999995,10,5,214.18,9,0.1441826464857115,6.2452720594371325,3,CN=C(O)NCCC[C@@H]1N=C(O)c2coc(n2)-c2coc(n2)[C@@H](CCCCCN)N=C(O)OC(=O)C1,-0.06593490802298921
532.6460000000005,2.541400000000002,10,6,224.4,12,0.21889939123007737,6.197315185648618,3,NCCCC[C@@H]1NC(=O)c2coc(n2)-c2coc(n2)[C@@H](CCCCCN)N=C(O)C[C@H](CCCN)N=C1O,-0.06735932648119461
533.6590000000003,2.4800000000000004,8,7,197.34,7,0.14491664802588633,5.4105028127418535,1,CC[C@@H]1CCC(O)C[C@H](O)[C@H](C[C@H](CCC(=O)O)O)OC(=O)C[C@H](N=C(O)O)CCC[C@@H](C)C(O)[C@@H]1C,-0.06779168919565352
501.57700000000034,2.3283000000000005,7,6,201.82999999999998,7,0.13090588177836268,5.150623480393731,1,COC(=O)[C@@H]1CCCCC[C@H](N=C(O)/N=C(\O)CCCCC(=O)O)C(O)=NCC(O)C(C)C(O)C1,-0.06875238262053163
484.5790000000003,2.3439,8,6,195.54000000000002,7,0.1810075919999702,6.470315782442592,3,CCCCC[C@@H]1N=C(O)[C@]2(C)CSC(=N[C@H](N=C(O)O)C(=NCCO)CCN=C1O)C(O)=N2,-0.06964181620262326
473.5440000000001,2.3865199999999995,9,6,177.10999999999999,12,0.11426484509649418,4.518762997356827,1,CCCCC(C)OC(=O)c1cc(O)cc(C)c1C[C@@H](N=C(O)[C@@H](O)C(O)O)CSC(=O)O,-0.0697145136108687
482.5450000000002,2.34907,9,4,168.41999999999996,6,0.23234977527544978,4.981153786398111,4,N=C(N)NCCCOCN1CCCCCCNC(=O)c2coc(n2)-c2cccc(n2)-c2coc1n2,-0.06973870147916408
473.61100000000016,2.61467,8,6,164.68999999999997,13,0.10277842368266471,5.127270361565499,1,CCCCNCCCCCC[C@H]1OCC[C@H](C)C(O)[C@H](O)C(O)=N[C@@H](CCC(=N)O)C(=O)O1,-0.06992417827904708
523.6310000000003,2.3695999999999993,8,6,178.96999999999997,9,0.12259493242321011,4.162162849772024,2,COC(O)N=C(N)NCCCCCCN1CCCCCCCCNC(=O)c2c(O)cc(O)cc2OC1=O,-0.07038723068852823
530.6190000000003,2.590600000000002,9,7,220.01,4,0.09313807611495929,6.004789487007635,1,CO[C@@H]1C/C=C(\C)C[C@H](C)[C@@H](O)C(O)C[C@H](C)C[C@H](OC(N)=O)C(O)=N[C@@H](CC(O)=NO)[C@@H](C)C(O)=N1,-0.0711577841420046
532.6450000000001,2.4253000000000005,10,6,226.75999999999996,12,0.0752410317217437,5.184382140243604,2,NCCCC[C@@H]1N=C(O)[C@@H](CCCCCCN)N=C(O)c2c(N[N+](=O)[O-])ccc(O)c2SS1(=O)=O,-0.07180249647470494
510.50300000000027,2.6731999999999996,10,6,182.82999999999998,2,0.2579045491003934,6.10194205470491,4,CO[C@@H]1CCC(O)=Nc2cc(cc(O)c2O)-c2cc(Nc3ncccc3c2)C[C@H](C(=O)O)NCC(=O)O1,-0.07239454700459144
498.5290000000003,2.680900000000001,9,7,214.17999999999998,9,0.15000228078259095,5.171715591686693,2,CC[C@@H]1CCC(O)[C@H](CCC(=O)O)C(O)c2cc(O)cc([N+](=O)[O-])c2N=C(O)[C@H]1CCCC(O)O,-0.07241978296018335
490.5900000000003,2.3249000000000004,9,5,170.81999999999996,7,0.26338519760209184,5.187810451332911,1,CCCCC[C@H]1CC(=O)CC[C@H](C)[C@@H](O)C[C@@H](O)C[C@](CC)(O)C(O)[C@@H](CC(=O)O)OC(=O)O1,-0.07252443726082922
526.5680000000002,2.3761,9,7,217.34999999999994,4,0.22425424580511183,5.759034189526096,2,COC(=O)N=CC[C@@H]1CSCc2cc(O)cc(O)c2CC[C@H](N=C(O)O)C(O)=N[C@H](C(O)=N1)C(O)C,-0.07266104937309976
497.62200000000024,2.3180700000000023,8,7,188.44999999999996,11,0.10408505683409902,6.085551475683621,2,CCNC(=O)CC[C@@H]1N=C(O)c2coc(n2)[C@H](CCCCNC(=N)NO)N=C(O)C[C@@H]1CSC,-0.07292724813127026
518.6000000000004,2.6647999999999996,9,5,187.88999999999996,10,0.21115353239290627,5.417321781804704,1,CC[C@H](C)[C@@H](CC(=O)O)[C@H]1C[C@@](C)(O)CC[C@](C)(O)[C@H](O)CC(=O)[C@@H](CCCCC(=O)O)OC(=O)O1,-0.07569204978067401
520.6490000000001,2.663200000000001,8,8,200.28000000000003,7,0.14211858108853556,6.0794995052229,1,CC[C@H](O)[C@@H](N=C(O)[C@@H]1OCCCCCC[C@H](N=C(O)O)C(O)=NC(O)[C@H](C)C(O)=N1)[C@@H](C)CS,-0.07724637987634163
488.54000000000025,2.6854000000000005,10,5,178.46999999999997,5,0.177980368199396,5.218434640306071,2,COC(=O)[C@@H](N=C(O)[C@@H]1CSSC[C@H](N=C(O)O)c2cc(O)cc(O)c2C(=O)O1)C(C)C,-0.07762107961114689
475.5500000000003,2.3445000000000014,9,5,201.86999999999998,8,0.21556902301089786,6.433938195800195,3,CCCCN=C(O)[C@@H](N)[C@@H]1CCN=C(O)c2coc(n2)-c2coc(n2)C[C@H](CCCN)N=C1O,-0.07912047775386517
476.4670000000001,2.3408999999999995,6,6,193.63,6,0.14539787668144272,5.24621066892861,1,C/C=C/CNC(=O)[C@H]1CCCCC[C@H](N=C(O)OP(=O)(O)O)C(O)=N[C@@H](C(C)C)C(O)=N1,-0.07915338246720732
500.5410000000003,2.301799999999999,9,6,191.04999999999998,12,0.13084899299091626,5.280438158490547,1,CCOC(O)=C1C(C)C(OC(=O)C(O)C(C(=O)O)C=CC(C)C(CC)CC(=O)O)C=C(O)C(O)C1,-0.0792873831325013
496.5530000000003,2.7024000000000012,7,7,192.81999999999996,8,0.2630823705128045,4.80891982086427,2,CC[C@H](O)[C@@H]1CC[C@H](CCC(=O)O)c2cc(O)c(O)cc2C[C@@H](C(=O)O)CC[C@@H](CC(=O)O)[C@@H]1O,-0.08125299278180512
488.54900000000026,2.304570000000001,11,6,210.9,8,0.29661293411457784,6.363954681212357,3,C/C=C1/NC(=N)[C@@H](CCCCN)C(=O)c2coc(n2)-c2coc(n2)[C@H](CCCCN)N=C(O)NO1,-0.0814577386624495
522.5310000000003,2.32969,9,6,204.07999999999996,7,0.28828331058771484,4.854058772762388,2,CCOC(=O)CNC(=O)CC[C@H]1N=C(O)[C@](NC(=O)O)CC[C@@H](C)[C@H](C)c2cc(O)cc(O)c2C(=O)O1,-0.08167902558184728
494.5450000000003,2.7033000000000014,7,5,186.53999999999996,6,0.37328455031813823,4.953343629141304,2,CCCCNC(=O)[C@@H]1CCCN=C(O)c2coc(CC(=O)O)c2CN=C(O)C[C@@H](C)N=C(O)OC1,-0.08204858621572998
506.6330000000003,2.702900000000002,9,7,177.14,7,0.15424019298968783,5.50105514925991,1,CCCCO[C@@H]1CC[C@@H](C)[C@H](OC(=O)O)[C@H](O)[C@@](O)(O)CC=C(O)C[C@H](CCC)[C@@H](O)[C@@H](C)C1O,-0.0822370497768502
537.5620000000004,2.4153,9,7,214.41,7,0.1979364828202768,5.221826289468604,2,CO[C@H]1/C=C\C(=O)[C@@H](CCCC(=O)O)c2c(O)cc(O)c(O)c2CCC[C@@H](C)C(O)C(O)=N[C@@H]1CC(=O)O,-0.08241037420131103
510.54400000000027,2.2992,8,9,231.50999999999993,3,0.16456665693333244,6.511338456679546,3,C[C@H](O)[C@H](CCCC(O)=N[C@H]1O)c2cc(O)c(cc2O)CN=C(O)[C@H](C(C)C)N=C(O)[C@@H]1N=C(O)O,-0.08304219496135701
517.5760000000002,2.3096000000000014,9,7,214.21999999999997,7,0.08594581865762223,5.742470339397691,1,CO[C@H]1/C=C\C(=O)[C@@H](C)[C@@H](O)CCCC[C@H](O)[C@@H](OC(O)=NO)C[C@@H](CCCCN=C(O)O)C(O)=N1,-0.08388091978513318
516.6360000000002,2.6926000000000023,7,7,200.28,6,0.15853511400231898,6.107005841225774,1,COCCC[C@@H]1N=C(O)[C@@H](C)CCC(O)[C@H](N=C(O)[C@@H](N=C(O)O)C(O)=N[C@@H](C)C(O)[C@@H]1C)C(C)C,-0.08391774296297635
474.59500000000025,2.3322,7,7,183.39999999999998,7,0.2741147977252184,5.232942940952604,1,C[C@@H]1CCCC[C@H](CCCCCC(=O)O)C(O)[C@H](O)CCC(O)=NC(O)C[C@@H](CO)C(O)=N1,-0.0841828397002617
531.6030000000004,2.360300000000001,9,7,214.21999999999994,9,0.07575326734560417,5.951905147866489,1,COC(O)C(CCC1OC(=O)C(O)=N[C@H](O)CCCCCC[C@H](N=C(O)O)C(O)=N1)C(C)=CCC(C)O,-0.08436570888696462
475.5060000000003,2.3272,9,4,193.95000000000002,10,0.22643467201930065,6.215874280956348,3,CN=C(O)N=CCCCCO[C@@H]1NC(=O)c2coc(n2)-c2coc(n2)[C@@H](CCCCN)N=C1O,-0.08471952870501548
463.49100000000027,2.6075999999999997,8,4,193.23,9,0.10706492451365823,5.008917950463889,2,NCCCC[C@@H]1N=C(O)[C@@H](N=C(O)c2cccc([N+](=O)[O-])c2)C(O)=N[C@H](CC(C)C)C(=O)O1,-0.08475889289036231
487.5500000000003,2.297200000000002,7,6,201.82999999999998,5,0.3361393726572567,5.281150764816046,1,CO[C@@H]1CCCCC[C@H](O)[C@@H](CC(=O)O)C(O)=N[C@@H](CC(=O)O)C(O)=N[C@@H](C)C(O)=N[C@H](C)C1,-0.0848555502015033
535.6310000000004,2.6219000000000006,11,7,198.72999999999996,8,0.1368787447053592,5.630553280357141,1,COC(O)=C1N=C(O)[C@@H](CCC)C(O)[C@@H](O)C(O)C[C@@H](C)C(O)C[C@@H](CCCCCC)[C@@H](O)OC(=O)O1,-0.08634703378808181
525.5510000000003,2.3247999999999998,9,7,214.41,7,0.2563794578420748,5.067295439147177,2,C[C@@H]1CCCC[C@@H](CC(O)CO)c2c(O)cc(O)cc2C(=O)O[C@H](CC(=O)O)C(O)=N[C@@H](CC(=O)O)C1,-0.08673304332260036
494.54500000000036,2.2833999999999994,9,6,192.79999999999995,12,0.14256563522400104,4.755693948624327,2,CNC(=O)C[C@@H]1N=C(O)c2cc(NCCCC[C@@H](N)C(=O)O)cc(O)c2OC(=O)O[C@@H]1CCCC,-0.08732421027412744
459.54000000000013,2.5854,7,7,195.76,11,0.08039178541357521,5.433548682673139,1,C[C@@H]1CCC[C@H](C)[C@@H](O)[C@@H](CCCC[C@H](O)C(O)=N[C@@H](CCC(=O)O)C(O)=NO)C(O)=N1,-0.08783479948175411
522.69,2.691000000000001,10,8,191.05,13,0.026439154550474256,5.979521042795225,1,C[C@@H]1N=C(O)CN=C(O)C[C@H](CCCCCCCC(=NO)C(O)O)[C@H](N=C(O)CO)[C@H]1CSS,-0.08886115236705003
525.5990000000004,2.3181999999999996,9,7,207.64999999999998,7,0.11953469198373272,5.139286084891189,2,CO[C@@H]1CCC(O)Cc2cc(O)cc(O)c2CCC[C@H](N=C(O)O)C(O)=N[C@@H](CCCCCN)C(=O)O1,-0.08893499650868664
522.5950000000004,2.6935,8,7,189.13999999999996,9,0.11061474555399742,5.155609130453666,2,C/C=C(\C)[C@H](O)[C@@H]1NC(=O)CCC[C@H](O)[C@@H](N=C(O)CCCCCC(=O)O)Cc2cc(O)cc(O)c2O1,-0.08962642523274067
512.5120000000003,2.7158000000000007,9,7,218.92999999999995,7,0.09250989169463897,5.19030143936021,2,CO[C@H](CCCC[C@@H]1OC(=O)c2c(O)cc(O)c(O)c2CCC(=O)O)C[C@@H](N=C(O)O)[C@H](C)C(O)=N1,-0.08987403949973581
518.6440000000002,2.7045000000000003,7,7,192.81999999999996,10,0.21139699662364292,5.366912001963135,1,CC[C@H](O)[C@@H](CC(=O)O)[C@@H]1CCCC[C@H](C)[C@H](CC(=O)O)C[C@@](C)(O)[C@](O)(O)[C@H](CCC(=O)O)[C@@H]1C,-0.08989791401361913
502.5200000000001,2.2752700000000003,9,8,192.79,7,0.12047451151856922,4.574902076220553,3,C/C=C1/[C@H]([C@H](C)O)C(=O)c2c(O)cc(OCCCNC(=N)O)cc2O[C@@H](c2ccc(O)cc2O)[C@@H]1O,-0.09003317868430491
500.5450000000003,2.725600000000001,9,5,195.54,8,0.08249498429615408,5.482456830269662,1,COC(=O)[C@@H]1CCCC(=O)O[C@@H](N=C(O)C[C@H](CCC(=NO)O)C(=O)O)C(C)=C[C@@](C)(O)C(C)C1,-0.0902465827607897
500.51200000000017,2.2742000000000013,10,5,188.77999999999997,9,0.21520487826881185,6.084123341276377,4,C/C=CN\C(=O)NCCCCCC[C@H]1NC(=O)c2coc(n2)-c2coc(n2)-c2coc(n2)[C@H]1C(O)O,-0.09032580459647124
509.50800000000027,2.2775,10,6,203.41,5,0.19291452749823948,4.968214202912116,2,COCC[C@H]1CCCC[C@H](O)CC(=O)/C=C\c2c(O)cc(O)c(O)c2C(=O)O[C@H](CC(=O)O)N=C1O,-0.09100883614243196
516.6320000000003,2.7120000000000015,9,6,181.62999999999997,12,0.043190766129972955,5.805513143140736,1,CO[C@H]1/C=C(/C)[C@H](C)[C@H](OC(O)=NCCCC(O)=NO)[C@@H](C)C(=O)C(CCCC[C@H](O)C(O)O)[C@@H]1C,-0.09109079918411157
537.5720000000002,2.6287800000000003,8,6,209.77,13,0.06607287812854622,5.21920925509702,1,N#CCC[C@H]1NC(=O)C[C@H](CCCCCCCCSP(=O)(O)O)OC(=O)CC[C@@H](N=C(O)O)[C@@H]1O,-0.09110492236976048
476.61100000000016,2.3044000000000002,7,6,164.55999999999997,6,0.1930244360752889,5.439045636767863,1,C[C@@H]1CCC[C@H](C)[C@@H](C)C(O)CCC[C@@H](OCCCO)C(O)=N[C@@H](CO)[C@@H](N=C(O)O)CO1,-0.09115744009130552
511.48400000000015,2.7228000000000003,10,7,231.29,8,0.08808981012826307,5.437982010335626,2,CC[C@H]1OC(=O)C[C@@H](CCCC)c2cc(O)cc(O)c2C(=O)O[C@@H]1N=C(O)[C@@H](N=C(O)O)C(O)=NO,-0.0920320782336248
516.6360000000002,2.284500000000002,7,8,211.27999999999997,11,0.15028629354468132,6.441926156886521,1,CC[C@H](C)[C@@H](CO)[C@H](O)C[C@H](O)[C@@H]1N=C(O)[C@H](N=C(O)O)[C@@H](C)C(O)=N[C@H](C(O)=N[C@H](C)CC)[C@@H]1C,-0.09239840899063076
475.5500000000003,2.3036000000000003,8,5,180.9,9,0.3423901099707594,5.887788195800195,3,CCNC(=O)NCCCC[C@@H]1NC(=O)c2coc(n2)-c2coc(n2)[C@H](CCCN)N=C(O)[C@@H]1C,-0.09253585035001258
510.9680000000003,2.2751,8,7,209.7,13,0.04791455393060132,5.4872099441477875,1,C[C@@H]1O[C@H](CCCCC[C@@H](CC(=O)O)Cl)C(O)C(O)[C@@H](CC(O)=NO)[C@@H](CCC(=O)O)C(O)=N1,-0.09259584059772889
522.5590000000003,2.7028,10,5,218.88999999999993,14,0.07976366578179032,5.083860971948624,2,COC(O)[C@@H](N=C(O)N=CCCC[C@H](N)C(=O)c1coc(n1)-c1coc(n1)[C@H](C)C[C@H](C)C)NC(=O)O,-0.09282288685448242
515.6040000000004,2.7200000000000006,8,6,201.82999999999996,4,0.3042429298076279,5.2940955710017645,1,C[C@H]1CCCC[C@@H](CCCC(=O)O)C(O)=NCC[C@@H](O)C(O)=NC(O)CCCCOC(=O)CN=C1O,-0.09336990555848332
454.47200000000015,2.555400000000002,9,5,170.82,9,0.16157279324868748,4.373588727037303,2,CCC(O)[C@@H]1CCC[C@H](COC(=O)CCCCC(=O)O)c2c(O)c(O)cc(O)c2C(=O)O1,-0.09371371690419698
537.5660000000004,2.64058,12,4,203.14999999999998,15,0.18827153195869314,4.760328136720682,2,N#CCCO[C@@H]1OC(=O)c2cc(OCCCCCCO)cc(O)c2C(=O)O[C@H](CCCCCN)N=C(O)O1,-0.09384484667790825
546.6540000000005,2.5359999999999996,8,6,198.89,8,0.24445307586771042,5.362255482990298,1,CC[C@H]1OC(=O)[C@@H](CCCC(=O)O)[C@H](C)[C@@H](O)[C@@](C)(O)C[C@@H](C)[C@@H](C)C[C@@H](C(=O)O)[C@@H](O)C[C@H]1CC(=O)O,-0.09441262025809984
512.5520000000004,2.7309000000000014,9,6,191.04999999999998,5,0.3178962401302079,4.92348775997417,2,C[C@@H]1CCC[C@@H](CC(=O)O)c2cc(O)cc(O)c2C(=O)O[C@@H]([C@H](O)CC(=O)O)CCC[C@@H](C)C(O)O1,-0.09571092109054298
519.6320000000003,2.2815000000000003,9,6,186.33999999999997,8,0.157740794347372,5.3617530568996585,1,CCCC[C@@H]1CCCCC[C@H](O)C[C@H](OC(O)=N[C@@H](O)CC(=O)O)CC(=O)O[C@H](CO)C(C)(O)[C@@H]1C,-0.09581451714641172
483.47000000000025,2.7269000000000005,9,5,192.40999999999997,4,0.24008675048279035,4.874203667673854,2,CO[C@H]1CCCCC[C@H](CC(=O)O)c2cc(O)cc(O)c2C(=O)O[C@@H](N=C(O)O)[C@H](C)C(=O)O1,-0.09659369130538499
483.6060000000002,2.7311699999999997,8,5,164.18999999999997,7,0.12122327496770866,5.2132264327935545,1,CCCCCCNC(=O)O[C@@H]1C[C@H](C)C[C@H](O)[C@@H](C)/C=C(\C)[C@H](OC(N)=N)[C@@H](O)/C=C\C(=O)O1,-0.09810904121435467
473.57100000000014,2.7149000000000036,8,6,195.06999999999994,7,0.14036634724118738,5.9145599724321976,1,CO[C@H]1C[C@H](C)C[C@H](C)[C@@H](OC(O)=N[C@@H](CCCN)C(O)=NO)[C@@H](C)C(O)=N[C@@H](C)C(O)=N1,-0.1009112965133251
507.5360000000004,2.2498999999999993,9,5,187.53,16,0.12536864970158265,4.208838173159329,1,COC(=O)[C@@H](CCC(=O)O)Nc1ccc(O)c(c1)/C=C/C[C@H](C)[C@@H](O)C(=O)C[C@@H](C)C(=O)CC(=O)O,-0.10116900110211663
510.54000000000025,2.7513200000000007,9,6,198.7,6,0.14306437245288597,5.472756623221552,2,CCCCC[C@@H]1OC(=O)c2c(O)cc(O)c(C)c2CC(=O)O[C@@H]([C@H](C)O)[C@@H](N=C(O)O)[C@H](C)C(O)=N1,-0.1027143864509742
511.52400000000034,2.751400000000001,9,6,203.40999999999997,7,0.1783167798038131,4.995652791936857,2,CO[C@@H]1CCCC[C@H](O)c2cc(O)cc(O)c2C(=O)O[C@@H](N=C(O)[C@H](C(=O)O)CCC(=O)O)C(C)C1,-0.10316745564372577
510.58800000000025,2.245800000000001,9,5,204.46,7,0.14709415187045122,5.278669877108029,1,C/C=C1\N=C(/C(=O)[C@@H](N)C(=O)CCCCCC[C@H](N=C(O)OCCCC(=O)O)C(O)=N1)C(C)C(O)C,-0.10386166461211734
516.5590000000003,2.252300000000001,11,4,206.31,8,0.23005526576610918,6.754608855689184,3,CN=C(O)OCC[C@@H]1NC(=O)c2coc(n2)-c2coc(n2)[C@H](C(C)C)N=C(O)[C@@H](N=CCCCN)N=C1,-0.10446840825819054
536.6690000000002,2.312900000000001,10,5,178.46999999999997,9,0.21558947562722555,5.521149153470654,1,CO[C@H]1/C=C\C(=O)[C@@H](O)[C@@H](O)CCCCC[C@H](N=C(O)[C@H](OCCCC(=O)O)C(O)=N1)CSSC,-0.10478305132033525
493.51300000000026,2.760800000000001,10,4,180.82,6,0.1522198159298996,4.92695244335613,2,CO[C@@H]1C/C=C(/C)COC(=N\O)[C@@H](CCC(=O)Nc2ccc([N+](=O)[O-])cc2O)C(=O)C[C@@H](C)[C@H]1O,-0.10512367514504081
460.56800000000027,2.326,7,5,161.39999999999998,8,0.34477448960638063,5.355271342710223,1,COCCO[C@H]1CCC[C@H](C)[C@H](O)[C@H](C)[C@@H](C)C(O)C(O)=N[C@@H](CCCC(=O)O)C(O)=N1,-0.10518407909945264
502.47600000000034,2.7629,10,5,198.83999999999997,6,0.12663177789008156,5.295999067505262,3,C[C@@H]1C[C@H]2O[C@@H]2/C=C\C=C\C(=N/O)c2c(N=CCC(=O)O)c(O)cc(O)c2C(=O)O[C@H]1CCC(=O)O,-0.10527653064192427
502.64900000000017,2.7632,7,7,183.39999999999998,7,0.25911808585665097,5.227683083849884,1,CC(C)[C@H]1CCCC[C@@H](CCCCCC(=O)O)CC(O)C(O)CC(O)=NCC(O)CC(O)C(O)=N1,-0.10541322120113773
505.60500000000036,2.2374999999999994,9,6,186.33999999999997,6,0.17748802075895465,5.796740564215172,1,CCC(O)CC(O)=N[C@@H]1C[C@@H](C)[C@H](O)[C@@](C)(O)C[C@@H](C)C(O)[C@H](C)[C@@H](C)[C@H](CC(=O)O)OC(=O)O1,-0.10559670496753233
451.4320000000002,2.3933999999999997,9,4,184.30999999999997,7,0.12060213470492835,5.070287563545621,2,COC(O)C(O)=N[C@@H]1CCCCC[C@H](N=C(O)/C=C/c2cc([N+](=O)[O-])cc(O)c2)C(=O)O1,-0.10608285486354492
500.5930000000005,2.2337000000000016,8,6,207.61999999999998,13,0.09462305638448845,5.270956370481635,1,NCCCC[C@@H]1N=C(O)C(O)CN=C(O)C[C@@H](N=C(O)CCCCCCCC(=O)O)C(=O)O[C@@H]1C,-0.10652660229257228
466.48700000000025,2.2926,8,6,199.96999999999997,6,0.3378122717266443,4.826915894144879,2,C[C@@H]1CCCC[C@H](CCC(=O)O)c2cc(O)cc(O)c2C(=O)O[C@H]([C@H](N)CC(=O)O)C(O)=N1,-0.10665292436684481
474.4660000000002,2.7359999999999993,8,6,181.63,6,0.12051093297933833,5.966445826733092,3,CCCCOC(O)C1OC(=O)c2cc(ccc2O)-c2cc(ccc2O)C[C@H](N=C(O)O)C(O)=N1,-0.10732800484496073
517.6450000000003,2.7552000000000003,8,5,178.10999999999999,10,0.2151246896284487,5.185782332020097,1,CCCCCC[C@@H]1NC(=O)CCSC[C@@H](CC(=O)O)N=C(O)C(O)OC(=O)[C@H](CCCC)N=C1O,-0.10800791869117779
548.6300000000005,2.3787000000000003,10,7,218.92999999999995,12,0.08118208521870748,5.650529698528059,1,CC[C@H](O)[C@@H](N=C(O)[C@@H]1N=C(O)C[C@@](C)(O)C[C@@H](CCCCC(=O)O)O)C(O)CCCC[C@H](C)OC(=O)O1,-0.10869083678029241
513.4590000000002,2.7652,9,7,210.73,4,0.13743116675083575,5.214630591766914,3,CO[C@@H]1/C=C\c2cc(O)cc(O)c2C(=O)O[C@H](NC(=O)O)C(O)=N[C@@H](C(O)=Nc2cccc(O)c2)cc1,-0.10944197149174545
516.5470000000003,2.7609999999999997,10,7,203.12999999999997,7,0.12400950860311105,4.844410498581124,3,CCCCC[C@H]1OC(=O)c2cc(O)cc(O)c2CC[C@@H](N=C(O)[C@@H](N)CO)C(=O)c2cc(O)cc(O)c21,-0.1095197371983699
487.51700000000034,2.233099999999999,9,6,208.54999999999998,9,0.28400949163552497,5.5476574685995566,3,CNCCC[C@H]1N=C(O)c2cc(N)ncc2NC(=O)c2coc(n2)[C@H](CCCCC(=O)O)N=C1O,-0.10964031537714608
513.4990000000003,2.7659000000000016,11,7,192.79999999999998,1,0.0744377711455777,5.180413059056681,4,C[C@@H]1C[C@H]2O[C@@H]2/C=C\C=C\C(=N/O)Cc2c(O)c(O)cc(O)c2C(=O)O[C@@H](c2ccc(O)cc2O)[C@@H]1O,-0.10973304700043722
533.6190000000003,2.7170000000000014,9,7,214.21999999999997,9,0.0755780427075056,5.668950612912516,1,CC[C@H](O)[C@@H]1CC[C@@H](C)[C@H](O)CCC[C@H](OCCCC(=O)O)[C@@H](CC)OC(O)=N[C@@H](C(O)=NO)C(O)=N1,-0.1097961230827399
509.5560000000003,2.228999999999999,10,5,191.36,4,0.228321610989621,6.339233605129229,2,COC(=O)[C@@H](N=CCC[C@H](O)[C@@H]1OC(O)=N[C@@](C)(O)C(=O)O)CCC[C@H](C)[C@@H](C)c2cc(O)cc1n2,-0.11007192441308589
509.5560000000004,2.2276,10,6,190.5,9,0.16340752722617488,5.163144030227658,2,COC(=O)CNCCC[C@@H]1N=C(O)c2cc(O)c(O)c(O)c2C[C@@H](C)C(=O)[C@H](CCCC)N=C(O)O1,-0.11062346109212118
515.5230000000003,2.7661999999999995,8,7,209.67999999999995,6,0.22230990875341475,6.005744548901488,3,CCC[C@@H]1N=C(O)[C@@H](NC(=O)OCc2ccc(O)cc2O)Cc2cc(ccn2)CN=C(O)[C@@H]1N=C(O)O,-0.1109136804726991
487.5610000000003,2.2287699999999995,9,6,195.46000000000004,7,0.19264934641927042,6.361599924907766,3,COC(C(O)C(=N)NCCCC(O)=N1)c2coc(n2)-c2cccc(n2)[C@@H]1CN=C(O)CCCCN,-0.11130781171148778
544.6820000000004,2.6671000000000005,8,5,170.82,7,0.320861848733781,5.565936147718277,1,CO[C@@H](CCC(=O)O)[C@@H]1C/C=C(\C)C(=O)[C@H](C)[C@@H](O)[C@@H](C)[C@H](C)C[C@H](C)[C@H](O)[C@@H](C)C(O)[C@@H](CC(=O)O)O1,-0.11159529602989614
524.5230000000003,2.7516999999999996,11,6,204.43999999999997,9,0.11937205284837084,5.168986279236114,2,CO[C@H]1/C=C\C(=O)[C@@H](CCCCC(=O)O)c2c(O)c(O)cc(O)c2C(=O)O[C@H](CCCC)N=C(O)NO1,-0.11199094836637476
545.6260000000004,2.3348000000000004,9,6,203.40999999999994,7,0.2561563880529431,5.4910735899307745,1,CC[C@H]1OC(C)=C[C@@H](C)[C@H](O)C[C@H](O)CCC[C@@H](CCC(=O)O)OC(=O)[C@@H](O)CC(O)=N[C@@H]1CCC(=O)O,-0.11266540686475213
554.6180000000003,2.4272000000000005,9,6,203.04999999999995,9,0.11317597241598776,4.967769250910493,2,CCNC(=O)[C@@H]1CSCCC[C@H](N=C(O)CCC(=O)O)C(CC(=O)O)C[C@@H](c2cc(O)ccc2O)C(=O)O1,-0.11305077662714268
508.52400000000034,2.7808000000000006,9,6,198.69999999999996,6,0.3104969593855351,5.357218804910712,2,CO[C@H]1/C=C\C(=O)[C@@H](C)[C@@H](O)CC(O)=NC[C@@H](CCCCC(=O)O)C(O)=Nc2cc(O)cc(O)c2O1,-0.11360641136837338
518.6480000000003,2.7686,8,8,203.63,10,0.07025778955864342,5.4215012759267225,1,CCCCCCCC[C@@H]1CC(O)[C@H](O)CC[C@H](O)C[C@H](O)C(O)=N[C@H](C(O)=NO)[C@H](CC(=O)O)[C@H]1C,-0.1137292627954655
516.6520000000003,2.7727900000000005,7,7,188.10999999999999,8,0.23791546231607277,5.570656738053889,1,CC(C)[C@H](CC(=O)O)[C@@H]1CC[C@H](C)C[C@@](C)(O)[C@](O)(O)[C@@](CCCC(=O)O)C(O)=N[C@@H](C)C(O)[C@H]1C,-0.11408530962398307
505.57900000000024,2.2131000000000003,8,5,167.76,4,0.3941940725192534,6.077795671817951,4,NCCCC[C@H]1NC(=O)c2coc(n2)-c2cccc(n2)-c2cccc(Nc2)[C@H](C)N=C(O)CCNC1=O,-0.11530116462551444
525.5990000000004,2.2405,10,7,207.65000000000003,7,0.20388032166972825,5.538994840174181,2,COC(O)[C@@H]1CCC[C@@H](O)c2cc(O)cc(O)c2C(=O)O[C@H]([C@H](C)CC)C(O)=N[C@@H](CCCN)C(O)=N1,-0.1157396872468562
477.5800000000002,2.2321,7,7,195.76,6,0.2214885088087477,5.832858302857483,1,CC(C)C[C@@H]1N=C(O)[C@](O)(CCC(=O)O)[C@H](N=C(O)O)CCSC[C@@](C)(O)[C@@H](C)C(O)=N1,-0.1161632093220567
475.5840000000003,2.235589999999999,7,6,180.24,12,0.2306473486186251,5.440392483792827,1,CC[C@H](O)[C@@H](C)[C@H](O)[C@H]1CSC[C@@](CC(=O)O)C(O)=N[C@@H](CCCCCC(=O)O)C(O)=N1,-0.11649286639103718
491.5490000000003,2.2108999999999996,10,6,201.12999999999997,11,0.15363515408891837,6.085061463369304,3,CNC(=O)[C@@H](N)CCCC[C@H]1Nc2coc(n2)-c2coc(n2)[C@@H](CCCCC(=O)NO)N=C(O)C1,-0.11686867503313286
518.6040000000004,2.7775999999999996,9,5,198.2,11,0.11722249467319366,4.824210862732041,1,C[C@H]1CCC[C@@H](CCCCC(=O)OCC(O)=N[C@H](O)C(O)C(=O)O)CCCCCC[C@H](OC(N)=O)O1,-0.1171081417494105
522.5510000000002,2.770400000000001,8,6,206.53999999999996,14,0.155461605322789,4.5090658435033495,2,C[C@H]1CCC[C@@H](CCCC(=O)Cc2cc(OCCC(=O)O)cc(O)c2C(O)=N[C@@H](CC(=O)O)O)C(O)=N1,-0.11718692761566923
468.45900000000023,2.7501000000000007,8,6,198.7,5,0.16152624290715747,5.186153577809529,2,CO[C@H]1CCCC(CCC(=O)O)c2cc(O)c(O)cc2C(=O)O[C@H](N=C(O)O)C(C)C(O)=N1,-0.1182680866675368
516.5920000000003,2.2161700000000026,8,7,228.33999999999997,7,0.19254505458153046,5.428794742769531,1,CC(C)CC(O)C1CCCCC[C@H](OC(N)=N)[C@@H](CC(=O)O)C(O)=NCCC[C@@H](C(=O)O)OC(O)=N1,-0.11828225936293153
518.5750000000004,2.2169000000000008,9,6,216.98,8,0.16993609125580403,6.403433116044212,3,CN=C(O)NCCC[C@@H]1NC(=O)c2coc(n2)-c2coc(n2)[C@@H](C)N=C(O)C[C@H](CCCCN)N=C1O,-0.11917810243496911
510.53600000000034,2.795000000000001,9,5,187.89,9,0.3072555956397104,5.086132947325478,2,CC[C@H]1OC(=O)[C@H](CCC(=O)O)c2cc(O)cc(O)c2C(=O)O[C@@H]([C@@H](C)CCC)C(O)[C@H]1CC(=O)O,-0.11986671424544891
492.54700000000037,2.7974999999999994,9,4,184.53999999999996,13,0.21875661040524866,5.2847733530904275,1,COC(CC(O)=N[C@@H](C)C(=O)O[C@@H]1CSCCCCC[C@@H](CCC(=O)O)OC(=O)O)C(O)=N1,-0.11992993302758041
482.5630000000003,2.2117,7,6,189.09,4,0.3789418585546634,5.84972926463668,2,CC(C)CC[C@@H]1NC(=O)CN=C(O)c2csc(n2)CN=C(O)[C@H](NC(=O)O)CCCN=C1O,-0.12047779162982679
478.54200000000014,2.781800000000001,7,7,183.4,7,0.31183686171203956,5.544664374283503,2,CC[C@H](C)[C@@H](CCC(=O)O)[C@@H]1C/C=C/c2cc(O)cc(O)c2C(O)=N[C@@H](C(O)C(O)=N1)[C@@H](C)O,-0.12061335521408921
510.53600000000034,2.201799999999999,11,5,180.04999999999998,2,0.17028636787264573,5.24772345014463,2,C/C=C1/C[C@H](C)OC(=O)c2c(O)cc(O)c(O)c2CCCC(=O)O[C@H]([C@H](C)CC)OC(=O)[C@H](O)[C@@H]1O,-0.12112698949449753
505.5240000000003,2.19807,8,7,209.82999999999996,9,0.11327414552319497,4.903429744513373,2,CCCCNC(=O)c1cc(O)c2c(c1)/C=C/C[C@H](CO)N=C(O)[C@@H](CC(=O)O)[C@H](CC(=N)O)OC2=O,-0.12127627256805025
517.6600000000002,2.2086000000000006,8,6,179.76999999999998,5,0.2980255435121457,5.413412552140203,1,CO[C@H](CC(=O)O)[C@@H]1CCC[C@H](O)C[C@H](O)CC[C@H](OC(N)=O)[C@H](O)/C=C/[C@H](C)[C@@H](O)[C@H](C)C[C@@H]1C,-0.12179382578768094
510.5400000000003,2.8001000000000005,7,8,220.69999999999996,8,0.14501683370988674,5.95523923978819,3,C[C@@H]1CCC(O)[C@H](CCC(=O)O)c2cc(O)c(cc2O)C[C@@H](N=C(O)O)C(O)=N[C@@H]1CCCC(=O)O,-0.12187685588330571
503.60400000000044,2.804500000000001,9,5,198.38,11,0.2859840186206948,6.210994020532789,3,CNC(=O)CCCC[C@H]1N=C(O)c2coc(n2)-c2coc(n2)[C@@H](CCCN)N=C(O)C[C@@H]1CCCN,-0.12201309464151829
491.54500000000024,2.804100000000001,9,4,168.82,11,0.3452403408426619,5.733590134697975,3,CCCCCCCC(O)CNC(=O)CC[C@@H]1NC(=O)c2coc(n2)-c2coc(n2)[C@H](C)NC(=O)O1,-0.12280976223411587
490.59400000000016,2.8051000000000004,8,7,192.62999999999997,7,0.1215378988620825,5.624213521298093,1,CC[C@H](O)[C@@H](CCC(=O)O)[C@@H]1CCCC[C@H](C)C[C@H](OC(O)=NO)[C@@H](O)C(O)=NC(O)C[C@H]1C,-0.12348138703464592
489.56200000000024,2.8042700000000007,9,5,183.67,8,0.1469394035942657,4.861987446938068,1,CCCC[C@H]1CCCCC[C@H](C)OC(=O)C[C@@H](OC(=N)O)[C@@](O)(O)C(=O)O[C@H]1CCCC(=O)O,-0.12348540253811399
516.5590000000002,2.79917,10,5,208.15999999999997,11,0.22085804638586842,6.061524979949539,3,CCNC(=O)[C@H](N=N)CCCCCCC[C@@H]1NC(=O)c2coc(n2)-c2coc(n2)[C@H](C)N=C(O)NC1=O,-0.12416614735103945
517.6600000000002,2.8010000000000006,8,6,177.10999999999999,8,0.2085980721576027,5.288232758876761,1,CCCCC[C@@H]1OC(=O)[C@@H](C)CCC[C@H](CC)C[C@H](O)C[C@H](CC(=O)O)[C@@H](CO)C(O)=N[C@H](O)[C@@H]1O,-0.1254737518367889
515.6440000000003,2.8041000000000005,8,5,173.95,10,0.1267719902931939,5.184253929223211,1,CCCCCCCCN=C(O)[C@@H]1C[C@H](C)C[C@H](O)C[C@H](C)[C@@H](O)CC(=O)[C@@H](CC(=O)O)OC(=O)[C@@H]1O,-0.12559947668680826
494.54500000000036,2.1862000000000004,8,6,182.29999999999995,8,0.31533645963811247,5.719918367332123,2,COc1cc2cc(c1)N=C(O)NCCC[C@@H](NC(=O)CCCC(=O)O)C(O)=NC(O)[C@@H](CCC)O2,-0.12599324783495322
488.5780000000004,2.8100000000000005,7,5,178.46999999999997,5,0.38885745824575396,5.345443656873821,1,CO[C@H]1C[C@H](C)CC[C@H](C)[C@@H](O)CC(O)=NC[C@@H](CCC(=O)O)C(O)=NCCC[C@H](C(=O)O)O1,-0.1260866699377853
478.4980000000003,2.798300000000001,8,6,189.47,5,0.1214322839397305,5.107010189412984,2,COC(=O)[C@@H]1CCC[C@H](N=C(O)/C=C/c2cc(O)cc(O)c2O)C(O)=NCC[C@H](C(=O)O)[C@@H]1C,-0.12683298630876771
474.51800000000014,2.204869999999999,9,5,185.67999999999998,10,0.1123090917054956,5.519062523254471,3,CNC(=O)OC(NC(N)=N)CCCCCCC[C@H]1OC(=O)c2c(cccn2)-c2coc(n2)[C@@H]1O,-0.12858306264823546
518.6040000000003,2.191900000000001,8,7,209.7,5,0.16011350750144035,5.275258576786224,1,CC(C)[C@H]1CCCCC[C@H](CCC(=O)O)OC(=O)CCC(O)C(O)CC[C@H](N=C(O)O)[C@@H](O)C(O)=N1,-0.12873434997699704
466.4870000000003,2.775600000000001,9,5,178.46999999999997,3,0.33065617024127986,4.845759344745886,2,COC(O)CC1N=C(O)CCC(O)=NCCCCCCC(=O)c2cc(O)cc(O)c2C(=O)O1,-0.12901682942934237
494.5010000000003,2.177599999999999,9,6,203.84999999999997,7,0.10709469314426183,4.868710294778173,2,CNC(=O)[C@H]1CCC[C@H](N=C(O)/C=C/c2cc(O)cc([N+](=O)[O-])c2O)CCC[C@H](CC(=O)O)NO1,-0.12942811751702207
533.7030000000001,2.7778,8,7,180.26999999999998,8,0.24675896530281669,5.503127987567028,1,CCC(O)[C@@H]1CC[C@@H](C)CCC[C@H](OCC(=O)O)[C@@H](O)[C@@H](O)CCC(O)=NC(O)[C@](C)(O)[C@@H]1CCCC,-0.12996623883147512
553.6130000000004,2.3156,10,10,236.55999999999995,10,0.05035152167486439,5.052033226002836,2,CCCCNC(=O)[C@@H]1CCCCNc2c(O)cc(O)c(O)c2CN=C(O)C[C@H]1N=C(O)[C@H](CCC(=O)O)NO,-0.1301458899696805
517.6160000000003,2.813300000000001,9,5,175.34,15,0.09394666212521315,5.2051182452983005,1,CO[C@H](/C=C(\C)[C@@H]1OC(=O)[C@@H](C)[C@H](O)[C@@H](C)CCCC[C@H]([C@@H](C)CC[C@@H](O)O)OC(=O)O)CN=C1O,-0.13017832470883978
525.5510000000003,2.1982,10,6,203.40999999999997,9,0.20360014736731913,5.255100516070255,2,CCCCCC[C@@H]1OC(=O)c2cc(O)cc(O)c2CC(=O)O[C@H]([C@H](O)[C@@H](O)CC(=O)O)[C@@H](C)CC(O)=N1,-0.13109055192499597
475.5790000000003,2.1948000000000003,7,6,177.11,10,0.2762526375704344,5.354359474214898,1,CC(C)[C@H](C)[C@H](O)[C@H](CC(=O)O)O[C@H]1[C@H](C)CCCC[C@H](CCC(=O)O)C(O)[C@@H](O)C(O)=N1,-0.1314878981655723
501.57700000000045,2.1696,9,5,201.32999999999996,14,0.17331838697096877,4.926421352470482,1,NCCCC[C@@H]1N=C(O)[C@@](C)(O)C(=O)O[C@@H](CCCCCCCCCC(=O)O)OC(=O)CN=C1O,-0.1321976297669516
529.5460000000003,2.7998000000000003,10,7,190.17,10,0.07873198901603301,5.617706895578484,3,COC(O)C(O)=NCCCCNc1cc2c(cc1O)-c1cc(O)cc(c1)/C=C/C[C@H](CC(=O)O)NOC2=O,-0.13368870881267456
511.5680000000003,2.8308000000000004,8,7,197.33999999999997,9,0.11195071597754004,4.995334910113232,2,CCCCCC[C@@H]1OC(=O)c2cc(O)cc(O)c2C[C@@H](CC(=O)O)CC[C@H](N=C(O)O)[C@@H](CO)[C@@H]1O,-0.1343274242141197
546.6140000000004,2.743500000000001,10,6,207.1,6,0.12348041451737944,5.578954374537371,1,CO[C@@H](COC(=O)O)/C=C(\O)[C@@H]1C[C@@H](C)CCC[C@@H](O)C[C@H](OC(N)=O)[C@@H](O)/C=C\CC[C@H](C)OC(=O)N1,-0.13482662935785428
503.6240000000002,2.838190000000001,8,5,171.52,16,0.09912205661754588,4.0728050911113405,2,NCCCC[C@@H]1N=C(O)[C@](N=C(O)CCCCCCCNC(=O)CNc2ccccn2)C(=O)O[C@@H]1C,-0.13547003240569516
492.4430000000002,2.162,8,6,198.69999999999996,5,0.19989995754286033,4.824128725685756,2,COc1cc(O)c2c(c1)CCC[C@H](N=C(O)OP(=O)(O)O)C(O)=N[C@H](CC(=O)O)CSC2,-0.1360421735933383
510.56900000000024,2.1627,10,7,196.78999999999996,11,0.13152928012395382,4.705733549251907,2,CCC(=O)CCNc1cc(O)c2c(c1)/C=C\C[C@H](N=C(O)COC(O)=NCC(O)=NC(O)O)CS2,-0.13656581359915818
510.58400000000023,2.837600000000001,8,6,192.13,4,0.2608757105914425,5.203195769490426,2,CC[C@@H]1CCCCC(=O)Cc2cc(OC)cc(O)c2C(O)C(O)C[C@@H](N=C(O)O)[C@@H](OC(N)=O)[C@H]1C,-0.13668901135058417
543.6690000000004,2.2347,10,5,201.48,8,0.24262147082354701,5.730445572729735,3,NCCCC[C@H]1NC(=O)c2coc(n2)-c2cccc(n2)NC(=O)C[C@H](N)CCCC[C@H](CCCCN)OC1=O,-0.1374386431976107
501.65000000000015,2.1549000000000023,8,7,196.83999999999997,4,0.2244400738249538,6.110907588679106,1,C/C=C(\C)[C@@H]1N=C(O)[C@@H](N=C(O)[C@@H](N)CSC[C@H](C(O)O)C(O)=N[C@@H](C(C)C)C(O)=N1)C(C)C,-0.1380794394542495
519.5070000000004,2.1669,10,7,207.23999999999998,6,0.0957629489583625,4.997136147359579,2,CO[C@H]1/C=C\C=C(/C)C(=O)Nc2cc(O)cc(O)c2C(=O)OC[C@@H](N=C(O)CCCC(=O)NO)c(O)c1,-0.13883439702033518
482.4820000000002,2.1605,9,5,187.89,9,0.32440297791979694,4.513542965332716,2,C[C@H]1CCC[C@@H](COC(=O)CCCC(=O)O)c2cc(O)cc(O)c2C(=O)O[C@H]1[C@@H](O)CC(=O)O,-0.14024678711471428
488.5780000000002,2.8461000000000007,6,7,200.46999999999997,11,0.12962562798207336,5.482245108982953,1,C[C@@H]1C[C@H](CCCC[C@H](CCCC(=O)O)O)C(O)C(=O)C[C@H](N=C(O)O)[C@@H](N=C(O)O)[C@@H](C)C1,-0.14031208763324726
496.5610000000001,2.1489,9,4,191.09,13,0.1798625573970225,4.114247524858989,2,CCCCNC(=O)[C@H](N)CCCCC[C@H]1COC[C@H](c2cc([N+](=O)[O-])cc([N+](=O)[O-])c2)[C@@H](O)[C@@H]1O,-0.14060832295422634
495.5250000000004,2.8516000000000012,10,4,182.67999999999998,9,0.29172944042498045,4.754938030400664,2,CCCCCC[C@@H]1OC(=O)c2cc(O)cc(O)c2C(=O)O[C@H]([C@H](N)C(=O)O)C[C@@H](CCC)C(=O)O1,-0.14092449077431546
497.58900000000017,2.1444799999999997,8,7,207.19,10,0.22021889905404368,5.436972800449074,1,CCC(C[C@@H](O)[C@@H]1CCC[C@@H](CCCCC(=O)O)O)C(O)CCC(O)/C=C(\C#N)C(O)=N/C(O)=N1,-0.1422897288914419
529.5870000000004,2.1730000000000005,10,6,199.72999999999996,10,0.06082506089610018,5.735120627958366,1,COC(=O)[C@H](CCCC(=O)NC(O)=NO)C(O)CC(C)=CC(C)=C[C@@]1(C)OC(O)CC[C@@H](C)OC(O)=N1,-0.14356253785720025
518.6190000000005,2.151300000000002,10,6,224.4,12,0.2243431862111057,6.122065943601271,3,NCCCCC[C@H]1NC(=O)c2coc(n2)-c2coc(n2)[C@H](CCCN)N=C(O)[C@@H](CCCCN)N=C1O,-0.14436529722893873
519.6320000000002,2.1510000000000002,8,8,200.49999999999997,10,0.06947248930918483,5.4155839928267655,1,CCCCCC[C@H]1CCCC(O)C[C@H](CC(=O)O)C[C@@H](OC(O)O)[C@H](N=C(O)O)[C@H](O)/C=C/C[C@H]1O,-0.14501662558479286
454.5240000000003,2.2168,8,4,163.35,12,0.2120768354456852,4.517609694189405,1,CC(O)=N[C@@H](CCCC(=O)Nc1coc(C(=O)NC)n1)C(=O)O[C@H](C)C(C)(O)C[C@H](C)C,-0.14527430847882183
502.6530000000004,2.864600000000003,8,7,193.70999999999995,8,0.08646808799820994,5.595650233106439,1,CO[C@@H]1CCCCC[C@H](C)[C@H](O)C(O)C(O)=N[C@@H](CCCCN)C(O)=N[C@@H](CCC(O)=NO)[C@@H]1C,-0.14593649041963544
474.5510000000003,2.1543000000000005,7,6,189.46999999999997,6,0.3347774935493693,5.452935496907722,1,CO[C@@H]1C[C@H](C)C[C@H](O)[C@@H](C)CC(O)C[C@@H](CC(=O)O)CC(O)=N[C@@H](CCC(=O)O)C(O)=N1,-0.1473498042211115
533.6150000000002,2.1686999999999994,9,6,203.40999999999997,8,0.2666455811969813,5.285059074450977,1,CCCC[C@@H]1CCCCC[C@@H](CC)C(O)C(=O)C[C@@H](OC(O)C(O)=N[C@@H](O)[C@@H](CC(=O)O)O1)CC(=O)O,-0.1485981941343842
517.6160000000002,2.8638000000000003,7,6,194.17999999999998,12,0.22395886374845678,5.430301731914033,1,CCC[C@H](CC(=O)O)[C@H](C)O[C@@H]1CCCC[C@H](O)[C@H](CC(=O)O)C(O)C(O)=N[C@@H](CCC(=O)O)[C@@H]1C,-0.14972429403406806
531.5630000000004,2.8411000000000013,9,7,238.94,10,0.05425963720839015,5.436273578192253,1,COC(=O)[C@@H](N=C(O)O)C(O)=NC1CCCCCCCCC[C@@H](N=C(O)COCCC(O)=NO)C(O)=N1,-0.15033550969747717
502.6780000000003,2.1224700000000003,8,7,164.0,10,0.10330736294316747,4.860359559965197,1,CNC(=O)[C@@H](CCCCNC(=N)NC(=O)OCC(C)(C)C)C(O)C(C)=C(O)[C@@H]1CSC[C@@]1(C)O,-0.15110695179243067
528.5990000000002,2.1487700000000003,8,6,199.19,5,0.1744580315350838,5.6945770565809175,1,CO[C@H]1/C=C\C(=O)[C@@H](C)[C@@H](OC)CCCC[C@H](OC(=N)/N=C(O)O)[C@@H](O)/C=C/[C@H](C)[C@@H](O)[C@@H]1CC(=O)O,-0.1516891995759751
488.5780000000001,2.1228,8,6,189.46999999999997,10,0.19747032082547605,5.15017707904509,1,CC[C@H](CC)[C@@H]1CCCC[C@H](CCC(=O)OCCC(=O)O)[C@H](O)CC(O)=N[C@@H](C(O)O)C(O)=N1,-0.1525995502483543
511.56800000000027,2.1202,11,5,185.83999999999997,9,0.1414325906280493,4.818369760976655,2,CCCCCCCCC[C@@H]1OC(=O)c2cc(O)c(O)cc2C(=O)O[C@H](N)[C@H](CO)C(=O)O[C@H](C)[C@H]1O,-0.1536716008116009
472.5390000000002,2.8612000000000006,7,6,197.12,11,0.14974036013314798,5.1731086689761465,1,CCN=C(O)O[C@@H]1CCCC[C@H](N=C(O)CCCCCCC(=O)O)C(O)=N[C@@H](CO)C(O)=N1,-0.1545668026582682
525.5550000000003,2.132600000000002,9,6,207.57,13,0.08928396030463585,5.294703002843203,1,COC(=O)[C@@H](N=C(O)[C@@H](NC(=O)O)C(=O)O[C@@H](CC(C)C)C(O)=N[C@@H](C)C(O)C=C(C)C)c1cc(O)c1,-0.15559393850661357
481.5020000000003,2.1215999999999995,10,5,189.99999999999997,7,0.16679144498917317,4.548145671513955,2,COC(O)=N[C@@H]1CCCC[C@@H](OC(=O)NCCCCCN)C(=O)c2cc(O)cc(O)c2C(=O)O1,-0.15581576818794696
513.5880000000002,2.1161000000000016,9,5,201.32999999999998,4,0.37297868912909743,5.585393866239039,1,CO[C@H]1/C=C\C(=O)[C@@H](C)[C@H](O)CCC(=O)CCC[C@@H](CCC)C[C@@H](OC(N)=O)C(O)=N[C@@H](O)C(O)=N1,-0.15594617204663863
484.48900000000026,2.882690000000001,9,3,165.21999999999997,9,0.17786329138454202,5.42036034524404,4,CCNC(=O)CCN=C(O)NCCCC[C@]1COC(=O)c2coc(n2)-c2coc(c2)-c2coc1n2,-0.15618779164838748
519.5750000000004,2.878990000000001,8,7,208.11999999999995,12,0.12369345898160294,5.328821994481846,2,C[C@@H](CC(=O)[C@@H]1N=C(O)[C@@H](N=C(O)[C@](O)CCCN=C(O)CCO)CCCN=C1O)c1ccc(O)cc1,-0.15656969603342838
510.54000000000036,2.8935000000000004,9,6,198.7,6,0.18778347889496297,5.111636073356553,2,COC(=O)[C@@H]1CCCC[C@H](N=C(O)OC(O)=N[C@@H](O)CCC(=O)O)C[C@@H](C)c2cc(O)cc(O)c2C1,-0.15880530973490806
525.5990000000004,2.1212000000000004,10,5,197.97,10,0.13044041253690422,4.937994054531792,2,CC[C@H](O)[C@@H](N=C(O)[C@@H]1O)CCCCC[C@@H](c2cc(OCCCCN)cc([N+](=O)[O-])c2)[C@H](CO)OC1=O,-0.1599360672393817
477.6040000000001,2.11427,9,7,201.47999999999996,5,0.17703355519983524,6.042940846063126,1,CC[C@H](O)[C@@H]1CC[C@@H](C)[C@@H](O)CCC[C@H](O)C[C@@H](OC(N=[N-])[C@@H](O)C(O)=N1)CSC(O)=N,-0.16066220628386751
531.6470000000003,2.1295,9,7,204.98999999999998,17,0.06340471383558723,5.576321521057653,1,CCC(O)CCCCC[C@@H]1N=C(O)/N=C(\CCC[C@H](O)C(O)CO)[C@@H](CCCN=C(O)O)[C@@H](C)OC1=O,-0.1611501487309275
514.6160000000002,2.1019000000000005,9,6,189.47,8,0.15995276901018154,5.751590193452495,1,CO[C@H]1/C=C\C(=O)C[C@@H](C)[C@H](O)C(O)CC[C@H](CCC(=O)O)C(O)=N[C@@H](C(O)C(=NO)[C@@H](C)CC)C1,-0.16190085677352037
501.57700000000034,2.905000000000001,8,5,179.49999999999997,8,0.06309964457498979,5.280497488490899,1,CO[C@@H]1/C=C(/C)C[C@H](C)[C@@H](OC(O)=N[C@@H](CCCNC(O)=NO)C(=O)O)CCCC[C@H](C)OC1=O,-0.1620306999182567
484.53100000000023,2.898800000000001,9,5,187.10999999999999,8,0.06978633681733011,5.021230055282148,2,CCCCCC[C@@H]1N=C(O)C(O)CSC[C@H](N=C(O)Nc2ccc([N+](=O)[O-])cc2O)C(=O)O1,-0.1624924313437401
482.4860000000003,2.1031999999999997,9,7,212.36,5,0.2382794940438698,4.96953848887272,2,COC(O)=C1O[C@@H](CCC(=O)O)c2cc(O)c(O)cc2CCC[C@H](C(=O)O)[C@@H](N)C(O)=N[C@H]1C,-0.16253922352466188
495.5250000000002,2.0925,8,7,197.33999999999997,13,0.09201989447641291,5.122290041581397,1,CO[C@@H](/C=C(\C)C(=O)O)c1cc(O)cc(O)c1C/C=C\C[C@H](N=C(O)C(O)C(=O)O)[C@@H](C)C(C)O,-0.16324552826953645
485.57800000000026,2.093400000000001,8,5,181.59999999999997,7,0.20625828084280864,5.3975473485734895,1,CCOC(=O)[C@H]1CCCC(C(=O)O)C[C@H](N=C(O)[C@@H](N=C(O)CO)[C@@H](O)CC(C)=N1)CC(C)C,-0.16517792205981968
502.6010000000003,2.914000000000001,8,4,167.66,10,0.2573847140965001,4.864383138610789,1,CC[C@H]1OC(=O)[C@@H](CCCC(=O)O)[C@@H](C)CCC[C@@H](C)[C@@H](CCCCC(=O)O)OC(=O)[C@@H](O)[C@@H]1O,-0.16568168517974502
528.5590000000002,2.1085000000000016,9,7,234.41999999999996,6,0.11465973816514724,5.857146252761593,1,CO[C@H]1/C=C\C(=O)[C@@H](C)CCC[C@H](C)C(O)C(O)=N[C@@H](CCC(=O)O)C(O)=N[C@@H](CC(O)=NO)C(O)=N1,-0.1666914092687438
508.5240000000003,2.914570000000001,9,6,199.19,3,0.15259831966564547,5.193052870844779,2,COC(=O)[C@@H]1C/C=C/c2cc(O)c(O)cc2CCC(=O)OCCC[C@@H](N=C(O)O)[C@@H](OC(=N)O)[C@@H]1C,-0.16670200925003928
534.6030000000004,2.1187999999999985,12,4,185.92999999999998,4,0.13601910382325,5.951096561849887,1,COC(O)CN=C(O)O/N=C1/[C@@H](C)[C@H](C)C(=O)O[C@@H](C)CC[C@H](C)[C@H](O)[C@H](C)C[C@H](O)[C@@H](C)OC(=O)O1,-0.16745035334689592
488.62200000000024,2.0849000000000006,7,7,183.39999999999998,4,0.3135273069886454,5.7220487787269905,1,CC[C@H]1C[C@@H](C)C[C@H](C)[C@H](O)[C@@H](C)C[C@H](O)C[C@@H](CCC(=O)O)C(O)C(O)=NC[C@@H](O)C(O)=N1,-0.16759211537539556
490.59500000000025,2.0833899999999996,7,6,184.95,9,0.27941095892535645,5.626956549111332,1,CC[C@@H](C[C@H](O)C(O)=N[C@H](CC(=O)O)[C@@]1CSC[C@@](C)(O)C(=O)O)C(C)[C@H](C(=O)O)[C@@H](C)C1,-0.1677022326506121
506.6370000000001,2.081399999999999,9,7,184.78999999999996,8,0.24205973440054604,5.242551827235993,1,CCCCCCCC[C@@H]1CCCC(O)CCC[C@@H](OC)C(O)C(O)C(O)=N[C@H](O)C(O)=NC(O)O1,-0.16796533176819595
489.6100000000001,2.9166999999999996,8,7,187.92000000000002,8,0.0676173939417918,5.768507492753029,1,CO[C@H]1C[C@@H](C)C[C@H](C)[C@H](O)[C@@H](C)C[C@@H](CCCC[C@H](O)O)C(O)=N[C@@H](CC(O)=NO)C(O)=N1,-0.16797032714143276
508.53500000000025,2.0818,10,5,185.18999999999997,7,0.233648720799921,5.216256117142997,4,NCCCC[C@H]1NC(=O)c2coc(n2)-c2ccc(Nc3cccnc3)cc2C[C@@H](CO)N=C(O)OC1=O,-0.16814869401812205
468.4740000000002,2.10607,9,5,197.76999999999998,5,0.2098328887646011,6.044177968739222,4,N=C(N)NCCCC[C@H]1NC(=O)c2coc(n2)-c2coc(n2)-c2cccc(n2)[C@H](C)N=C(O)O1,-0.16971885542861748
545.6700000000004,2.139999999999998,9,6,182.84999999999997,6,0.16420819314126844,5.38286211472926,1,CNC(=O)O[C@@H]1C[C@H](O)C[C@H](O)[C@H](O)C[C@H](C)[C@H](CCCCC(=O)O)[C@@H](O)/C=C/C[C@H](C)C[C@H](C)OC1=O,-0.17052564499218406
497.54500000000024,2.9266000000000005,7,8,208.14999999999998,3,0.2275776463447351,5.523079188895756,2,CO[C@@H]1CCCC(O)c2cc(O)cc(O)c2C[C@H](N=C(O)O)C(O)=NCCC[C@H](N=C(O)O)[C@@H]1C,-0.17071062562125436
501.57700000000017,2.9291,8,7,204.98999999999998,5,0.12771175679255756,5.853876222397283,1,C/C=C1/C[C@@H](C)[C@@H](C)[C@H](O)CCC[C@H](OC(O)=NO)[C@@H](CCC(=O)O)C(O)=N[C@@H](C(O)=N1)C(O)C,-0.17166897598576164
549.6580000000002,2.8527,11,5,184.56999999999996,5,0.19288240550625108,5.89839067650965,1,COC(O)=NC(O)CCC[C@@H]1OC(=O)C[C@H](C)[C@H](O)[C@@H](C)C[C@H](C)C(O)[C@@H](C)CC[C@@H](C)C(O)OC(=O)O1,-0.17253183548551293
520.5830000000004,2.0755000000000003,10,4,182.12999999999997,7,0.1809233479030841,4.90527629312438,2,COC(O)=Nc1ccc2c(c1)/N=C(\C)C[C@H](C)C(=O)N[C@@H](CCCCCN)C(=O)OC[C@@H](CO)OC2=O,-0.17471885861577743
472.5350000000002,2.915400000000001,7,6,189.46999999999997,5,0.1983474649842705,5.486337905987568,1,C/C1=C/[C@@H](C)[C@H](O)CCCC[C@H](OC(=O)O)[C@H](CO)[C@@H](N=C(O)CC(=O)O)[C@@H](C)CC(O)=N1,-0.17500414423664395
512.5520000000002,2.0661999999999994,9,6,191.04999999999998,3,0.3249077759208501,4.648487343394237,2,COC(=O)[C@@H]1C[C@@H](O)[C@@H](O)CCCCCC[C@H](C(=O)O)c2c(O)cc(O)cc2CCC[C@H](C(=O)O)O1,-0.17532655593491853
471.9340000000002,2.9163,7,5,156.88,6,0.36983436304322603,5.336354315340235,2,C[C@H]1CCC[C@H](CCC(=O)CCCl)C(O)CC(O)=Nc2cc(C(=O)O)c(O)cC(O)c2O1,-0.17572624113660423
508.5050000000002,2.941700000000001,7,6,198.69999999999996,4,0.1078316050214513,5.4881690234804585,1,COC(=O)[C@@H]1CCCC[C@H](N=C(O)OP(=O)(O)O)[C@@H](N=C(O)O)C/C=C/[C@H](C)[C@@H](O)CC[C@@H]1C,-0.17749693659328358
460.9070000000002,2.903500000000002,9,4,142.75,6,0.16547060191831173,4.557672463871786,2,COC(O)[C@@H]1CCCCCC[C@H](COC(=O)CCCl)c2c(O)cc(O)c(O)c2C(=O)O1,-0.17934048788826296
510.54000000000025,2.946600000000002,9,6,198.70000000000002,6,0.14304715481114058,5.234340500104978,2,CCCCCC[C@@H]1OC(=O)c2cc(O)cc(O)c2C(=O)OC[C@H](N=C(O)O)C(O)=N[C@H](C)C(O)[C@@H]1C,-0.1798794485203918
483.47000000000025,2.0578000000000003,9,7,206.56999999999996,8,0.12317820610305262,4.956019299263934,2,CO[C@@H]1C[C@H](O)C[C@H](OC(O)=NCCCC(=O)O)c2c(cc(O)c(O)c2O)C(C)=C1CC(=O)O,-0.17994304098797465
510.58000000000027,2.947400000000001,9,6,173.98,6,0.14445439310031083,5.205185436367476,2,C/C=C(/C)[C@H]1O[C@@H](C)C[C@H](OC(=O)c2cc(O)cc(O)c2O)[C@@H](CCC(=O)O)[C@@H](C)C(O)[C@H](O)[C@@H]1C,-0.18020662362965506
519.6760000000002,2.940400000000001,8,7,180.26999999999998,9,0.1779270141516914,5.354721418670575,1,CC[C@H](C)[C@@H]1CCCC[C@@H](CCCCC)CC(O)C[C@@H](O)[C@@H](C(O)O)[C@@H](CC(O)=O)C(O)=NC(O)O1,-0.18050187119251737
502.6090000000003,2.0486000000000013,9,6,199.77999999999997,3,0.1097807220368845,5.43146649185036,1,COC(=O)[C@@H]1CCCC[C@H](N=C(O)[C@@H](O)CCCC[C@H](OC(N)=NO)[C@@H](CO)C(O)=N1)C(C)(C)C,-0.18063538170579932
517.6160000000004,2.0560000000000005,10,4,168.69,8,0.27451140430200444,5.302077693452495,1,COC(=O)[C@@H]1CC[C@H](O)C[C@H](C)C[C@H](O)[C@@H](C)[C@H](C(=O)CCC[C@H](C)[C@H](C)OC(=O)O)OC(=O)CN1,-0.1810609119164045
524.5670000000003,2.9370200000000013,9,6,195.21,7,0.13350735344167103,5.517400348238087,2,CC[C@H](O)[C@@H](N=C(O)O)CC[C@@H]1OC(=O)c2cc(O)c(O)c(C)c2CC[C@@H](C)C(=O)[C@H](CC)OC(=O)N1,-0.1815819011355489
497.5410000000003,2.0459,9,7,197.33999999999997,8,0.15843691853673822,5.216775958343812,2,C[C@H]1CCC[C@H](CCCO)c2cc(O)cc(O)c2C(=O)O[C@H]([C@H](O)C(O)=N[C@H](CC(=O)O)O)[C@@H]1C,-0.18170656654067288
452.5040000000001,2.1125999999999996,8,6,172.39999999999998,2,0.370169279104279,5.0877951641466,2,COC(O)C1CC(C)CCCCCC(=O)Cc2cc(O)cc(O)c2C(O)=NC(O)C(O)=N1,-0.18175830562590536
490.55700000000013,2.9521000000000006,7,6,169.57999999999998,9,0.1755215990475386,4.427573763954944,2,C/C=C1\NC(=O)C[C@@H](NC(=O)CCCCCCC(=O)Nc2ccc(O)cc2O)C[C@@H](C)N=C(O)O1,-0.18182350397019653
510.53600000000034,2.954200000000001,8,6,198.89,7,0.2946592178086403,4.85479688963317,2,C[C@@H]1CCCC[C@H](CC(=O)O)c2cc(O)cc(O)c2C(=O)O[C@H]([C@H](O)CC(=O)O)[C@@H](CC(=O)O)[C@@H]1C,-0.18289792668043064
529.5500000000003,2.0664,9,8,208.82,9,0.13555141553245584,4.49501990262975,3,CCNCC[C@@H]1N=C(O)[C@@H](NC(=O)OCc2ccc(O)cc2O)CN=C(O)[C@@H]1N=C(O)c1ccc(O)cc1,-0.18323275798830324
540.5660000000004,2.911200000000001,10,7,211.08999999999995,8,0.08370671265529465,5.370962594105759,2,COCCO[C@@H]1CCCC(O)c2cc(O)cc(O)c2C(=O)OC[C@H](N=C(O)O)C(O)=N[C@@H]1CCC=C(C)O,-0.18340139537091923
528.6390000000004,2.063599999999999,9,4,167.66,5,0.3877038737505625,5.451976624644236,1,CO[C@H]1/C=C\C(=O)[C@@H](C)[C@@H](O)CC(=O)C[C@@H](C)CC[C@@H](C)[C@H](O)[C@H](C[C@@H](CC(=O)O)O)OC(=O)C[C@@H]1C,-0.18371707292464737
539.5860000000005,2.9147000000000016,10,7,224.52999999999997,11,0.09412244280956576,5.292731826959849,2,COC(O)=N[C@@H](CC(O)=N[C@H]1OCCCC[C@@H](N=C(O)OCCCCCN)C(O)=N1)c1ccc(O)c(O)c1,-0.18380527735622923
518.6040000000002,2.049400000000001,8,7,209.7,8,0.107522692511365,5.422443461340578,1,CCCCC[C@H]1CCCC(=O)OCC[C@H](C)[C@H](O)[C@H](O)[C@@H](CCC(=O)O)[C@H](N=C(O)O)[C@@H](O)C(O)=N1,-0.18404046528956572
467.5190000000001,2.933670000000001,7,7,184.92,9,0.09423225180439139,4.788970607294919,2,CO[C@H]1C[C@H](C)[C@H](OC(O)=N[C@@H](CCCCNC(=N)O)C(=O)O)c2cc(O)c(O)cc2[C@@H]1C,-0.18523284932214407
518.5190000000003,2.0452999999999997,9,8,209.36999999999998,5,0.16303248535455106,6.017256249937962,5,COC(=O)[C@@H]1CCC(O)c2c(O)cc(cc2O)-c2ccc(cc2O)C[C@@H](N=C(O)O)[C@@H](CCC(=O)O)N1,-0.1856128978384856
547.6860000000004,2.0993,9,7,197.33999999999997,15,0.09050722451742431,5.522529083055051,1,CC[C@H](O)[C@@H]1CCC[C@@H](CCCC(=O)O)OC(=O)[C@H](O)[C@H](N=C(O)C[C@H](O)C[C@@H](C)CCC[C@H](C)O)[C@@H]1O,-0.18650870431162228
495.53300000000024,2.034,9,7,201.30999999999995,4,0.30505171763571676,5.068125228175926,2,COCCNC1CCCC(O)=NCC(O)=NCCC(O)=NCc2cc(O)cc(O)c2CN=C(O)O1,-0.18661397685061004
504.62100000000015,2.9676000000000005,9,7,184.79000000000002,10,0.07719454891157315,5.724030314078098,1,CCCCO[C@@H]1CC[C@@H](C)[C@H](OCCCC)[C@H](O)[C@@H](O)C(O)=CCC[C@H](C(O)C(O)=NO)C(O)=N1,-0.1872681931455528
511.5240000000002,2.034299999999999,9,7,210.92,9,0.11026250039643663,4.624242121358623,2,CCNC(=O)[C@@H]1CCC[C@@H](CCCCC(=O)O)C(O)c2c(O)c(O)cc(O)c2C(=O)O[C@@H]1CC(=O)O,-0.18770042275924728
509.5560000000003,2.9726000000000017,8,6,187.01,8,0.17389714474199106,4.634144643899701,2,CCNC(=O)Nc1cc(O)c2c(c1)C(=O)OCCCCC[C@H](N=C(O)CC[C@@H](O)CC(=O)O)[C@@H](C)O2,-0.19000365823846732
519.6320000000003,2.0305,8,7,197.33999999999997,7,0.26113122113889925,5.104476457504944,1,C[C@@H]1CCCCCC[C@H](O)C[C@H](CCC(=O)O)C(O)C(O)CC(O)C(O)=NC[C@H](CCCC(=O)O)O1,-0.19186063091734076
502.5280000000002,2.0202999999999993,9,5,224.97,6,0.22054320568671404,5.8565347318409255,2,CO[C@H]1/C=C\C(=O)[C@@H](O)[C@@H](O)CCCCC[C@H](N=C(O)Cc2cc([N+]=[N-])cc([N+]=[N-])c2O)c/N=C1O,-0.19194660074093553
480.4660000000002,2.9730000000000016,8,6,198.88999999999996,11,0.08940367512550988,4.2824202012947,2,C/C=C1/[C@@H]([C@H](CC(=O)O)CCCCCC(=O)O)c2c(O)c(O)cc(O)c2C(=O)O[C@@H]1CC(=O)O,-0.19319148175838452
494.5920000000003,2.017500000000001,8,6,193.62999999999997,9,0.09071919650424191,5.236419381727439,1,CCCCNC(=O)[C@@H]1N=C(O)[C@@H](N=C(O)O)CSSC[C@H](CCCN=C(O)O)OC(=O)C1,-0.19330283457828507
496.5130000000002,2.0168000000000004,8,8,220.69999999999996,12,0.11937848999708352,5.77889415987181,2,CC[C@H]1C[C@H](CCC(=O)C(CC(=O)O)O)c2cc(O)cc(c2O)[C@@H]1N=C(O)[C@@H](N=C(O)O)CCO,-0.1934057782901016
474.55100000000016,2.0317999999999996,8,6,181.63,6,0.08374896579754261,5.8453982010053505,1,CC[C@H](O)[C@@H](C)[C@H](O)C[C@@H]1C[C@@](C)(O)/C=C/C[C@@H](C)[C@@H](OC(O)=N\C(O)=NO)[C@@H](C)C(=O)O1,-0.1940731944499292
466.50200000000024,2.0444699999999996,8,5,188.54,5,0.21276563653920752,6.006413654702742,4,N=C(N)NCCC[C@H]1NC(=O)c2coc(n2)-c2coc(n2)-c2cccc(n2)C[C@@H](CC)N=C1O,-0.1941382933890169
501.4920000000003,2.987,9,6,194.40999999999997,7,0.24409445644641775,5.966169905679371,3,CO[C@@H]1/C=C/c2cc(O)cc(O)c2-c2cc(co2)[C@H](CC(=O)O)N=C(O)[C@@H](CCCC(=O)NO)N=C1,-0.194822853525966
488.6220000000002,2.0154000000000014,6,7,179.91,6,0.16837545775642287,5.340520636981096,1,CCCCNC(=O)[C@@H]1[C@@H](C)[C@H](O)[C@H](C)CCC[C@H](C(=O)O)[C@H](O)[C@](C)(O)[C@@H](N=C(O)O)[C@@H](C)C1,-0.19517115856601291
514.6160000000002,2.017299999999999,9,7,192.63,5,0.09444901947823073,5.945153945564848,1,C[C@@H]1/C=C\C(=O)[C@@H](O)[C@@H](O)C/C(C)=C/[C@@H](C)[C@H](OC(O)=NO)[C@@H](CC[C@H](C)CC)C(O)[C@@H](O)C(O)=N1,-0.19528030167940685
480.52200000000016,2.0207000000000006,9,6,201.44,11,0.11848968179671732,4.379390516031139,2,NCCCC[C@@H]1NC(=O)[C@H](CCCCCC(=O)NO)Nc2ccc([N+](=O)[O-])cc2N=C(O)OC1,-0.19563774772778356
488.5380000000002,2.9865000000000013,8,6,206.35000000000002,11,0.08290216934368498,5.654888570228089,1,CCCCO[C@@H]1CCC[C@@H](C)[C@H](OC(O)=NCC(O)=N[C@H](CC(=O)O)C(O)=NO)[C@@H](C)C(O)=N1,-0.19594557860793943
460.52400000000034,2.0507999999999997,7,6,189.46999999999997,8,0.29431046419789325,5.230655838308202,1,C[C@H](O)[C@@H]1CCCC[C@H](C)[C@@H](O)C(O)=N[C@@H](CCCCC(=O)O)C(O)=N[C@H](CC(=O)O)O1,-0.19626084862753432
531.6430000000004,2.9673000000000007,7,6,194.17999999999998,8,0.2709360325671889,5.3399753687572655,1,CO[C@H]1C[C@H](C)CC[C@H](C)[C@@H](O)C(O)C[C@@H](CC(=O)O)[C@@H](CCCC(=O)O)C(O)=N[C@@H](C(O)=O)C[C@@H]1C,-0.19734285950092087
532.6270000000003,2.0327999999999995,10,5,180.04999999999995,7,0.2390521249273462,5.7339928700281515,1,CO[C@H]1/C=C/C[C@@H](C)[C@H](O)C[C@H](C)[C@H](O)[C@@H](CC(=O)O)C(O)[C@@H](C)C(=O)[C@@H](CCC[C@@H](C)O)OC(=O)O1,-0.1979449896208544
492.5290000000003,2.9947,10,6,196.38,7,0.2429725771584064,6.903232086239517,3,COC(O)[C@H]1C[C@H](C)c2cc(OC(O)=N[C@@H](CCCCCN)c(O)c(O)c2)N=C(O)c2coc1n2,-0.19844333640613881
495.52500000000026,2.9988000000000024,8,6,186.33999999999997,9,0.12863654268248778,4.88145425562822,2,C/C=C1/[C@@H](OC(O)=Nc2cc(OCCC(=O)O)cc(O)c2C(=O)O)C[C@H](CCC)C(C)[C@H](O)[C@@H]1O,-0.19972063714098343
517.6240000000003,1.9984000000000042,9,8,226.29999999999995,6,0.08454685888261389,5.858481684972617,1,CO[C@H]1C[C@@H](C)C[C@H](C)[C@@H](O)CCC[C@H](O)C(O)=N[C@@H](CCCCN)C(O)=N[C@@H](C(O)=NO)C(O)=N1,-0.20371261891203343
495.5250000000002,3.0098000000000025,9,5,183.17999999999998,8,0.11806669315353785,4.706043617445199,2,COC(=O)[C@@H]1CCCC[C@H](N=C(O)CCCCC(=O)O)c2cc(O)c(O)cc2C(=O)O[C@@H]1C(C)O,-0.20411631218499024
492.48100000000034,3.009100000000001,10,5,195.53999999999996,9,0.08531053487965169,4.6655249287051435,2,COC(=O)[C@@H]1C/C=C\C(=N\O)[C@@H](N=C(O)CCCCCCC(=O)O)c2c(O)cc(O)cc2C(=O)O1,-0.20419449317746097
484.5170000000002,1.9938699999999998,9,4,189.39999999999998,8,0.20887722036158352,4.977977100765746,4,N=C(N)NCCCCCCCN1CCCNC(=O)c2coc(n2)-c2coc(n2)-c2coc(n2)C1=O,-0.20480650736731976
473.5670000000002,2.9972000000000003,8,5,173.76,2,0.13369406570462739,5.6527265829682145,1,COC(=O)[C@@H]1CCC[C@H](C)[C@H](O)[C@H](C)[C@H](C)C[C@@H](OC(O)=NO)[C@@H](C)C(O)=N[C@@H](C)C(O)=N1,-0.20578646300473702
558.6650000000004,2.0754000000000006,9,6,198.89,10,0.21451276235218555,5.35232163982413,1,C[C@@H]1/C=C\C(=O)[C@@H](C)[C@H](O)C[C@H](C)[C@H](O)CC[C@@H](CCC[C@H](CCC(=O)O)O)OC(=O)[C@@H](O)[C@@H]1CCC(=O)O,-0.20642663224497007
525.5550000000003,3.0028000000000006,9,7,214.21999999999997,5,0.16936517863672176,5.450072021542773,2,CCO[C@@H]1CCCC(O)c2cc(O)cc(O)c2C(=O)OC[C@H](N=C(O)O)C(O)=N[C@@H](CC(C)C)C(O)=N1,-0.20751261768866047
476.48200000000026,1.9945999999999997,9,7,195.93,2,0.10971680234914752,5.397795820201118,3,C[C@@H]1C[C@H]2O[C@@H]2/C=C\C=C\C(=N/O)c2c(O)c(O)cc(O)c2CC[C@@H](CC(=O)O)N=C(O)[C@H]1O,-0.20755975259187412
480.5140000000003,3.0108000000000006,10,5,174.98000000000002,8,0.21117541482371907,4.719030751831218,2,CCCCCC[C@H]1OC(=O)c2cc(O)cc(O)c2C(=O)OCC(CCC(=O)O)C(NO)=N[C@H]1C,-0.2080035557003775
504.5820000000004,1.9804900000000003,9,6,201.82999999999998,8,0.20947206470780713,5.810868734879492,1,CC[C@@H](CC(O)=N[C@@H](C)C(O)=N[C@@H](C)C(O)C(O)=N[C@H]1CCSCC[C@@](C(=O)O)O)OC(=O)C1,-0.20800596460678708
530.6550000000003,2.998100000000001,8,6,181.82,7,0.21133012652630062,5.590095121237914,1,C/C=C1/C[C@H]([C@H](C)C[C@@H](CCC(=O)O)O)C(O)C(=O)[C@@H](C)[C@H](O)[C@@H](C)CCC[C@H](C)C(O)[C@@H]1OC(=O)O,-0.2084598131535194
516.6320000000003,3.0152,9,5,178.46999999999997,11,0.15671658581679368,6.1289376634762345,1,COC(O)C[C@@H]1N=C(O)[C@@H](O)[C@@H](C)/C=C(\C)C[C@H](C)[C@H](OC(N=O)C[C@H](O)[C@@H](C)CC(=O)O)[C@@H](C)C1,-0.20874735949467732
502.3940000000002,3.022900000000001,8,5,204.76999999999995,6,0.11729470418181996,6.095013773697026,1,CN=C(O)[C@H]1CC[C@H](CCCCC)P(=O)(O)OP(=O)(O)OC[C@@H](N=C(O)O)[C@@H](C)C(=O)O1,-0.20921479523207753
473.52300000000014,1.9935000000000005,8,6,190.49999999999997,2,0.1144053667978086,5.080347045983753,1,C/C=C1\NC(=O)CCCCCCCC(O)CCC[C@H](OC(N=C(O)O)=NO)[C@@H](CO)C(=O)O1,-0.2094060317087354
490.55700000000036,3.0226000000000006,8,5,169.07999999999998,8,0.1602326720667239,4.396642598213469,2,CCCCNC(=O)Nc1cc(O)c2c(c1)/C=C/C[C@@H](C)C(=O)N[C@@H](CCCCN)C(=O)OC(=O)O2,-0.20989140667497583
459.53600000000034,2.0145000000000004,7,5,173.95,5,0.38517456394557276,4.969878822453461,1,COC(=O)[C@@H]1CCCC[C@H](C)[C@H](O)[C@H](C)C(O)CC[C@H](CC(=O)O)[C@@H](CC(=O)O)C(O)=N1,-0.21038769256779216
501.6170000000002,3.0263999999999998,8,5,162.62,12,0.1536060543809743,4.720034646135206,1,CCCCCC[C@H]1CCCCCC[C@@H](CC(=O)NCC[C@H](O)C(O)OC(=O)O)C(O)/C=C/C(=O)O1,-0.21058483410730217
518.6480000000003,3.0182000000000007,8,6,181.63,4,0.3257156821599483,5.664891911151892,1,CO[C@H]1C[C@H](C)C[C@H](C)[C@H](C)[C@@H](O)C[C@@H](CCC(=O)O)CCC[C@@H](C)OC(O)=NC(O)[C@@H](O)C(O)=N1,-0.21060861809527204
513.6280000000003,3.0233000000000008,9,5,166.10999999999999,5,0.09269930834092878,5.715926176799045,1,C/C=C/[C@@H]1C[C@@H](C)[C@H](O)C[C@H](O)C(=O)[C@H](C)CC[C@H](CCCC)[C@H](OC(O)=NO)[C@@H](O)/C=C/C(=O)O1,-0.21108707193004542
474.5270000000002,1.9874900000000006,8,5,183.17999999999998,10,0.13573607168757554,4.900587199244274,1,C[C@@H]1CCCC[C@H](OC(=O)CCCC[C@H](CC(=O)O)O)[C@@H](N=C(O)O)[C@](CO)CCC(=O)O1,-0.2112395202891728
489.60600000000017,3.0313,8,6,169.26999999999998,10,0.08873392357821011,5.426708026792598,1,CO[C@H]1C[C@@H](C)[C@@H](C)[C@H](O)[C@@H](C)C[C@@H](CCCCC[C@@H](O)CC(=NO)O)[C@@H](O)/C=C(\C(=O)O)O1,-0.21353428610881198
516.6280000000003,1.9720999999999982,8,6,181.82,5,0.2333419151870356,5.570241541501905,1,C/C=C1/[C@H](O)C[C@@H](C)[C@H](O)C(O)C(=O)O[C@H](CC(=O)O)[C@@H](C)C[C@H](C)[C@@H](O)[C@H](CCC(=O)O)[C@H](C)C1,-0.21376273561123874
473.5340000000003,3.0212800000000013,10,3,188.58999999999997,10,0.2641777434969799,4.776377422741449,2,C[C@@H](C)[C@@H]1NC(=O)[C@@H](CCCCCN)N=Nc2cc(C#N)cc([N+](=O)[O-])c2N=C1OCCCO,-0.2151256627369226
530.6590000000003,1.984100000000002,10,6,183.01000000000002,7,0.2828694034978356,5.697593265146591,1,CO[C@H]1/C=C\C(=O)[C@@H](C)[C@H](O)[C@H](C)C[C@H](C)C[C@H](C)[C@H](O)[C@@H](CCC[C@@H](CC(=O)O)O)OC(N)=CN1O,-0.21527737160231158
515.6080000000003,1.965570000000002,10,7,223.63000000000002,4,0.21416733180910105,5.781110739294583,1,CO[C@H]1C[C@@H](C)CC[C@H](C)[C@H](O)[C@@H](C)C(=O)CC[C@@H](CCC(=N)O)OC(O)=N[C@@H](O)/C(N)=N\N=C1O,-0.2160391321959975
550.6420000000004,2.022599999999999,10,7,211.27999999999997,6,0.18694246639863674,5.377024477380206,1,CCC(O)[C@H]1CCC[C@H](O)[C@@H](C)C[C@@H](CCC(=O)O)OC(=O)C[C@@](O)(O)CCC[C@H](C)C(O)[C@H]1OC(=O)O,-0.21615774391864923
531.6100000000002,1.979100000000001,11,6,204.73999999999998,12,0.09948755863436408,5.045866885822049,3,NCCCC[C@H]1N=C(O)CC[C@@H](CCCCN)OC(=O)c2c(NOCc3ccc(N)cc3O)cc2C(=O)O1,-0.21773988610266123
451.47600000000006,2.9911,7,6,181.27,10,0.17820757444489618,4.149481381797986,2,C[C@@H]1NC(=O)[C@@H](N=C(O)OCCCCCCCCC(=O)O)c2cc(O)cc(O)c2N=C1O,-0.21910497005773272
465.4590000000002,1.9775000000000003,9,4,184.31,5,0.16585832079348234,5.376921387808055,2,CO[C@H]1/C=C\C(=O)[C@@H](C)[C@H](OC(O)=Nc2ccc([N+](=O)[O-])cc2)C(O)=N[C@@H](C(O)O)C(C)C1,-0.2201211546489794
496.55300000000034,3.050300000000001,9,5,170.82,5,0.3815999480980053,5.007202635921553,2,C[C@@H]1CCC[C@H](CCC(=O)O)c2cc(O)cc(O)c2C(=O)O[C@H]([C@H](C)CC)OC(=O)[C@@H](O)[C@@H](O)C1,-0.22022793109866912
494.5410000000002,3.0520700000000014,7,7,193.11999999999998,7,0.22020636615937564,5.396257164604258,2,COCC(C)c1cc(O)c2c(c1)/C=C/C[C@H](CC(=O)O)[C@H](O)[C@H](N=C(O)O)[C@@H](OC(=N)O)CCC2,-0.2210977347419015
509.55200000000036,3.050700000000001,9,5,183.18,6,0.21690643785350974,5.182096249510211,2,C[C@H]1CCCC[C@H](N=C(O)CO)c2cc(O)cc(O)c2C(=O)O[C@@H]([C@H](C)CC)C(=O)[C@H](CC(=O)O)O1,-0.2211068547467495
490.5750000000002,3.051400000000001,8,5,186.30999999999997,12,0.15450925103695784,5.186070849054223,1,CC[C@H](O)[C@@H]1CCC[C@H](OC(=O)CC(O)=N[C@@H](CC(=O)O)C(O)=N[C@H](C)CSC(=O)O)[C@@H]1C,-0.2213640352451142
516.5070000000003,1.9495999999999998,11,7,220.00999999999996,7,0.1226080517036077,5.078654762551942,3,NCCCC[C@H]1N=C(O)[C@H](N=C(O)OC(CO)=Nc2ccccc2O)Cc2cc(O)cc(O)c2C(=O)O1,-0.22262153938017784
497.5450000000002,3.0576000000000016,7,5,190.83,10,0.17136192656584415,5.467524484625557,1,CO/C1=C/C(C)=C\[C@@H](C)[C@@H](OC(O)=NCCCC(=O)O)C(O)=N[C@@H](C(O)=N[C@@H](C(O)=O)C(C)C)C1,-0.22309403779572481
458.55200000000013,1.9821,7,6,172.39999999999998,7,0.31418522727279685,5.6099145881766646,1,CCOC(CC)C1CC(O)C(C)=C(C)CC(CCC(=O)O)C(O)C(O)=NC(O)C(O)=NC1,-0.22313003476896595
500.5300000000002,3.0585000000000004,9,6,207.33999999999997,7,0.23800097166910608,5.23487641014877,2,CO[C@H](CC[C@H](O)CC(O)=N[C@H]1CSCc2c(O)ccc([N+](=O)[O-])c2NC(=O)O)C(C)C(O)=N1,-0.22340251475755613
509.5080000000003,3.057100000000001,9,6,203.40999999999997,8,0.07500240062288695,5.072679076156403,2,CO[C@H]1/C=C/CC[C@H](CCC(=O)O)c2c(O)c(O)cc(O)c2C(=O)O[C@@H](N=C(O)CCC(=O)O)[C@H]1C,-0.2236498912496946
528.5140000000002,1.9587999999999994,10,6,191.71999999999997,5,0.1424432264640773,5.571403899197567,4,CCCCNC(=O)[C@@H](NC(=O)c1ccc(O)c2c(O)c(O)c1)C(=O)O[C@H](c1ccc(O)cc1)[C@@H](C)OC2=O,-0.22386554711254733
493.5240000000002,1.940800000000001,9,6,187.98999999999995,7,0.2110276457627996,5.489951438253635,4,NCCCC[C@H]1NC(=O)[C@@H](NC(=O)c2ccccc2NO)CN=C(O)c2coc(n2)-c2cccc1n2,-0.22405467347056124
505.64900000000006,3.064200000000001,8,7,180.26999999999998,6,0.21074990638775898,5.020494134928301,1,CCCCC[C@H]([C@@H]1C(O)CCCCCCCCCCC(O)CC(O)C(O)[C@@H](O)C(O)=N1)OC(=O)O,-0.22596262346680296
493.50900000000024,1.9337000000000002,10,5,183.17999999999998,7,0.16274301762103716,4.990978547241047,2,CO[C@H]1/C=C\C(=O)[C@@H](C)[C@@H](O)C(=NCCCCCC(=O)O)c2c(O)cc(O)c(O)c2C(=O)O[C@@H]1C,-0.22689169822626817
531.6030000000003,3.0457000000000005,9,7,214.21999999999997,6,0.08736905894917395,5.775542056957398,1,CC(C)[C@@H]1CCCCC[C@H](OC(O)=N[C@@H](O)CC(=O)O)C(C)=CC[C@@H](C)[C@H](OC(O)=NO)[C@@H](O)C(O)=N1,-0.22724690720887744
515.6040000000005,3.0646000000000004,8,5,187.34,16,0.1519561813132353,4.987068997575189,1,CCCCC(C)OC(=O)NCC(C(O)=N[C@H]1CCCCCCCC[C@H](C(=O)O)O)OC(=O)CN=C1O,-0.22798606287227327
515.6240000000003,3.0647900000000012,8,6,189.47,11,0.22452815697835637,5.514537392452321,1,CC(C)CC[C@@H]1N=C(O)O[C@H](O)CC(=O)[C@](CCCCC(=O)O)[C@](O)(CCCC)C(O)=N[C@@H](O)[C@@H]1C,-0.22806682476853196
451.4720000000002,1.9807999999999997,9,5,176.60999999999996,1,0.31540685857322054,4.774152723828299,2,C[C@@H]1/C=C\C(O)CCC(=O)[C@@H](O)CCCC[C@H](OC(N)=O)c2c(O)cc(O)cc2C(=O)O1,-0.2292397206768495
497.5120000000002,3.0763,9,5,186.64,7,0.24137385875637205,5.199140538859135,4,CCCNC(=O)NCCCC[C@@H]1NC(=O)c2coc(n2)-c2coc(n2)-c2ccc(N)cc2NC(=O)O1,-0.23057369966238553
517.4870000000003,1.9272999999999993,10,7,203.07999999999998,5,0.2245427291113181,5.97772875287121,3,COC(=O)[C@@H]1C/C=C/c2cc(cc(O)c2O)-c2cc(cc(O)c2O)C[C@@H](CCC(=O)O)N[C@@H](C(=O)O)O1,-0.23173438906644858
503.5890000000002,3.0795000000000012,8,6,186.33999999999997,8,0.2687192526552712,5.3470042620995155,1,COCC(O)=C(O)[C@@H]1CCC[C@H](C)C[C@H](OC)[C@H](O)[C@@H](C)C[C@@H](CC(=O)O)[C@H](CC(=O)O)C(O)=N1,-0.23191111160097577
505.52800000000036,1.919499999999999,11,4,192.87,4,0.4434911741934016,6.182253883442156,3,CCN=C1[C@@H](C)CN=C(O)c2coc(n2)[C@H](CC(=O)O)NCCCC[C@@H](CO)OC(=O)c2coc1n2,-0.23246306187435495
509.5520000000002,1.91822,10,5,175.33999999999997,4,0.17443187943410288,5.066730939756721,2,COc1cc(O)c2c(c1C)CC[C@@H](C)CC(=O)/C=C/C[C@@H](CO)C(OC(O)=N[C@H](O)O)[C@@H](C)OC2=O,-0.23349483454671968
491.5850000000003,3.0882000000000027,8,6,176.06,13,0.24376100200344336,6.310618486928649,3,CC(C)[C@@H]1N=C(O)[C@]2(N=C[C@@H]2CCC(CC(=O)O)CC[C@@H](CO)CCCO)c2c(O)cc(O)c1n2,-0.23588117199132383
487.5940000000002,1.9074000000000004,9,6,187.41999999999996,2,0.19341527849357937,5.457572807538579,1,CO[C@H]1CCCCC[C@H](C)[C@H](O)C(O)=NCCC[C@@H](OC(N)=O)[C@@H](O)/C=C/C(\C)C(=N/O)[C@H]1O,-0.23833505185767345
497.5450000000002,3.095900000000001,7,8,208.14999999999998,3,0.22744138794644445,5.875985403538723,2,CO[C@@H]1CC[C@H](C)c2cc(O)cc(O)c2C(O)C[C@H](N=C(O)O)[C@H](N=C(O)O)[C@@H](C)C(O)=N[C@H]1C,-0.23841056541185465
480.47000000000025,3.0888999999999998,8,6,195.20999999999998,8,0.29912545235124743,5.0272834335601395,2,CO[C@H]1C[C@@H](C)[C@H](OC(=O)O)/C=C/c2cc(NCCC(=O)O)cc(O)c2N=C(O)[C@@H]1CC(=O)O,-0.23877645863861854
481.5020000000002,3.090700000000001,7,7,204.98999999999995,5,0.18704267209059355,5.586740586105188,2,C[C@H]1OC(=O)[C@@H](CCCC)c2cc(O)cc(O)c2CN=C(O)[C@@H](N=C(O)O)[C@@H](N=C(O)O)[C@@H]1C,-0.23915882257612855
547.6460000000003,3.0484000000000018,8,7,214.21999999999997,13,0.10156558100964332,5.694977078047455,1,COC(OC(O)=N[C@H]1CCCCC[C@H](N=C(O)O)C(O)=N[C@@H](CCO)C(=O)O)CCCC(C)C(C)C(O)C1,-0.23916390794599512
518.5890000000002,1.9078000000000015,10,6,214.19,8,0.09016388063133979,5.663185965623335,1,CCN=C(C)[C@H](O)[C@H]1CCSC[C@@H](CCCC(=O)O)OC(=O)CCC(O)=N[C@@H](C(O)=NO)C(O)=N1,-0.2397797699640229
486.5210000000003,1.9031999999999998,8,7,193.90000000000003,8,0.2727431429376479,5.94277623701671,4,CC[C@H](O)[C@@H](CCC(=O)O)[C@@H]1Cc2cc(O)cc(c2O)Cc2cc(O)c(c(CC(=O)O)c2)/C(N)=N1,-0.24023732466875336
501.6170000000002,3.101800000000001,7,6,177.10999999999999,11,0.10738709220683766,5.256441326223848,1,CCCCC[C@H]1CCC[C@H](CO)CC[C@H](OC(O)=N[C@@H](O)/C=C\C(=O)O)[C@@H](CC(=O)O)[C@H](O)[C@@H]1C,-0.24074172292313636
535.6750000000002,1.9242000000000004,8,8,200.49999999999997,6,0.18342045923600295,5.339614362821074,1,CO[C@@H]1CC[C@H](O)[C@H](O)[C@@H](C)CCC[C@@H](CCCC(=O)O)[C@@H](O)C(O)[C@@H](N=C(O)O)[C@@H](O)CCC[C@H]1C,-0.24111848726300517
548.6890000000004,3.053600000000003,9,6,217.29999999999998,10,0.1879726383755858,6.2981306681988505,2,CCN=C(C)[C@@H]1N=C(O)CCCC(=O)Nc2coc(n2)C[C@H](CCCCN)N=C(O)[C@H](CCCCN)N=C1O,-0.24190524691291979
475.5790000000002,1.903799999999999,9,5,166.10999999999999,10,0.137191070870811,4.894530209409961,1,CCCCCCC[C@@H]1CCCCC(=O)CCC(O)C[C@H](OC(O)=N[C@H](O)[C@@H](O)CO)C(=O)O1,-0.24343017759513744
474.51800000000014,3.0958000000000006,8,4,175.43999999999997,8,0.2561927762742619,5.857850036204898,3,CCC(=O)NC(O)=NCCCCC[C@@H]1NC(=O)c2coc(n2)-c2coc(n2)[C@H](C(C)C)N=C1O,-0.24370833325104022
533.6590000000003,1.9143,9,7,197.33999999999997,9,0.1305120388383031,5.461786846790709,1,CCCCC[C@@H]1CCC[C@@H](C)C(O)[C@@H](O)CC(O)=N[C@H](CCC(O)O)C(=O)O[C@H](CC(=O)O)C(O)[C@@H]1C,-0.24375978241703472
522.6420000000003,3.100600000000002,9,5,178.46999999999997,10,0.0710503568732645,5.941256834131346,1,CC[C@H](C)[C@@H](N=C(O)O[C@@H]1CSSC[C@H](N=C(O)O)C(=O)O)C(C)=CC(O)[C@@H](C(C)C)C(=O)O1,-0.24447064906855467
516.6320000000004,1.8945000000000012,9,6,178.14,15,0.08146641883530145,5.576693897502354,1,CCCCOC(O)C(N=C(O)NCC(=O)O[C@@H]1C[C@H](C)CCCC[C@H](O)[C@@H](C)/C=C(\C)C(=O)O)[C@H]1O,-0.24447358486347728
509.55200000000036,3.1113999999999997,7,7,205.17999999999998,10,0.22936740542651854,5.8670740336026235,3,CC(C)[C@@H](CC(=O)O)[C@H]1C[C@H](O)c2cc(O)c(cc2O)C[C@@H](CCCC(=O)O)[C@H](CC(=O)O)N=C1O,-0.2453050272945909
474.51100000000014,1.8992700000000016,8,7,217.83999999999997,7,0.21119238002511825,5.782239654239316,1,CO[C@@H]1CCCC[C@H](C)[C@H](OC(O)=N[C@@H](CCC(=N)O)C(=O)O)C(O)=N[C@@H](C)C(O)C(O)=N1,-0.24563998401725984
518.6040000000003,1.8918000000000006,9,6,198.7,15,0.10564620633981384,5.470375048973829,1,CCC[C@H](O)[C@@H]1N=C(O)CC(CCCC[C@H](OCCCCC(=O)O)O)C(O)=N[C@@H](CO)[C@@H](C)OC1=O,-0.24610890610459413
499.5130000000003,1.8845999999999998,9,8,217.56999999999996,14,0.10490608242368074,4.693159218407375,1,C/C(=C\c1cc(O)cc(O)c1)C(O)=NCC(O)C(C)C(O)C(O)C[C@H](CCCC(=O)O)OC(=O)O,-0.24616192694240926
502.64900000000017,1.8841000000000006,8,7,186.05999999999997,10,0.10129274577003951,5.37556453630389,1,C/C=C1/[C@@H](C)[C@H](OC(O)=N[C@H](CCCCCCCN)C(=O)O)C(O)CCC[C@H](C)[C@H](O)[C@@H](O)[C@@H]1O,-0.2464169604633575
496.5240000000002,1.8832999999999993,10,4,175.97,10,0.23936818231929766,6.259383249918491,4,CCN=CC(O)CNCCC[C@H]1NC(=O)c2coc(n2)-c2coc(n2)-c2cccc(n2)[C@H]1CC(=O)O,-0.24677794209369713
480.5870000000003,3.1106000000000016,9,5,170.32,9,0.11793289832893544,4.626637655464262,2,CCCCCCN=C(O)CCN=C(O)[C@H]1CSCc2cc(O)c(O)cc2C(=O)OCC(N)=N1,-0.24730676471944768
505.58500000000026,1.87989,9,8,212.85999999999999,11,0.06706454380956248,5.574331820474704,1,CC[C@@H]1CCCC[C@H](CC[C@@H](CC(=O)O)CC(O)O)C(O)C(O)=NC[C@@](CCC(O)=NO)C(O)O1,-0.24829537820104505
500.63300000000027,3.1271000000000013,7,5,171.89999999999998,13,0.11017639961370228,5.344370372653342,1,CCCCO[C@H]1C[C@@H](C)[C@@H](OC(O)=N[C@@H](CCCCN)C(=O)O)[C@@H](C)/C=C(\CC(=O)O)[C@@H](O)[C@@H]1C,-0.25084319475720335
496.51300000000026,3.1290000000000013,9,5,192.18000000000004,10,0.1390247638258349,5.369711901446363,2,COC(O)[C@@H]1C[C@@H](O)C[C@H](OCCC(=O)O)c2cc(O)cc([N+](=O)[O-])c2N=C(O)[C@@H]1CC=CCC,-0.2516966362031886
507.58200000000045,1.8673899999999999,9,7,209.69999999999996,10,0.12881016434657575,5.284737642459199,1,CC(C)C[C@@H]1N=C(O)[C@@H](N=C(O)[C@](O)(O)CSC[C@@](C(=O)O)O)CCCCCC[C@H](C(=O)O)O1,-0.2534979542954934
513.6720000000003,1.868200000000001,8,6,170.54000000000002,6,0.3101227489078953,5.60244747032749,1,CO[C@H]1/C=C\C(=O)[C@@H](C)[C@H](O)[C@@H](C)C[C@H](O)[C@@H](CC[C@H](CC(=O)O)O)[C@@H](C)/C(N)=C/[C@@H](C)C(O)[C@@H]1C,-0.254194989596569
469.4500000000003,1.8821999999999994,9,5,166.78,5,0.1433843330683633,4.387835655314365,3,CO/C1=C\C(=O)[C@@H](N=C(O)NCC(=O)c2ccccc2O)CCNc2ccc(O)cc2C(=O)O1,-0.25456139613067813
482.49700000000024,1.869099999999999,8,5,171.61999999999998,6,0.3313239942942656,5.416336723170399,4,CNC(=O)NCCCC[C@@H]1NC(=O)c2coc(n2)-c2ccccc2NC(=O)c2coc(n2)[C@@H]1CO,-0.2547763521914861
456.53600000000023,1.9004999999999999,7,5,169.24,5,0.4175643449531532,5.72595883737414,1,CO[C@H]1/C=C\C(=O)[C@@H](C)[C@H](O)[C@@H](C)C[C@H](O)[C@@H](C)C(O)=N[C@H](C[C@@H](C)CC(=O)O)C(O)=N1,-0.25506963203015753
502.6050000000002,3.138,7,6,189.46999999999997,7,0.3035318447416331,5.730524628168099,1,CC[C@H](C)[C@@H](CC(C)C(=O)O)[C@@H]1CCCC[C@@H](C)C(O)CC(O)=N[C@@H](O)CC(O)=N[C@@H](C(O)=O)O1,-0.2552531764738688
483.4740000000003,1.8661,8,7,215.07999999999996,14,0.06697387584614853,3.627992022874148,1,CCCCNC(=O)c1cc(O)cc(O)c1CN=C(O)C[C@H](NC(=O)CCCC(=O)O)OC(=O)O,-0.25570511982359667
519.6360000000002,1.8680700000000017,10,7,208.14,7,0.06480985989212354,5.608777488074968,1,CO[C@@H]1CC(C)CC[C@H](O)C[C@H](CCC[C@H](OC(N)=N)O)OC(=O)C[C@H](C(O)=NO)[C@@H](C)C(O)[C@@H]1C,-0.25580456205470553
474.59100000000024,1.8704999999999996,8,7,167.91,11,0.2363106127226181,5.37577954083633,1,CO/C1=C(/C)[C@H](CCC[C@H](C)[C@H](O)C(O)C(CCC(=O)O)O)C(O)=C(C)C(O)C(C)C(O)C1,-0.2568768364878391
503.5890000000005,3.1427000000000005,9,4,168.68999999999997,12,0.22916455362615684,4.951138969800439,1,CCCCNC(=O)O[C@H]1[C@@H](C)[C@H](O)[C@](C)(O)[C@H](C)C(=O)[C@@H](CCCCCCCC(=O)O)OC(=O)O1,-0.25718018991360925
482.48600000000033,1.8623000000000003,8,7,209.7,6,0.31266715571242615,5.060159018844421,2,CO[C@H]1C[C@H](CCC(=O)O)c2cc(O)cc(O)c2CCCC(O)C(O)=N[C@@H](CC(=O)O)C(O)=N1,-0.2574738184437398
502.6530000000003,3.1437999999999997,8,7,179.72000000000003,9,0.08251956769768647,5.828821328447916,1,CNCCC[C@@H]1N=C(O)C[C@H](C)[C@H](O)[C@H](C)[C@@H](C)C(O)[C@@H](CCCCC)[C@H](OC(O)=NO)C(O)=N1,-0.25757465720835176
466.4870000000003,3.1234,8,6,189.46999999999997,10,0.17080770666051803,4.959101684258184,2,CC[C@H](O)[C@H](C)C[C@@H]1OC(=O)c2cc(O)c(O)c(CCCCCC(=O)O)c2N=C(O)C(O)=N1,-0.2582109491791546
505.48600000000016,3.1454000000000013,8,5,179.5,3,0.2326195885134251,4.729547510426361,2,COC(=O)Nc1ccc2c(c1)COCCC[C@H](N=C(O)OP(=O)(O)O)C(O)=N[C@@H](C)CSC2,-0.25839305405525176
478.57900000000035,1.8615999999999995,8,6,173.98,9,0.21191943573126512,5.205418868711625,1,CO[C@H]1C[C@@H](C)[C@H](C)[C@H](OC(=O)O)[C@@H](C)C(O)[C@@H](CCCCC[C@H](C(=O)O)O)[C@@H](O)[C@@H](O)C1,-0.25892888321699464
480.51800000000026,1.8582200000000004,8,7,210.77999999999997,11,0.13964103097015218,4.74670947506441,2,COc1cc(O)c2c(c1C)CC[C@H](N=C(O)C[C@H](O)C(O)=N[C@H](CCCCN)C(=O)O)C(O)=N2,-0.2596521600911494
489.4770000000002,3.147400000000002,9,8,200.5,4,0.1364398088764647,5.122323131615239,3,CC[C@H](O)[C@@H]1C/C=C/c2cc(O)cc(O)c2C(=O)O[C@@H](c2ccc(O)c(O)c2O)C[C@@H]1N=C(O)O,-0.2598138097099544
520.5350000000003,1.8575000000000006,7,6,199.55999999999997,11,0.1847532241256879,4.528096772762388,2,CCCCNC(=O)c1cc(O)c2c(c1)/C=C/C[C@H](C(=O)N[C@H](C(=O)O)C(=O)O)[C@H](CCC(=O)O)[C@H](C)O2,-0.26026091696603226
542.6660000000004,1.8789000000000002,9,4,167.65999999999997,7,0.3486623924747633,5.957319001282838,1,COC(O)[C@@H]1/C=C/C(=O)[C@@H](C)[C@H](OC)[C@H](C)[C@H](O)[C@H](CC(C)=O)[C@H](C)[C@H](C)C(=O)C(O)[C@@H](C)[C@H]1CC(=O)O,-0.2626860937012085
523.6270000000003,3.146200000000001,8,7,177.45,8,0.11666153038876216,4.4479649809071855,2,CCNC(=O)NCCCC[C@@H]1CCCCC[C@@H](C)OC(=O)c2c(O)c(O)cc(O)c2C[C@@H](CC(=O)O)N1,-0.26276386912206995
500.5650000000002,1.83867,9,5,194.60999999999996,14,0.21830145568119416,5.269569944345514,1,CC[C@H](C)[C@@H](C[C@@H](O)[C@H](CCC(=O)O)O[C@@]1CC[C@@H](C)C[C@H](O)[C@H](C#N)[C@@H](CC(=O)O)O)C(=O)O1,-0.2645344134966186
487.5050000000002,3.1618000000000017,7,7,188.10999999999996,5,0.3321583294692828,5.906896497942844,5,C[C@@H]1C[C@@H](CCC(=O)O)c2c(O)cc(cc2O)-c2ccc(cc2O)C[C@H](CC(=O)O)N=C(O)[C@H]1O,-0.26589693209963955
504.6210000000002,1.8356000000000001,8,8,203.63,8,0.2423722056335654,5.314120030677287,1,CCC[C@@H]1CCCC[C@H](CC(O)CCCC(=O)O)CCC(O)[C@H](O)CC(O)=N[C@H](O)[C@H](O)C(O)=N1,-0.26592065012706323
487.46100000000024,3.1682000000000006,7,8,208.33999999999997,5,0.17536404000710717,5.944419386297439,3,C/C1=C\[C@H](CC(=O)O)c2c(O)cc(O)c(c2O)-c2cc(ccc2O)C[C@@H](N=C(O)O)[C@@H]1CC(=O)O,-0.26845391500963456
526.5830000000003,3.159000000000002,9,7,201.85999999999996,8,0.11407700815667376,5.4213059357199125,2,CCCCC[C@@H]1OC(=O)c2cc(O)cc(O)c2CC(O)C[C@@H](N=C(O)O)C(O)=N[C@H](CCCC)C(O)O1,-0.26890813218644116
503.58900000000034,1.826500000000001,8,6,194.17999999999998,6,0.2910383052250751,5.375404424678585,1,COC(=O)[C@@H]1CCC[C@H](C)[C@H](O)C[C@H](C)C(O)[C@@H](CCC(=O)O)[C@@H](CC(=O)O)C(O)=NC(O)[C@@H]1C,-0.26949560976758014
497.4570000000002,1.8255999999999997,9,8,242.28999999999996,7,0.06739791946841835,5.3862906585340085,2,C[C@@H]1C[C@H](CCCC(=O)O)c2cc(O)c(O)cc2CC(=O)O[C@H]([C@@H](N=C(O)O)C(O)=NO)C(O)=N1,-0.2698079409431829
527.5920000000002,1.8366199999999995,11,3,157.69,8,0.25626025731758845,5.761246332889576,2,COc1c2cc(c(OC)c1C)C(=O)O[C@@H](C)C(=O)C(N[C@H](C(=O)O)O)C(=O)O[C@H](CCCC)CSC2,-0.27102944076243846
533.6150000000004,1.842,10,5,181.07999999999998,5,0.1975327420759986,5.646380720916582,1,CO[C@@H](NC(=O)O)CC[C@H]1O[C@@H](C)C[C@H](O)C[C@H](O)C[C@@H](C)/C=C/C[C@H](C)OC(=O)CC[C@@H](O)OC1=O,-0.2716507185707413
483.5140000000002,3.1763000000000017,8,7,197.34,8,0.0947235296756611,5.099565994977254,2,C[C@@H]1CCC[C@H](CCC[C@H](OC(=O)O)Cc2cc(O)cc(O)c2O)C(=O)C[C@H](N=C(O)O)[C@@H]1O,-0.272521968259442
474.5510000000002,1.8293000000000004,7,7,200.46999999999997,8,0.2738505644492818,5.194823684254247,1,C[C@@H]1CCCC(O)CC[C@H](O)C[C@H]([C@H](CCC(=O)O)O)C(O)=N[C@@H](CCCC(=O)O)C(O)=N1,-0.27306549544752057
474.5510000000002,1.8293000000000004,7,7,200.46999999999997,9,0.26013524259716375,5.3370039899036525,1,CC[C@H](O)[C@@H](CC(=O)O)[C@H]1CCCCC[C@@](C)(O)C(O)C(O)=N[C@@H](CCCC(=O)O)C(O)=N1,-0.27306549544752057
516.5880000000003,3.179800000000001,9,5,187.69999999999996,12,0.1902796539476631,6.077874991023345,1,CO[C@@H](N=C(O)CC(O)=N[C@@H]1C/C(C)=C/[C@H](C)[C@H](O)[C@@H](C)C[C@H](C)[C@H](C)[C@@H](O)CC(=O)O)OC(=O)O1,-0.2739363673848368
458.55200000000025,1.8454,8,5,169.23999999999998,3,0.2422896421276623,5.515648363225146,1,CC(C)C(O)N=C(O)[C@@H]1CCCC[C@H](C)[C@H](O)C(O)=N[C@@H](C)C(=O)C[C@@](C)(O)CC(=O)O1,-0.2746487437000212
475.53900000000016,1.8202000000000016,8,7,204.99,12,0.0949297878549763,5.722219587816813,1,CO[C@@H](CC[C@H]1CC[C@H](C)[C@H](O)[C@@H](C)C[C@H](CC(=O)O)O)C(O)=N[C@H](CC(O)=NO)C(O)=N1,-0.2762858094148153
513.4960000000003,1.8123199999999997,11,6,212.63999999999996,10,0.06598806934780131,4.851728071532962,2,CCC(O)C(O)CC(O)=NCCC[C@@H]1OC(=O)c2c(O)c(O)cc(C)c2C(=O)O[C@@H]1[C@H](C)OC(=O)O,-0.2763931497848673
546.6620000000001,3.1512700000000002,9,9,232.0,7,0.07486179335467648,5.748799632192339,1,CCCCC[C@@H]1CCCCC[C@@H](O)C[C@H](O)C[C@H](OC(O)=N)[C@@H](CO)C(O)=N[C@H](C(O)=NO)[C@@H](C)C(O)=N1,-0.2767196903727671
477.4740000000002,3.1853000000000007,9,4,192.86999999999998,7,0.26125604569803657,5.866069656650242,3,CCCCN=C(O)[C@@H]1CCCN=C(O)c2coc(n2)-c2coc(n2)[C@H](CCC(=O)O)NC(=O)O1,-0.27779751097517075
504.6210000000001,3.1952,8,7,192.62999999999997,11,0.07269961470517584,5.407320837449552,1,CC[C@@H]1C[C@H](C)C[C@H](CCCCCCC(=O)O)C(O)C(O)[C@@H](OC(O)=N[C@@H](O)C(O)=NO)C[C@@H]1C,-0.27823353673488027
495.57300000000026,3.1986700000000003,8,7,188.40999999999997,7,0.170427365754446,5.22126021663548,2,COc1cc(O)c2c(c1)CCC[C@H](C)C[C@H](O)C(O)=N[C@@H](CCCCC(=N)O)C(O)=N[C@@H](CO)O2,-0.27960821937131974
483.4740000000002,1.8041000000000003,9,7,214.21999999999997,3,0.18788932954517074,5.380459687740743,2,CO[C@@H]1CCCC[C@@H](O)Cc2cc(O)cc(O)c2C(=O)O[C@H](N=C(O)O)[C@H](N=C(O)O)C(C)=N1,-0.2803154014748385
487.59400000000034,1.8010000000000006,8,6,195.26,7,0.31007946939031134,5.559403022566055,1,CO[C@H]1C[C@@H](C)C[C@H](C)[C@H](O)[C@H](C)C(O)[C@H](CC(=O)O)CC(O)=N[C@@H](CCCC(=O)O)C(N)=N1,-0.28069876263353893
522.5510000000002,3.1937000000000015,10,3,178.01999999999998,6,0.09553330045854348,5.2475374555587955,2,CCOC(=O)[C@@H]1C[C@@H](C)C[C@H](OC(O)=NCc2cc([N+](=O)[O-])cc(O)c2)/C=C/[C@@H](C)[C@@H](O)[C@H](C)OC1=O,-0.2811215765536334
519.6320000000003,1.8033,8,7,197.33999999999997,7,0.260251658928178,5.468710780885142,1,CO[C@@H]1C[C@H](C)[C@H](O)[C@@H](C)CCC[C@@H](C)C(O)[C@@H](CCC(=O)O)C(O)C(O)=NC(O)[C@@H]1CCC(=O)O,-0.28143241479261066
532.6310000000003,1.812800000000001,9,7,209.7,10,0.16014078608567917,5.17450613644227,1,CCCCCCCCC[C@@H]1CC(=O)OCC(O)[C@H](O)CCC[C@@H](O)[C@H](O)C(O)=N[C@@H](CC(=O)O)C(O)=N1,-0.2825210488512313
496.5130000000003,1.792299999999999,10,5,184.20999999999998,6,0.1682932871270759,4.9153202166354815,2,CNC(=O)[C@@H]1CCCC[C@H](N=C(O)OCc2ccc(O)c(O)c2O)C(=O)O[C@H]([C@H](C)CC)C(=O)O1,-0.28316589320749813
508.6630000000003,1.7921000000000016,9,6,176.55999999999997,11,0.07926078654774028,5.341730692938805,1,CCCCC[C@@H]1N=C(O)[C@@H](NC(O)=NCCCN=C(O)CO)CC(=O)O[C@H](CO)CSSC1,-0.283689576607953
494.5410000000003,3.210400000000002,10,4,171.95,3,0.2795199701692599,5.521190366317878,2,CO[C@H]1/C=C\C(=O)[C@@H](C)[C@H](O)C(=Nc2cc([N+](=O)[O-])cc(O)c2O)C[C@H](C)C[C@@H](C)[C@@H](C)C(O)O1,-0.28436966843177997
503.6040000000004,3.2125000000000012,9,5,198.37999999999997,11,0.28556737536425586,6.075076373473966,3,NCCCC[C@@H]1NC(=O)c2coc(n2)-c2coc(n2)[C@@H](CCCN)N=C(O)[C@@H](CCCCC)N=C1O,-0.28509113501475325
517.5760000000001,3.209100000000001,10,6,211.05999999999997,9,0.0655917000938577,5.58341768091386,1,CCC(O)[C@@H]1CC(C)C[C@@H](OC(OC(=O)CCCCC(=O)O)=NO)C(O)=N[C@H](C(O)=NO)C(C)(C)C1,-0.2858099240824228
546.7020000000002,1.8245000000000002,10,6,181.63,16,0.07278446709946929,5.8611039998758425,1,CO[C@@H](CC[C@@H]1OC(=O)[C@@H](O)[C@@H](C)C[C@H](O)[C@H](C)/N=C(O)[C@H](C)C[C@H](C)[C@@H](C)C[C@@H](C)C(O)[C@@H](O)O)N=C1,-0.2858886972512205
505.5200000000003,3.216500000000001,8,5,183.17999999999995,7,0.2722775203894721,5.154044864565343,2,CCOC(O)=Nc1cc(O)c2c(c1)/C=C/C[C@H](C)[C@H](O)C(=O)/C=C\[C@H](CCC(=O)O)[C@@H](CC(=O)O)O2,-0.2868125548158591
509.5230000000003,1.7840699999999994,8,6,209.45999999999998,8,0.14717103279587618,5.524331126928877,4,N=C(N)NCCCC[C@H]1NC(=O)c2coc(n2)-c2coc(n2)-c2cccc(c2)[C@H](CCC(=O)O)NC1=O,-0.28700465588557994
539.5820000000004,3.194700000000002,9,6,199.72999999999996,8,0.12330428602153663,5.404788481679723,2,CCCCOC(=O)C1OC(C)c2cc(O)cc(O)c2CNC(=O)C[C@@H](N=C(O)O)[C@@H](CCCC)N=C(O)O1,-0.28893638278347805
509.6110000000003,3.223220000000001,8,6,181.42000000000002,11,0.1681614406443355,3.851541534799125,3,CNC(=O)NCCCCCC(NC(=O)c1coc(C)n1)-c1cc(N)cc(n1)-c1cc(N)cc(c1)[C@@H](C)O,-0.2899259081696567
519.6410000000002,1.7815900000000016,8,8,207.79,9,0.12572104534787534,5.653745803680016,1,CCCCNCC[C@@H]1CSC[C@@](C)(O)C(O)=NCC[C@H](O)[C@@H](N=C(O)O)C(O)=N[C@](CC(=O)O)C1,-0.2900364529158355
481.5420000000003,3.2192000000000007,8,6,177.10999999999999,9,0.22816484846496232,4.894548338080584,2,C[C@H](O)[C@@H]1CCC[C@H](CCCCO)c2cc(O)cc(O)c2C(=O)O[C@H](CCCC(=O)O)N=C1O,-0.2900389171404419
484.5090000000001,3.2235000000000005,8,6,161.73999999999995,5,0.12390961069531002,4.219980344488185,3,COC(O)=Nc1ccc2c(c1)NCCCCC[C@H](NC(=O)/C=C/c1cc(C(=O)NO)cc(O)c1)O2,-0.29105367945449534
510.53600000000034,3.227800000000001,8,6,198.89,8,0.22151705496143545,4.890730661683091,2,CC[C@H]1OC(=O)C[C@@H](CCC(=O)O)c2cc(O)c(O)c(O)c2CC[C@@H](CC(=O)O)[C@H](CC(=O)O)[C@@H]1C,-0.29188162597875233
519.5920000000003,1.7763000000000015,9,8,225.21999999999997,7,0.07991071655466454,5.812446924221726,1,COC(O)[C@@H]1CCC[C@H](O)[C@H](O)[C@@H](C)CC[C@H](CCCC(=O)O)C(O)=N[C@@H](C(O)=NO)[C@@H](C)C(O)=N1,-0.29211993471175446
464.4670000000002,3.209400000000003,10,5,170.81999999999996,3,0.2540524001910301,4.861806377037316,2,CO[C@H]1/C=C\C(O)=C(O)[C@@H](C)C(=O)CCC(=O)c2c(O)cc(O)c(O)c2C(=O)O[C@@H]1CCC,-0.29252369811008583
518.6440000000002,1.7744999999999993,9,6,181.82,12,0.12648390959525835,5.195958462683265,1,CC[C@H]1OC(=O)[C@H](C)[C@@H](O)[C@H](CCCC[C@H](CCCCC(=O)O)C(O)O)C(=O)CC[C@@H](O)[C@@H](O)[C@@H]1C,-0.2925857736527875
521.6040000000003,1.7755000000000007,9,7,206.57,9,0.21755776235924673,5.431686347298649,1,CCCCCC[C@@H]1O[C@@](C)(O)[C@H](O)[C@H](O)CCC[C@H](C(=O)O)[C@H](C)[C@@H](O)C(O)=N[C@@H](CCC(=O)O)O1,-0.29300336391243
516.5760000000001,3.2280000000000006,9,5,163.06,8,0.15336026614315468,4.046923342695775,3,COCCNc1cc(O)c2c(c1)NC(=O)CC[C@@H](NC(=O)/C=C/c1cc(O)cc([N+](=O)[O-])c1)CSC2,-0.29308103845864913
496.5210000000002,3.2325,12,7,210.17999999999998,14,0.04987369586686893,4.963547206197903,2,CCC(O)[C@@H]1N=C(O)[C@@H](N=C(O)OCCCCCCCN=Nc2ccc(NO)c(NO)c2)C(=O)O1,-0.29308260570016775
497.5010000000002,1.7626,11,8,225.21999999999994,6,0.07091092011117683,5.340088151858153,2,CCCCCC[C@H]1OC(=O)c2cc(O)cc(O)c2C[C@@H](N=C(O)C[C@H](O)C(=NO)[C@@H]1O)C(O)=NO,-0.2950023416924008
479.5300000000003,3.2332000000000005,8,5,196.57999999999998,8,0.16072870556535365,4.921036396315047,2,C[C@@H]1CCCC[C@H](CC(O)=Nc2ccc([N+](=O)[O-])cc2O)C(=O)[C@H](CCCC(=O)O)[C@@H](N)[C@@H]1O,-0.29612369374975733
544.6420000000002,1.7875699999999997,10,8,213.35,9,0.09112620432757168,5.905081154948414,1,C/C1=C/[C@@H](C)C[C@H](O)CC(O)CCC[C@H](OC(=O)CC[C@@H](OC(=N)O)C(O)=N[C@@H](O)/C=C/[C@H](C)O)C(O)C1,-0.29863133365405603
501.5770000000001,1.7504000000000022,8,7,204.98999999999995,6,0.12226952715891272,5.952325124446014,1,COC(=O)[C@@H]1CCC[C@H](N=C(O)CC[C@H](N=C(O)O)O)C(O)=N[C@@H](C)C(O)[C@@H](C)C(O)C=C[C@H]1C,-0.29985658791495556
481.5500000000002,3.245300000000002,7,6,196.84999999999997,9,0.22801380264464352,6.816143508037354,2,CC[C@H](C)[C@@H](CO)[C@@H]1N=C(O)c2coc(n2)[C@@H](N=C(O)[C@@H](N=C(O)O)C(O)=N[C@@H](C)C)[C@@H](C)C1,-0.30039498065047704
510.5800000000002,3.250400000000001,8,6,181.82,12,0.22829590923533716,4.772946610682916,2,CC[C@H](O)[C@@H](C)[C@H](O)[C@@H]1C[C@@H](CC[C@H](C)CCC(=O)O)c2c(O)cc(O)cc2C(=O)O[C@@H]1CC(=O)O,-0.3009049205313868
465.5140000000002,1.7671999999999992,8,5,173.91,7,0.15068218561315302,5.719083123378397,4,COC(O)N=C(N)NCCCC[C@@H]1NC(=O)c2coc(n2)-c2cccc(c2)-c2cc1nc(N)c2,-0.3011253413181962
509.55200000000025,3.253500000000001,9,5,183.17999999999998,5,0.29154576738241184,5.160023767353194,2,CO[C@H]1C[C@H](C)[C@H](O)[C@H](C)CCC(=O)C[C@@H](CCCC(=O)O)C(O)=Nc2cc(O)cc(O)c2OC1=O,-0.30200483906056913
467.51500000000016,1.7584000000000004,8,7,188.10999999999999,8,0.2793971343606488,4.903978296910652,2,C[C@@H]1CCC[C@@H](CCC(=O)CCc2cc(O)cc(O)c2C(=O)O)C(O)=NC[C@H]([C@H](O)O)[C@@H]1O,-0.30367151743289966
512.5560000000002,3.257600000000002,10,5,192.17999999999998,10,0.07756576244911371,5.315703620402401,2,CC[C@H](C)[C@@H](C)[C@H](O)[C@H]1CCCCC[C@H](OCC(O)=N[C@@H](O)c2cc([N+](=O)[O-])cc(O)c2O)C(=O)O1,-0.3040786972873971
460.5240000000003,1.764200000000001,7,6,189.46999999999997,8,0.31326158397230197,5.4271293201910185,1,CO[C@H]1C[C@H](CCC(=O)O)[C@H](O)[C@@H](C)C(O)C[C@H](CCCC(=O)O)C(O)=N[C@H](C)C(O)=N1,-0.30472558262147875
511.5680000000002,3.2601000000000013,8,6,186.33999999999997,9,0.268666449719941,4.944691895984503,2,CC[C@@H]1CCC[C@H](O)c2cc(OCCCC(=O)O)cc(O)c2C(O)C(O)=N[C@@H](CCC(=O)O)[C@H](C)O1,-0.304918999237503
492.6060000000003,1.7378999999999998,9,7,177.14,3,0.28708923902003447,5.487671787908907,1,COC(O)=C1CCCCC(C)C(O)C(C)C(O)C(O)CC(C)C(O)C(CC(=O)O)C(C)C(O)O1,-0.3051984772963326
517.6160000000002,3.2591000000000014,8,6,186.33999999999997,7,0.09617358653695145,5.287218843690186,1,C[C@H]1CCCC[C@@H](CCCCC)OC(=O)C[C@@H](OC(=O)O)[C@H](CO)[C@@H](N=C(O)O)/C=C/[C@@H](O)C[C@H]1O,-0.3056771882623896
516.6320000000003,1.7357000000000016,9,6,192.13,7,0.2714815508165899,5.597918641921122,1,CO[C@@H]1C[C@H](C)C[C@H](O)[C@H](C)C(O)[C@@H](CCCC(=O)O)[C@@H](C)/C=C(\C)[C@H](O)[C@@H](CC(=O)O)OC(N)=N1,-0.307524327649049
509.51200000000017,1.7251999999999998,10,7,214.21999999999997,5,0.22525645842531122,5.33888997659617,2,CO[C@H]1/C=C\C(=O)[C@@H](O)[C@@H](O)CCCCC[C@H](N=C(O)OCC(O)=Nc2ccc(O)cc2O)C(O)=N1,-0.31050333166650573
518.6080000000002,1.727600000000003,9,7,220.01,8,0.10664470466448014,5.685174944290617,1,CCC(O)[C@@H]1OCCC[C@H](O)CC[C@H](OC(N)=N[C@@H](CCC(=O)O)C(O)=NO)[C@@H](C)C(O)=N[C@@H](C)C1,-0.31119336794989594
495.5290000000002,3.2794000000000008,7,7,204.98999999999995,3,0.18625531370114046,5.578148815909279,2,CC[C@@H]1C[C@H](C)COC(=O)c2c(O)cc(O)cc2CC[C@@H](N=C(O)O)[C@@H](N=C(O)O)[C@@H](C)C(O)=N1,-0.3118882122876724
482.4860000000003,1.7197999999999998,8,7,209.7,7,0.29894608385315236,5.1307142027909105,2,CO[C@H]1C[C@H](CC(=O)O)c2c(O)cc(O)cc2CC[C@@H](CCC(=O)O)C(O)=N[C@@H](CO)C(O)=N1,-0.31403962677343766
491.53800000000024,1.7157000000000002,8,8,225.21999999999994,10,0.12530101533865207,5.7685840699724285,1,CC[C@H]1OC(O)=N[C@H](CCCC(=O)O)C(O)C[C@](O)(N=C(O)O)[C@@H](CCCCC)C(O)=NC1O,-0.31417616105618185
503.6330000000003,1.714700000000001,8,6,173.61999999999998,11,0.13930537210074315,4.892378249669507,1,CCCCCCCCNC(=O)C1C[C@H](O)C[C@H](C)[C@H](O)[C@@H](CCC(=O)O)OC(=O)C[C@@](O)(O)[C@H]1C,-0.31420402472915554
502.6010000000003,1.7109999999999996,9,5,170.81999999999996,6,0.20452506448055013,5.416781203850482,1,C/C=C/[C@H]1O[C@@](C)(O)[C@H](O)C(=O)[C@@H](CCCCC(=O)O)CCC[C@@H](C)C(O)[C@@H](C)OC(=O)C(O)C1,-0.31564286908466677
515.6440000000002,3.2867000000000015,7,5,173.95,6,0.33245904689874417,5.345001880787519,1,CCOC(=O)[C@H]1CCC[C@H](C)[C@H](O)[C@@H](C)C[C@@H](CC(=O)O)[C@@H](O)C(O)=N[C@H](CC(=O)O)[C@@H](C)C[C@@H]1C,-0.3162316260970753
487.46100000000024,3.2891000000000004,8,6,186.33999999999997,5,0.1580881537120351,5.783258342279867,3,COC(=O)[C@@H]1C/C=C/c2cc(cc(O)c2O)-c2cc(cc(OCC(=O)O)c2O)[C@H](N=C(O)O)[C@H]1C,-0.31663467227074177
533.6590000000002,1.7243000000000006,8,8,208.33999999999997,8,0.21179348037361193,5.496052367673364,1,CCCCC[C@H]1CCC[C@H](C)[C@H](O)C[C@@H](O)[C@@H](C)C(O)[C@@H](CC(=O)O)C(O)[C@@H](CC(=O)O)C(O)C(O)=N1,-0.3174986480664129
465.45900000000023,1.7201999999999995,9,2,166.65999999999997,7,0.20025852567342972,4.271416436017223,2,COC(OC(=O)[C@@H]1CCC[C@H](NC(=O)/N=C/c2ccc([N+](=O)[O-])cc2)C(O)C(=O)O1)C(C)C,-0.3194783390529005
500.5890000000003,3.300300000000002,6,6,197.30999999999997,11,0.18192442303191642,5.397603765821601,1,CC[C@H](CCCC(=O)O)[C@@H]1CCC[C@@H](O)C(O)=N[C@H](C(O)=N[C@@H](CC(=O)O)C(=O)O)[C@@H](C)C(C)C1,-0.32012216743612193
515.5850000000004,1.7025000000000006,8,8,226.48999999999998,16,0.06834744521898795,4.862788461847531,1,C[C@@H](CC(=O)O)[C@H](Cc1ccc(O)cc1)[C@H](N=C(O)[C@@H](N=C(O)O)CC(=O)O)CCSC[C@H](N)O,-0.32051921767656916
514.6200000000005,1.7012000000000014,8,5,186.14999999999998,18,0.1339857410950394,4.146806441677668,1,NCCCC[C@H]1NC(=O)[C@@H](NC(=O)OCCCCCCCCCCCCC(=O)O)OC(=O)CNC1=O,-0.3208551199529154
471.5280000000003,1.7091999999999996,9,6,187.61,8,0.18494533359861826,4.96384027549075,2,CC[C@H](O)[C@@H](CCC(=O)O)[C@@H]1CSCc2c(O)cc(O)c(O)c2C(=O)O[C@H](CC(N)=O)C1,-0.32140466943714435
497.5210000000003,3.3035600000000005,9,7,214.67,9,0.0867926331180484,5.11642175509702,2,C[C@H]1CCC[C@@](OCC(=O)O)c2c(O)cc(O)c([N+](=O)[O-])c2C(O)C[C@@H](CCCCC(=N)O)[C@H]1O,-0.32146223656908773
482.5150000000002,1.6999000000000009,10,5,211.59999999999997,8,0.0683679167661285,5.1959887196946575,2,NCCCC[C@H](N)C(=O)[C@H]1CSCc2cc(O)cc([N+](=O)[O-])c2C(=O)O[C@@H](N=C(O)O)C=C1,-0.32194487493979423
490.5500000000001,1.6922000000000015,8,8,220.69999999999996,7,0.11156403708546299,5.321762099684558,1,CC[C@H]1CCC[C@@H](CC(=O)O)[C@H](O)CCCC[C@H]([C@H](CC(=O)O)O)[C@@H](N=C(O)[C@@H]1O)C(O)=NO,-0.3236722793196841
491.57800000000026,1.6912999999999994,10,5,175.33999999999997,10,0.13079594164921013,5.334939514032092,1,CCCCCC[C@@H]1CCC(O)C[C@@H](CCC)[C@H](OC(O)=N[C@@H](O)CO)C(=O)O[C@H](O)CC(=O)O1,-0.3239182469945158
535.6750000000002,1.7076999999999993,9,8,200.5,14,0.05319332394340194,5.482559951685813,1,CCCCCC[C@@H]1CCCC[C@H](CC(O)CC(O)CC(O)C(O)O)C(=O)O[C@H](CO)[C@H](N=C(O)O)[C@H]1C,-0.3248524417331663
535.5940000000004,3.2983000000000016,9,6,187.00999999999996,7,0.22485890745373646,5.152632712448955,2,CCCNC(=O)Nc1cc(O)c2c(c1)/C=C/C[C@@H](C)[C@H](O)C(=O)[C@@H](CCCC)N=C(O)[C@H](CO)OC(=O)O2,-0.3271589731980471
515.6480000000001,3.3163000000000005,7,7,195.76,9,0.24258413502283027,5.369131406901616,1,CCC[C@H](C)C[C@@H]1CCCC[C@@H](CCCC(=O)O)CCC(O)C(O)=N[C@H](CO)C(O)=NC(O)C(O)=N1,-0.32801638681017165
454.48700000000025,1.7097000000000016,9,5,186.01999999999998,6,0.34555550041514493,5.543309591212907,4,NCCCC[C@H](N)C(=O)N[C@@H]1Cc2ccc(O)cc2CN=C(O)c2coc(n2)-c2coc1n2,-0.32896441612429683
515.6040000000002,3.3194000000000017,7,6,193.99,12,0.09776867123227923,5.914176604679199,1,CO[C@H]1/C=C(\C)C[C@H](C)[C@H](OC(O)=NCCCCC[C@H](O)C(N=C(O)O)[C@@H](C)C(=O)O)[C@@H](C)C(O)=N1,-0.3292423983389753
481.5020000000003,3.3188000000000004,8,6,206.30999999999997,7,0.2488989166252051,5.264435598784816,2,CC[C@H](O)[C@@H]1CC[C@@H](C)[C@@H](O)c2cc(O)cc([N+](=O)[O-])c2N=C(O)[C@H](CCCC(=O)O)N=C1O,-0.3296028737981513
497.6330000000002,3.325400000000002,7,5,175.02999999999997,12,0.11800173232057212,5.115741621915768,1,CCC(=O)[C@@H]1CC[C@H](OC(O)=N[C@H](CCCCCN)C(O)=N[C@@H](C)C(=O)O)C(C)=C[C@@](C)(O)[C@@H]1C,-0.33019393749128784
523.6310000000001,3.3185000000000002,9,8,205.73999999999998,9,0.13545797678094468,5.469074145029531,2,CC[C@H](O)[C@H](O)C(O)=N[C@H]1CCCCCCC[C@@H](OC(N)=NCC(O)=Nc2ccc(NO)cc2O)[C@@H]1C,-0.3307936768500874
497.5700000000003,3.3276000000000012,8,6,181.27,7,0.30779955204393944,4.954733977637669,2,CCCCNC(=O)O[C@@H]1CSCc2cc(O)cc(O)c2C(O)=N[C@H](CCC(=O)O)N=C(O)[C@H]1C,-0.3310756729208601
459.50000000000006,1.6969700000000032,7,7,209.64,11,0.1358747881255208,5.41336916945164,1,CO[C@H]1C[C@H](C)[C@H](OC(O)=NCCCCCCNC(=N)O)C(O)=N[C@@H](CC(=O)O)C(O)=N1,-0.3312674885104169
511.5390000000003,3.326200000000001,10,4,208.92999999999998,9,0.18689750814761888,5.6871520885172515,4,NCCCC[C@H]1NC(=O)c2coc(n2)-c2coc(n2)[C@H](CCCCN)N=C(O)c2ccc([N+](=O)[O-])cc21,-0.3312848087129868
500.5700000000002,1.6703,9,7,200.47,14,0.14546353018746333,4.923744362184985,1,CC[C@H](C)[C@H](O)[C@H](N=C(O)Cc1cc(O)cc(O)c1)C(=O)[C@@H](N=C(O)CSC[C@H](C)C(=O)O)O,-0.33188195793082825
532.6710000000005,1.686499999999999,8,8,195.98,9,0.20231915537690454,5.410141221676503,1,CC[C@H](O)[C@@H]1CCC[C@H](C)C(O)C[C@H](O)C(O)[C@@H](CCCC(=O)O)[C@@H](CCC(=O)O)[C@@H](O)/C=C(\C)[C@H]1O,-0.3318956718066694
504.53700000000026,1.6696700000000013,10,8,238.06999999999994,12,0.047718465635711596,5.5645447759402895,1,COC(=O)[C@@H]1CCCC[C@H](N=C(O)[C@@H](O)CCCCCC[C@@H](OC(=N)O)C(O)=NO)C(O)C(O)=N1,-0.3322559298191677
483.47400000000016,1.6729999999999996,8,8,225.21999999999997,4,0.17546781199165137,5.39582646945261,2,CCOC(=O)[C@@H]1[C@@H](O)c2cc(O)cc(O)c2CCC[C@H](N=C(O)O)[C@@H](N=C(O)O)C(O)=N[C@H]1C,-0.33244710061000693
518.6080000000002,3.3306000000000013,9,7,209.51,8,0.10850688978986361,5.998180812649064,1,CO[C@@H]1CCCCC[C@H](C)[C@@H](OCC[C@@H](O)C(O)=NO)[C@@H](C)C(O)=N[C@@H](CC(O)=NO)[C@@H](C)C(O)=N1,-0.33431788503757975
509.5080000000003,1.6607000000000003,8,7,214.40999999999997,7,0.20714352572286382,5.431020447325479,2,CO[C@@H]1/C=C/c2cc(O)cc(O)c2C[C@H](O)[C@@H](N=C(O)O)[C@@H](C)C(=O)[C@H](CCC(=O)O)[C@@H]1CC(=O)O,-0.33625812504086794
485.57800000000026,1.6619000000000004,8,6,181.26999999999998,4,0.2566447087968047,5.699283955184288,1,COC(=O)NCCC[C@@H]1N=C(O)CC(O)=NC(O)[C@](C)(O)C(=O)[C@@H](C)C(O)C(C)=C[C@H](C)[C@H]1C,-0.33647857871787307
510.53600000000023,3.347500000000002,10,6,191.04999999999998,6,0.18677412901382248,4.719026968176019,2,C[C@H]1CCCCC[C@H](OC(=O)CCCC(=O)O)C(O)CC(=O)O[C@@H](c2cc(O)c(O)cc2O)/C=C/1O,-0.33965427891313327
459.53600000000023,1.6743999999999999,8,5,173.95,5,0.38304148260268067,4.8058487727324355,1,C[C@H]1CCC[C@H](CCCC(=O)CCC(O)CCC(O)C(O)=N1)OC(=O)C[C@H](CC(=O)O)O,-0.340011468606575
490.5490000000003,3.3490000000000015,8,5,161.58999999999997,7,0.2191430204464475,4.758839730805523,2,C[C@@H]1/C=C\C(=O)[C@@H](O)[C@@H](O)C/C(C)=C/[C@H](CCCCCCC(=O)O)c2cc(O)cc(O)c2C(=O)O1,-0.3401256320890862
481.5130000000002,1.6546999999999998,9,5,191.4,8,0.23496840746648137,4.95055728755484,4,NCCCCCNC(=O)CC[C@@H]1NC(=O)c2coc(n2)-c2coc(n2)-c2ccc(N)cc2NC1=O,-0.34013557749227
507.50000000000017,3.3508700000000005,10,6,227.03999999999996,6,0.18803690877569681,5.470921159698781,2,COC(=O)[C@@H]1CC[C@@H](C)[C@H](OC(O)=N[C@@H](CCCN=N)C(O)=Nc2ccc(O)cc2N=C1O)C(=O)O,-0.3406783836758654
519.5880000000003,1.6496,8,7,214.40999999999997,8,0.1389463840550028,5.6062060068965724,1,CC[C@H](O)[C@H](C)[C@@H]1OC(=O)[C@@H](C)CC[C@@](C)(O)[C@@H](O)[C@@H](N=C(O)O)[C@@H](CC(=O)O)CC[C@H]1CC(=O)O,-0.3424085054083792
564.6690000000003,1.7067000000000005,9,7,211.27999999999997,13,0.1258227757578859,5.489834918831629,1,CO[C@@H](C)[C@H](O)[C@H]1O[C@@H](C)[C@H](O)CC[C@@H](CCCCC(=O)O)[C@@H](C)C[C@@H](C(O)O)[C@@H](C(O)=O)[C@@H]1CCC(=O)O,-0.34266645684105124
498.5290000000002,1.6387700000000005,11,7,212.84999999999997,11,0.07652027181201683,4.841742308001377,2,CCCCCC[C@H](O)C[C@@H]1O[C@@H](C[C@@H](OC(N)=N)[C@H](C)O)C(=O)c2cc(O)c(O)c(O)c2C(=O)O1,-0.3445045622745798
494.4970000000002,1.6390999999999996,11,6,195.20999999999998,6,0.11055335688853225,5.199634193722225,2,CO[C@H]1/C=C\C(=O)C[C@@H](C)C(O)C(=NCCCC(=O)O)c2c(NO)cc(O)c(O)c2C(=O)O[C@@H]1C,-0.34453583505348195
500.5890000000002,1.6380000000000012,9,5,178.46999999999997,11,0.1601164877599507,5.667875446303095,1,CO[C@H]1/C=C\C(=O)[C@@H](C)[C@H](OC(O)=NCCCCCCC[C@H](O)[C@@H](C)O)C(=O)C(O)[C@@H](C)C(O)=N1,-0.3448020122969117
482.4860000000002,3.3581000000000003,8,7,209.69999999999996,7,0.09896653527761372,5.042992798108635,2,C[C@@H]1CCCC[C@H](CCC(=O)O)c2c(O)cc(O)cc2C(=O)O[C@H]1C[C@H](N=C(O)O)C(O)=NO,-0.3450226925638371
506.60000000000036,3.3652000000000006,7,5,176.06,6,0.1687353712208605,5.477861862160643,2,COC(CC(O)=Nc1ccc(N)cc1)[C@@H]1NC(=O)C[C@H](C)C[C@H](C)OC(=O)[C@@H](N=C(O)O)[C@@H](C)CC1,-0.3463316422159549
496.55700000000024,3.365800000000002,8,6,181.62999999999997,8,0.13597496804421816,6.3730924847298445,3,CC[C@H](C)[C@H](C)[C@@H]1OC(=O)c2cc(O)c(cc2O)C[C@@H](N=C(O)[C@@H](N=C(O)O)O)[C@@H](CC(C)C)O1,-0.3463884515915629
470.5440000000002,1.6447000000000005,10,5,168.41,7,0.22430820660149348,4.7488163132442,2,CCNC(=O)C[C@H](N)[C@H]1CSC[C@@H](CCCC)OC(=O)c2c(O)c(O)cc(O)c2C(=O)O1,-0.34715517876592283
504.5920000000004,1.6318000000000024,10,6,210.41,11,0.24339230186163288,6.171323432297495,3,CNCCC[C@@H]1NC(=O)c2coc(n2)-c2coc(n2)[C@H](CCCN)N=C(O)[C@H](CCCCN)N=C1O,-0.3474014166004499
507.53600000000034,1.6302999999999999,9,5,179.69,10,0.23068417641663871,4.589982227202706,2,CCCCNC(=O)c1cc(O)c2c(c1)/C=C/C[C@H](CO)[C@H](OC(=O)CC[C@H](O)C(=O)O)[C@@H](C)OC2=O,-0.3482063462718623
490.56500000000034,1.62827,9,6,210.9,13,0.13558075742011305,5.696113492401167,3,N=C(N)NCCCOCCC[C@@H]1NC(=O)c2coc(n2)-c2coc(n2)[C@H](CCCCCN)N=C1O,-0.34920221614989777
509.5960000000003,3.373200000000002,9,6,177.10999999999999,10,0.11937702748543962,5.061040561604599,2,CCCC[C@H](O)[C@@H]1CCCC(=O)c2cc(O)cc(O)c2C(=O)O[C@H](N=C(O)[C@@H](CCCCC)O)[C@H]1O,-0.3498068770964925
480.5660000000003,1.629390000000001,9,5,182.48999999999995,13,0.12206742066020039,4.997144576687605,1,COC(=O)[C@@H](N=CCCCNC(=N)NC(=O)c1coc(C)n1)C(C)CN=C(O)C[C@H](C)C(C)O,-0.35040634263665904
451.4280000000002,1.6540999999999997,9,5,179.68999999999997,5,0.1911333639519375,4.218001404730849,2,COC(=O)[C@@H]1CCCCC[C@@H](NC(=O)/C=C\CC(=O)O)c2c(O)cc(O)c(O)c2C(=O)O1,-0.3520290418928529
513.6190000000004,3.379090000000002,8,6,178.58999999999997,9,0.27616520322901067,4.914565772762389,3,CCC[C@@H]1N=C(O)[C@](NC(=O)c2coc(n2)-c2cccc(NCCCN)c2)[C@@H](C)N=C(O)CCC[C@H]1O,-0.35268936068444223
518.6000000000003,1.6223999999999994,9,6,198.88999999999996,11,0.17148618769088378,5.182743043479325,1,CCC(O)[C@@H]1CCCC[C@H](C(=O)CCC(CC(=O)O)C(O)CC(=O)O)[C@@](O)(O)CCC[C@H](C)OC1=O,-0.3530055546305188
490.5340000000004,1.6186999999999994,10,7,231.80999999999995,6,0.0714161579799383,6.151028827605469,1,COC(O)[C@@H]1CCC[C@H](O)[C@H](OC(N=[N-])O)C(O)=NCCCCC[C@@H](C(O)=NO)[C@@H](C)C(O)=N1,-0.3530280031725531
498.52900000000034,3.383800000000001,8,6,203.17999999999998,10,0.12001245682959351,5.24914944443219,2,C[C@H]1CC[C@H](C)C(O)c2cc(O)cc([N+](=O)[O-])c2O[C@H]1CC[C@H](N=C(O)O)[C@@H](O)CCCC(=O)O,-0.3535322414773513
506.59300000000025,1.6167000000000007,10,7,201.85999999999996,6,0.09115974190399881,5.8425570840808945,1,CCC(O)CC(=O)O[C@@H]1CCC[C@H](O)[C@H](O)[C@H](C)[C@@H](C)C[C@H](CC)[C@H](OC(O)=NO)[C@@H](O)C(O)=N1,-0.3535659669651476
505.60500000000036,1.616200000000002,8,6,186.34,9,0.2687207757842504,5.483670731723574,1,CO[C@@H]1C[C@H](C)[C@H](OC)[C@H](C)C(O)C[C@H](O)C[C@@H](CCCC(=O)O)C(O)C(O)=N[C@@H]1CCC(=O)O,-0.3536976880048828
476.5340000000003,3.3792000000000018,8,5,192.58999999999995,9,0.20479270025180818,6.118375695800196,3,NCCCC[C@@H]1NC(=O)c2coc(n2)-c2coc(n2)[C@H](N=C(O)O)C[C@H](CCCCC)N=C1O,-0.3547977381889581
535.6050000000002,3.370000000000001,10,5,208.45999999999998,8,0.1612133437293631,5.7963258251598235,4,NCCCC[C@@H]1N=C(O)[C@H](CCCCN)N=C(O)c2coc(n2)-c2cccc(n2)-c2cccc(N)c2C(=O)O1,-0.3552110134835354
471.5370000000002,1.62,10,3,180.20999999999998,9,0.15733514906114632,4.58656788434546,2,CC(=O)N[C@@H](CCCCCN)C(=O)O[C@@H]1CSSc2cc([O-])cc([N+](=O)[O-])c2C(O)=N1,-0.3565733717988486
532.5460000000002,3.3766000000000007,9,8,212.85999999999996,3,0.16383396435542658,4.9811441029814985,3,COC(=O)[C@@H]1CCC(O)c2cc(O)cc(O)c2CCC[C@H](N=C(O)O)C(O)=N[C@@H](c2ccc(O)cc2O)C1,-0.3566305904770372
466.6270000000003,1.623700000000003,6,6,175.42,9,0.2813397076792293,5.144038899727091,2,NCCCC[C@@H]1NC(=O)[C@]2(CCCCC2)NC(=O)CN=C(O)C[C@@H](CCCCCN)N=C1O,-0.35681829958117206
533.6150000000004,1.6181000000000005,9,7,214.40999999999997,8,0.17567041121012428,5.284793843681746,1,CCCC[C@H]1CCCC[C@H](O)C[C@H](CC(=O)O)[C@H](O)C(O)=N[C@H](C(O)O)C(=O)O[C@@H](C)C[C@H]1CC(=O)O,-0.3591093016060708
534.6470000000002,1.6181000000000016,8,9,223.85999999999999,10,0.1117697689309248,5.6061783372173775,1,CCCCC[C@H]1CCC[C@H](O)[C@H](CCCC(=O)O)C[C@H](O)[C@@H](O)[C@H](N=C(O)O)[C@H](O)C(O)=N[C@@H]1C(O)C,-0.359501427029156
529.7190000000004,1.610500000000003,8,7,185.70000000000002,9,0.2194813108578828,5.328720994560035,1,CCCCCCCNC(=O)[C@H]1CC[C@H](C)C[C@H](O)C(O)=N[C@H](C)C(=O)[C@H](CCC)[C@H](O)[C@@H](O)[C@H](N)[C@@H]1O,-0.36073053078995027
494.50400000000025,3.4057000000000013,8,5,170.0,5,0.15545270556308355,5.8890724165300785,4,COC(O)=NCC[C@@H]1N=C(O)c2coc(n2)-c2cccc(c2)-c2cccc(c2O)C[C@@H]1CC(=O)NO,-0.36244671672399015
524.5270000000004,3.4044000000000016,8,6,215.57999999999996,6,0.13786616246158354,5.186502537468271,2,COCCN=C(O)Oc1ccc2c(c1)/N=C(\O)[C@H](N=C(O)O)[C@@H](N=C(O)O)CCCCC[C@H](C)OC2=O,-0.36507066783843445
524.5670000000005,3.4052000000000016,9,6,198.69999999999996,9,0.15798349382546684,5.1911766369273895,2,CC[C@@H](OC)[C@@H]1OC(=O)c2c(O)cc(O)c(O)c2CC[C@H](CCC)N=C(O)[C@H](CCCC(=O)O)N=C1O,-0.36539851717816335
499.5130000000003,1.5861999999999998,11,7,203.07999999999998,10,0.13927671824770144,5.23428547712041,2,CC[C@H](O)[C@@H](CC)[C@H]1OC(=O)c2cc(O)c(O)c(O)c2CCC(=O)O[C@@H]1CC[C@H](CC(=O)O)NO,-0.36552129770507225
498.5770000000004,3.417300000000001,8,5,190.47,17,0.05027652930713108,4.769077416166507,1,CCCCN=C(O)CCC[C@@H]1NC(=O)[C@@H](N=C(O)CCCC(=O)CCC(=NO)COC(=O)O)[C@@H]1C,-0.366931037275399
474.5180000000005,3.410000000000001,10,4,178.14000000000001,7,0.2010117328132687,5.364195907181442,3,C[C@@H]1NC(O)=Nc2coc(n2)-c2cccc([N+](=O)[O-])c2NCC[C@@H](CCCCCCN)OC1=O,-0.36755044455965524
491.5820000000002,1.5804999999999996,9,8,208.14999999999998,6,0.11714640608824929,5.595834178776036,1,CO[C@@H]1C[C@H](O)[C@@H](O)[C@@H](O)CCCC[C@H](O)C[C@@H](CCCC)C(O)=N[C@@H](CC(O)=NO)C(O)=N1,-0.36818513128044716
493.5170000000003,3.4236000000000004,7,7,209.14999999999998,9,0.15347002529035655,5.054022044089757,2,CCCCOc1cc(O)c2c(c1)NC(=O)C[C@H](N=C(O)CCCN=C(O)O)C(O)=N[C@@H](C)C(O)=N2,-0.36966745969316817
507.57700000000034,1.5755000000000006,10,6,195.57,9,0.1505107368815321,5.527749938341796,1,COC(=O)[C@@H]1C[C@H](C)[C@H](O)[C@H](C)[C@@H](C)[C@@H](O)C[C@H](CCCC[C@@H](CC(O)O)OC(=O)O)OC(O)=N1,-0.37011036693937643
522.6100000000004,3.4201000000000006,10,5,204.17000000000002,9,0.20580568533229246,5.954975841099936,4,NCCCC[C@@H]1NC(=O)c2coc(n2)-c2coc(n2)[C@@H](CCCCCN)N=C(O)c2ccc(N)cc2N=C1,-0.370807618584085
522.5510000000003,3.4205000000000005,8,6,211.01999999999995,9,0.09137850180041732,5.3586064310943335,2,C/C=C/[C@H](O)[C@H]1C[C@H](C)CC[C@H](O)[C@H](C(O)=Nc2ccc([N+](=O)[O-])cc2O)[C@@H](CC(=O)O)[C@@H]1CC(=O)O,-0.37095205944164833
504.58800000000036,3.4404000000000012,9,5,189.1,11,0.1732738320213008,5.9729134775463635,3,NCCCC[C@@H]1NC(=O)c2coc(n2)-c2coc(n2)[C@H](CCCCCCC(=O)NO)N=C(O)C[C@@H]1C,-0.3762719024535321
478.50600000000026,3.436300000000002,9,4,191.60000000000002,10,0.057380765413431914,4.940359527231972,2,C[C@@H]1N=C(O)[C@H](CCCCCNC(O)C(=Nc2cccc([N+](=O)[O-])c2)N=NO)C[C@@H](C)C(=O)O1,-0.37697904257929316
510.4920000000002,1.5578999999999998,10,5,197.11999999999998,7,0.2624371583586069,5.042141238606169,2,C/C=C1/C[C@@H](/C(=O)O)c2c(O)cc(OCCCC(=O)O)cc2C(=O)O[C@@H]([C@H](C)O)[C@@H](C)C(O)C(=O)O1,-0.3774237854931775
540.5660000000004,3.421820000000002,10,6,207.92999999999998,7,0.2179472137167921,5.5006408212557565,2,COC(O)N=C1OCCCCC(CC(=O)O)c2c(O)cc(O)c(C)c2CN=C(O)C[C@@H]1C[C@H](C)OC(=O)O,-0.377548327248315
516.6320000000004,3.4407000000000014,8,5,178.46999999999997,6,0.15294975519732779,5.4020325176450985,1,CN=C(O)N=C1CCC[C@H](C)C(O)C[C@@H](C)[C@H](O)[C@@H](C)C(O)C[C@@H](CCCCCC(=O)O)OC(=O)O1,-0.37774744485701084
502.52800000000013,3.445500000000001,8,5,195.25,10,0.18352973837094036,6.180471705224335,3,COC(O)=NCC(O)=NCCCCC[C@@H](C)[C@@H]1N=C(O)c2cc(ccn2)-c2coc(n2)[C@@H]1NC(=O)O,-0.37823379428073356
511.5280000000003,1.5542000000000002,10,7,224.71999999999997,4,0.17427594476652478,5.394078010017745,2,CO[C@@H]1CCCCC[C@@H](O)c2cc(O)cc(O)c2C(=O)OC[C@H](N=C(O)[C@H](N)C(=O)O)[C@@H](C)C(O)=N1,-0.3790219011297367
494.54500000000024,3.4479000000000006,8,6,197.64999999999998,5,0.15352242565064333,6.265383436321361,2,CO[C@H]1C[C@H](C)CC[C@H](C)[C@@H](O)CC(O)=N[C@@H](CCC(=O)O)C(O)=Nc2cc(C(O)=NO)cc1n2,-0.3793169304157148
513.5550000000003,1.5534000000000003,10,6,204.63999999999996,8,0.13084827310612332,4.816489445150896,3,NCCCC[C@H]1NC(=O)c2cc(O)c(N=Cc3ncccn3)cc2OCCC[C@@H](CC(=O)NO)N=C1O,-0.379609275044749
518.6040000000002,1.543100000000001,9,7,209.7,6,0.2520884508038666,5.784509116552874,1,CC[C@H](O)[C@@H](C)C(=O)O[C@@H]1CCC[C@H](C)C[C@H](C)[C@H](O)[C@@H](CC(=O)O)[C@@](C)(O)C(O)=N[C@@H](O)C(O)=N1,-0.3845642376300736
503.6370000000002,3.4628700000000014,9,6,185.25,5,0.1424006484556959,5.575765251548294,1,COC(=O)[C@@H]1[C@@H](O)C[C@H](O)CCCC[C@@H](OC(N=N)/N=C(O)O)[C@@H](O)C[C@@H](C)C[C@@H](C)C[C@H](C)C1,-0.38521668315378094
508.56800000000027,3.4633900000000004,8,6,189.95999999999998,7,0.18182401485657546,5.018046720882811,2,COc1cc(O)c2c(c1C)CC[C@@H](C)CC[C@@H](O)C(O)=N[C@H](CCC(=O)O)[C@@H](CCC(=N)O)OC2=O,-0.38573681342594224
512.5560000000002,1.5376999999999996,9,8,209.36999999999998,10,0.21190964427632222,5.074899020878215,2,CO[C@H](CC[C@H](O)C(O)=N[C@H]1CCCCCC(=O)Nc2cc(O)cc(O)c2C(=O)O)C(O)[C@H]1C(C)O,-0.3857382777791182
485.6260000000004,1.5322000000000038,9,5,178.35999999999999,9,0.18386996538807565,4.983254905843639,1,CNCCC[C@H]1CCN=C(O)[C@H](N)CCC[C@@H](C)C(=O)N[C@H](CCCCCN)C(=O)OC(=O)O1,-0.3881859630434861
548.6700000000004,1.557000000000001,9,7,202.04999999999998,11,0.18463029473039425,5.632645238627369,1,CC[C@@H](C)[C@@H](O)[C@H]1O[C@@](C)(O)C[C@H](O)[C@@H](C)C(=O)[C@H](CCCCC(=O)O)[C@@H](CCC(=O)O)[C@@H](O)C(O)[C@H]1C,-0.3895573328792565
517.6200000000002,3.474700000000003,7,7,204.98999999999998,7,0.11400366986759887,5.77192961652942,1,CO[C@@H]1CC[C@H](C)[C@@H](O)[C@@H](CCCC(=O)O)C(O)=NCC[C@@H](C)/C(N=C(O)O)[C@H](C(O)=NO)C[C@@H]1C,-0.3914693755582945
502.56500000000034,1.517500000000002,9,6,219.51,3,0.18670704633773516,5.774769789458421,1,COC(O)=N[C@@H]1CCC[C@H](C)[C@H](O)[C@H](C)[C@H](O)/C=C\C[C@H](C)[C@H](OC(N)=O)[C@@H](OC(N)=O)C(O)=N1,-0.39303348063491916
461.42700000000025,3.4683000000000015,9,4,184.83999999999997,5,0.2222781097030109,4.531117956467606,3,C[C@H]1CC[C@H](C)[C@H](OC(O)=NCc2cc(O)ncc2C(=O)O)c2cc([N+](=O)[O-])cc(O)c2O1,-0.39492820577416393
510.5920000000003,3.4875000000000034,7,7,222.86999999999995,8,0.2003298430011128,6.8544278473362406,2,CC[C@H](C)[C@@H]1N=C(O)c2coc(n2)[C@@H](N=C(O)[C@@H](N)CCN=C(O)O)[C@@H](N=C(O)O)C[C@@H](C)C[C@@H]1C,-0.3955676451076366
460.5350000000002,1.5263000000000013,8,5,165.35999999999999,5,0.25057486253411315,5.287581696283286,3,CNCCC[C@@H]1N=C(O)[C@@]2(C)CCN2C[C@@H](c2ccc(N)cc2)N=C(O)CN=C(O)OC1=O,-0.3973973015761425
474.4620000000002,3.486200000000002,8,6,181.82,7,0.2565571658232998,4.185627519831416,3,C[C@H]1[C@@H](CCCC(=O)O)c2cc(O)c(O)cc2C(=O)O[C@@H](c2ccc(O)cc2O)[C@@H]1CC(=O)O,-0.39777283488946374
480.5250000000002,3.491200000000001,8,4,154.87999999999997,6,0.39087098698548695,5.5286719539396305,4,CCCNCCC[C@@H]1NC(=O)c2coc(n2)-c2ccccc2NC(=O)c2coc(n2)[C@H](C)N=C1O,-0.39838862044491213
524.5820000000003,3.490500000000001,10,6,227.89000000000001,8,0.18542757035213905,6.054167960601229,4,NCCCC[C@@H]1N=C(O)c2coc(n2)-c2coc(n2)[C@H](CCCCN)N=C(O)c2cc(N)ccc2N=C1O,-0.39923869914626303
530.6590000000002,1.5137000000000007,9,7,192.63,3,0.2831448806652517,6.015508919810475,1,CO[C@H]1/C=C\C(=O)[C@@H](C)[C@@H](O)C[C@H](O)CC[C@H](C)[C@H](O)[C@@H](C)C(O)C(O)=NC(O)[C@@H](CC(C)C)C(O)=N1,-0.3992567188213616
515.6150000000004,1.5040000000000027,9,6,204.10999999999999,10,0.19997471229023853,5.103723709927571,3,NCCCC[C@H](N)C(=O)NCCCC[C@@H]1NC(=O)c2coc(n2)-c2ccc(N)cc2OCCCN=C1O,-0.39962216267369255
476.5630000000002,1.5039999999999998,9,5,170.82,9,0.18653642804538384,5.005961332560996,1,CCCCCCC[C@H](O)[C@@H]1CCC(=O)O[C@H](CC(=O)O)[C@H](C)[C@H](O)[C@](O)(O)[C@@H](C)CC(=O)O1,-0.40114801741501854
486.57700000000034,1.4957000000000016,9,6,179.79000000000002,8,0.3013664231912239,6.145573351481191,3,CNCCC[C@@H]1NC(=O)c2cc(ccn2)NC(=O)c2coc(n2)[C@@H](CCCCN)N=C(O)N[C@@H]1C,-0.4026160281409565
528.6630000000005,3.500090000000002,8,5,173.95,9,0.22151657452392656,5.504358997160052,1,CC[C@H](C)[C@H](O)CC(O)=N[C@]1C[C@@H](C)C(=O)C[C@@](C)(O)C(=O)C[C@](C)(O)CCC[C@H](CCCC(=O)O)O1,-0.4041225947308573
514.5530000000002,1.4921000000000002,10,7,220.19999999999993,7,0.11900951421809439,5.23912398834764,2,CC(C)[C@H](CC(=O)O)[C@H]1CSCC[C@H](N=C(O)[C@@H](N)C(=O)O)Cc2cc(O)c(O)c(O)c2C(=O)O1,-0.4042092834609319
499.5170000000004,1.4874999999999998,10,8,227.88,10,0.07553906801553217,5.280605074935076,2,COC(O)[C@@H]1CCC[C@H](O)c2cc(O)c(O)c(C(O)=N[C@H](CCCCCN)C(=O)O)c2N=C(O)O1,-0.405001152042806
457.56800000000015,3.490070000000001,6,6,176.01999999999998,8,0.2385501330832849,5.645168777204592,1,CO[C@H]1C[C@H](C)[C@@H](C)[C@H](O)[C@@H](C)C[C@@H](CCCC(=O)O)C(O)=N[C@@H](CCC(=N)O)C(O)=N1,-0.4050186110291727
510.5920000000003,3.5123000000000006,8,6,208.37999999999997,13,0.16905443522844527,6.556680851784441,2,CC[C@@H](C)[C@H](C)CCC[C@@H]1OC(O)=Nc2coc(n2)[C@@H](CC(O)=N[C@H](CCCN)N=C(O)O)NC1=O,-0.4054737577895766
512.6630000000002,3.513070000000001,11,6,183.77999999999997,17,0.06727447093356656,5.5234862125196456,3,CCC(O)NC(=N)CCCCCNCCCCCCCNC1=N/c2coc(n2)-c2ccc(N)c(n2)N=N1,-0.40601864274932037
534.5630000000003,1.4982000000000018,11,8,235.47999999999996,9,0.05244249043532268,5.891166608643336,1,COC(O)N[C@@H](CCC(=O)O)N=C(O)O[C@@H]1C/C=C/CCC[C@H](N=C(O)OC(O)=NO)C(O)CC[C@H]1C,-0.4066385646689201
514.6680000000006,1.4842000000000037,9,6,211.36,15,0.08067357108057573,5.222369399144455,1,NCCCC[C@@H]1N=C(O)C[C@](C)(O)CN=C(O)[C@@H](COC(N)=NCCCCCCCCCN)OC1=O,-0.4073776421160087
497.4970000000003,1.4804199999999998,10,6,203.40999999999997,8,0.17234683116582722,5.042886894213224,2,CCCCCCC(O)C1OC(=O)c2cc(O)c(O)c(C)c2CC(=O)OC(CC(=O)O)C(O)C(O)=N1,-0.4078627223221069
476.50600000000026,3.5151000000000026,9,5,183.7,7,0.09879086458900017,5.4280236521258125,2,C/C1=C\[C@@H](C)[C@H](OC(O)=Nc2cc(N=[N-])cc(O)c2O)C(=O)O[C@@H](/C(C)=C/C[C@H](C)CO)[C@@H]1O,-0.40874974464089975
477.5540000000002,3.516200000000001,7,5,161.35999999999999,5,0.24441995112057233,5.111200138568753,2,C/C(=C)[C@H]1CC[C@H](C)[C@@H](O)CC[C@H](c2cc(O)cc([N+](=O)[O-])c2)/C=C\[C@H](CC(=O)O)[C@@H](O)[C@H]1O,-0.4089514421835436
487.5170000000003,1.4763699999999993,11,6,191.02999999999997,10,0.16357683262422837,5.396664804121178,3,CNC(=O)CC[C@H]1NC(=O)c2coc(n2)-c2ccc(NCCCN=N)cc2N[C@@H](CCO)C(=O)O1,-0.41021243455068523
521.6040000000003,1.4766000000000001,10,8,220.22999999999996,9,0.12324524832150695,5.245023450144629,1,CCCCCCCC(O)=C1OC[C@@H](C)C[C@H](C)[C@H](OC(N)=O)[C@@H](O)[C@](O)(O)[C@](O)(O)C[C@@H]1CC(=O)O,-0.41163398895620856
491.5630000000004,1.4706000000000015,8,6,198.33999999999997,14,0.08946118264201815,4.897291820632608,1,CCCCCC[C@@H]1NC(=O)[C@@H](N=C(O)[C@@H](N=C(O)O)CSC[C@H](CC(=O)O)O)CCC(=O)O1,-0.4121056047616915
514.6200000000003,1.4712000000000023,9,6,196.29,8,0.0906671176702119,5.654771661639514,1,COC(=O)[C@@H](N)CCCC[C@H](N=C(O)O)[C@@H]1CCN=C(O)C[C@@](C)(O)/C=C/[C@@H](C)[C@H](C)OC(=O)CN1,-0.4125574965989581
487.5500000000002,1.4671000000000023,9,6,204.48999999999998,4,0.14667669850147771,5.640953984722597,1,CO[C@H]1/C=C\C(=O)[C@@H](C)[C@@H](O)CCCC[C@H](OC(N)=O)[C@@H](CO)C(O)=N[C@H](C(O)=NO)[C@@H](C)C1,-0.4139096466621661
503.58900000000034,1.4622000000000002,9,5,183.17999999999998,3,0.35336260293722294,5.3463109464177165,1,COC(=O)[C@@H]1CCCC[C@H](C)[C@H](O)[C@H](C)C(O)[C@@H](C)C(O)C(O)=N[C@@H](CC(=O)O)[C@@H](C)CC(=O)O1,-0.41518205414492565
510.5400000000002,1.4564000000000004,10,8,212.85999999999996,4,0.16576683458193356,5.564221546893242,2,CO[C@H]1/C=C\C(=O)[C@@H](C)[C@H](O)CCCC[C@H](O)[C@@H](N=C(O)CC(O)O)C(O)=Nc2cc(O)cc(O)c21,-0.4179719129319575
490.5540000000002,1.4553000000000025,9,8,220.51,6,0.08856889351433389,5.994061068408143,1,CO[C@H]1C[C@@H](C)C[C@H](C)[C@H](O)[C@@H](C)C(O)=N[C@@H](CCCC(O)O)C(O)=N[C@@H](C(O)=NO)C(O)=N1,-0.4183068276564455
497.5410000000002,3.5470000000000015,8,4,176.66,9,0.2912915826932085,4.798594125283254,2,C[C@H]1CCC[C@@H](C)C(O)c2cc(OCCC(O)=O)cc([N+](=O)[O-])c2O[C@H]([C@@H](O)CCC(=O)O)[C@H]1C,-0.4188288752271034
550.5980000000004,1.4836000000000007,11,5,206.34999999999997,13,0.2062395305643472,5.271198802007239,1,COC(=O)[C@@H](CCC(=O)O)C[C@@H](O)CC(=O)CC[C@@H]1OC(O)C[C@@H](C)[C@H](OC)C[C@H](O)CC[C@H]1OC(O)=O,-0.4189649913966559
531.5990000000004,1.4546000000000006,9,6,203.40999999999997,17,0.06857358708131628,4.99709916437078,1,CO[C@H](/C=C(/C)[C@@H]1OC(O)=NCCC[C@H](O)C(=O)CC[C@@H](CC(=O)O)CC(O)CCC(=O)O)C(O)[C@@H]1C,-0.42290870504637273
530.6550000000002,3.550200000000002,9,5,170.82,8,0.17750610474700074,4.98558484017418,1,CCCCCCCC(O)=C1CCC(=O)OC(C)[C@@H](O)[C@@H](O)C(O)CCC[C@H](C(=O)O)OC(=O)C[C@@H]1CC,-0.4245304729934009
533.6670000000003,1.4516000000000029,8,8,203.19,9,0.12166172233674087,6.02150572790959,1,CN=C(O)NCCCCCN1C(O)O[C@@H](C)C(O)C[C@H](C)[C@H](O)[C@H](CCN=C(O)O)[C@@H](C)C(O)=N[C@@H]1C,-0.42473129994856645
479.4820000000003,1.4399,9,4,168.69,7,0.33152429400046307,4.52788832006943,2,COc1cc(O)c2c(c1)CCC[C@H](NC(=O)/C=C/C[C@H](CC(=O)O)O)OC(=O)C[C@H](C)OC2=O,-0.4260209794082916
484.9330000000002,3.565000000000002,7,5,169.23999999999998,8,0.21162573347567312,4.964870396444874,2,CC(C)[C@@H]1N=C(O)[C@H](CCCCCCl)N=C(O)c2cc(O)cc(O)c2C(=O)O[C@H]1CC(=O)O,-0.4270644658081502
528.5150000000003,1.4390999999999994,10,10,260.96999999999997,4,0.08780267212613703,5.725696669916409,2,COC(O)[C@@H]1CCC[C@H](O)c2cc(O)cc(O)c2CCC[C@H](N=C(O)O)C(O)=N[C@@H](C(O)=NO)C(O)=N1,-0.428174999854032
496.5090000000003,3.5741000000000023,9,5,187.89,8,0.15307827520680917,4.414008538705299,2,CC[C@H]1CCCC[C@H](CCCCC(=O)O)OC(=O)c2c(O)cc(O)c(O)c2C(=O)O[C@H]1CC(=O)O,-0.4296967278488408
533.6150000000005,1.4347999999999996,10,6,195.56999999999996,6,0.1250384208873543,5.558621028608889,1,COC(O)=N[C@H](CCC(=O)O)O[C@@H]1C[C@@H](O)CC[C@H](O)CC[C@H](C)/C=C/C[C@H](C)OC(=O)C[C@H](O)[C@@H]1O,-0.4313514104532408
517.5870000000004,1.4235000000000015,8,8,214.24999999999994,8,0.08332482514179951,4.915267458593764,2,CCNC(=O)NCCC[C@H]1N=C(O)[C@@H](NC(=O)/C=C/c2cc(N)cc(O)c2O)CCCN=C(O)CN=C1,-0.4320342235008698
530.5670000000005,1.4291999999999998,10,8,222.27999999999997,17,0.06197818925149705,4.61048062254493,1,CC[C@H](O)[C@@H](CC)[C@@H](O)c1cc(O)c(cc1O)CC(=O)O[C@@H](CCCCC(=O)O)[C@@H](CC(=O)O)[C@@H](O)O,-0.43266082368987396
520.5470000000005,1.4204699999999995,10,6,223.21,9,0.157433436857764,6.017928791813955,3,N=C(N)NCCCO[C@@H]1NC(=O)c2coc(n2)-c2coc(n2)CNC(=O)OC[C@@H](CCCCC)N=C1O,-0.4337629769586153
520.5360000000004,1.419800000000003,10,8,246.80999999999995,10,0.051050654176551157,5.923141526825875,1,COC(O)[C@@H]1CCC[C@H](C)[C@H](OC(O)=NC(O)CCCCC(=O)O)C(O)=N[C@@H](C(O)=NO)CC(O)=N1,-0.43402768988164686
519.6030000000002,3.5812000000000017,9,5,176.14,11,0.277674175864268,5.999741108436437,3,CCC(C)CNC(=O)NCCCCCCC[C@H]1NC(=O)c2coc(n2)-c2coc(n2)[C@@H](C)N=C(O)NO1,-0.4342534523017642
482.48600000000016,1.4173999999999998,8,8,212.85999999999996,5,0.17156234962484931,5.6384491237214185,2,CO[C@H]1/C=C\C(O)Cc2c(O)cc(O)c(CCC(=O)O)c2C(O)C[C@H](N=C(O)O)[C@@H](C)C(O)=N1,-0.43445437319009694
447.5290000000002,1.4452000000000018,9,6,187.42,6,0.08739740796112541,5.330013401354684,1,C[C@H]1CCC[C@@H](C)C[C@@H](OC(O)=N/O)[C@@H](CCCCN)C(=O)O[C@@H](CO)C(O)=NC1O,-0.43477501051003303
493.5090000000003,3.587200000000002,8,5,183.18,3,0.3899490871695148,5.2577900597718,2,CO[C@H]1/C=C\C(=O)C[C@@H](OC(=O)O)c2cc(O)cc(O)c2CC[C@@H](C(=O)O)[C@@H](C)C[C@H](C)C(O)=N1,-0.4350737256190043
531.6470000000003,3.5783000000000014,9,8,208.14999999999995,4,0.08747317543270214,5.828697340185244,1,COCC(O)=C(O)[C@@H]1CCC[C@H](C)[C@@H](O)C(O)=NCC[C@H](O)[C@@H](C)C(O)=N[C@@H](C(O)=NO)CCC[C@H]1C,-0.4359392994856056
539.6510000000002,3.5732000000000017,9,6,181.26999999999998,7,0.2802328763392882,5.249809587422439,2,CCCC[C@H]1OC(=O)c2cc(O)cc(O)c2CCC[C@@H](N=C(O)N[C@@H](CC(=O)O)C(O)=N[C@H]1C)CSC,-0.43654338341566995
505.5650000000002,1.4085000000000032,10,7,216.87999999999997,5,0.09361457854669306,5.563015238212878,1,COC(O)=C1O[C@@H](C)[C@@H](O)C[C@@H](C)CCCC[C@H](OCC(N)=O)[C@@H](O)CC(O)=N[C@@H](C(O)=NO)C1,-0.43674184239662556
496.5570000000003,3.5935700000000024,11,4,167.95999999999998,8,0.2386320409686739,5.235206646602921,2,COC(=O)CC1CCC(C)C(O)c2cc(O)c(OC(N=N)O)cc2C(=O)OC(CCCC)C(C)O1,-0.43748219641489505
514.5350000000004,3.5954000000000006,8,7,210.77999999999997,10,0.08099644356857102,4.123810601982315,2,C/C(=C\c1ccc(O)c(O)c1)/N=C(\c1ccc(O)c(O)c1)C(=O)O[C@H](CCCCC)N=C(N)N=C(O)O,-0.43912327483293373
502.5280000000003,1.4019000000000021,9,5,205.74999999999997,6,0.38355327997913,6.257470500082405,3,COCC[C@H]1N=C(O)c2coc(n2)-c2cccc(n2)[C@@H](CCC(=O)O)NC(=O)[C@H](N)[C@H](C)CN=C1O,-0.4392690983167371
531.5990000000003,1.4061000000000008,10,6,195.56999999999996,5,0.17041332856064456,5.868899698330491,1,CO[C@H]1/C=C(/C)[C@@H](C)OC(=N\O)C[C@H](O)/C=C(\C(=O)O)[C@@H](OC)[C@@H](C)C[C@H](C)[C@H](O)C(O)[C@H]1CC(O)=O,-0.4421003741278668
499.6090000000004,3.606200000000004,7,6,202.91,12,0.10099197431463468,5.447667908943174,1,C[C@@H]1N=C(O)CCC[C@H](N=C(O)[C@@H](N)CCCN=C(O)O)C(O)=N[C@H](CCCCCCC)C(=O)O1,-0.4424806910182651
475.53900000000016,1.4002000000000008,9,7,204.98999999999995,8,0.08888089809651761,5.275610463002523,1,CCC[C@H]1CCCCC[C@H](CC(=O)OCC(O)CO)CC(O)=N[C@H](C(O)=NO)[C@@H](O)C(O)=N1,-0.44263186564457796
495.56900000000036,3.6077000000000017,8,6,177.10999999999999,9,0.12919553070304107,4.9512957071143795,2,C[C@H]1CCC[C@H](CCC(=O)O)c2cc(O)cc(O)c2C(=O)O[C@H](N=C(O)[C@H](CCCCC)O)[C@@H]1O,-0.4431686151387535
496.55300000000034,3.6176000000000017,8,5,170.82,6,0.3663603333606245,4.640961132215594,2,C[C@H]1CCC[C@@H](C)[C@H](OCCC(=O)O)c2cc(O)cc(O)c2C(=O)O[C@H](CC(=O)O)CCC[C@@H]1O,-0.4470931545394098
494.5370000000004,3.6191000000000013,8,4,167.66,9,0.22597020364474632,4.840590714436284,2,C[C@@H]1C[C@H](CCCCC(=O)O)c2cc(O)c(O)cc2C(=O)O[C@@H]([C@H](C)CC)C(=O)[C@@H](CC(=O)O)O1,-0.44777332108556944
452.59500000000014,3.597500000000001,7,4,141.17000000000002,7,0.1971901180669223,5.143038959982764,1,CO[C@@H]1CCCC[C@H](C)[C@H](OC(O)=NCCCC(=O)O)[C@@H](N=C(O)O)CSSC1,-0.44912129330504946
494.5410000000003,3.6275000000000013,9,6,178.14000000000001,6,0.14902758577943853,4.96508962170125,2,COC(O)=CC[C@@H]1CCC[C@H](CCC(=O)NO)OC(=O)c2c(O)cc(O)cc2CN=C(O)C[C@H]1C,-0.451132134439568
506.60800000000023,3.628670000000001,10,7,183.76,9,0.11452776420429636,4.043935745993521,2,COC(=O)NC(=N)NCCCCCCCN1CCCCCCNC(=O)c2cc(NO)cc(O)c2N=N1,-0.45166139715499304
489.5220000000002,1.3712000000000026,8,7,222.05999999999995,6,0.16111336976898055,5.540344757519058,1,CC[C@H]1CCCC(O)CC[C@H](CC(=O)O)OC(=O)C[C@@H](N=C(O)CO)[C@@H](N=C(O)O)CC(O)=N1,-0.45200604457905097
497.54100000000034,3.6313000000000013,8,5,175.34,8,0.15424302175538576,5.012361618045553,2,CO[C@@H]1C[C@H](OC)c2cc(O)cc(O)c2C(=O)O[C@H](CCCCC(=O)O)[C@@H](N=C(O)O)[C@H](C)CC1,-0.452546723691599
495.55800000000016,1.3647999999999996,10,7,185.42999999999998,8,0.0535696870155435,5.280562154608262,2,CNC(=O)[C@@H]1CCCC[C@H](N=C(O)/C=C/c2cc(N=N/NC(O)O)ccc2O)C(=O)O[C@H]1CS,-0.4541668986793293
491.5410000000004,3.636400000000002,8,7,198.42,13,0.12221375585162934,5.106020209462402,2,COc1c2cc(c(O)c(O)cc2CN=C(O)[C@@H](N=C(O)[C@@H](N)CCCCCCC)C(=O)O)c(O)c1,-0.4548747215706767
490.5650000000004,1.3626700000000005,9,7,221.89999999999998,10,0.14377548505317175,6.04245447036231,3,N=C(N)NCCCC[C@@H]1NC(=O)c2coc(n2)-c2coc(n2)[C@@H](CCCCCN)N=C(O)C[C@@H]1O,-0.4553231836003958
560.6810000000003,1.4028000000000012,9,7,209.88999999999996,12,0.16958508449028115,5.375861432723538,1,C[C@@H]1CCCC[C@H](O)[C@@H](CCCCC[C@H](O)CO)C(=O)[C@@H](CO)[C@@H](C)C(=O)[C@@H](CC(=O)O)[C@@H](O)[C@@H]1CC(=O)O,-0.4553508421470194
467.5190000000001,3.6274000000000015,9,5,162.42999999999998,9,0.0911079495137464,4.699995962644442,2,CO[C@@H]1CC[C@@H](C)[C@H](OC(O)=NCCCCC(O)=Nc2cccc(NO)c2O)C(=O)O[C@H]1C,-0.45561495041756533
531.5990000000003,1.369900000000002,9,6,203.40999999999997,5,0.298817085160721,5.842035168819199,1,CO[C@H]1/C=C\C(=O)[C@@H](C)[C@@H](O)C[C@@H](C)C(O)[C@@H](C)C[C@H](C)[C@H](CC(=O)O)C(O)[C@@H](CC(=O)O)OC(O)=N1,-0.4564363578901218
506.59300000000036,1.3529000000000015,9,7,201.86,4,0.27276270307135625,5.698323337182632,1,COC(O)C1CCC(C)C(O)C(C)C(C)C(O)CCCC[C@@H](CC(=O)O)OC(O)=NC(O)C(O)=N1,-0.4590294284640141
528.5760000000004,3.644700000000001,9,6,198.89,11,0.18017346552279212,5.023796170208071,2,C[C@@H]1C[C@H](CCCCCC(=O)O)c2c(O)cc(O)cc2C(=O)O[C@H]([C@H](O)CC(=O)O)[C@@H]1CSC(=O)O,-0.46143303469084274
511.5240000000002,1.3434,10,7,214.40999999999997,11,0.1661457446106359,5.2085895610877735,2,CC[C@H](O)[C@@H](CC)[C@@H](O)[C@@H](CC(=O)O)OC(=O)[C@H]1N=Cc2cc(O)c(O)c(O)c2[C@@H](C)[C@H]1CC(=O)O,-0.4632137518511298
532.6270000000003,1.3526000000000007,9,6,191.04999999999998,9,0.14267455103243915,5.310762952601992,1,CCCCOCC[C@@H]1C[C@@H](C)C(O)C[C@H](O)[C@H](O)/C=C/[C@H](C)[C@H](C(=O)O)OC(=O)C[C@H](O)[C@@H]1CC(=O)O,-0.4635756314950127
518.6080000000003,1.3439000000000043,9,8,231.00999999999993,10,0.08942556627887435,5.525569133033169,1,CC[C@H](O)[C@@H]1CCCCCC[C@H](OC(O)=N[C@@H](CCCCN)C(=O)O)C(O)=N[C@@H](CC(O)=N1)C(O)O,-0.46393510780711394
478.5730000000001,3.6557900000000005,8,7,203.41000000000003,14,0.048494372764168896,4.872478629725377,1,CCCCC[C@@H]1N=C(O)[C@@](N=C(O)CCCSSC[C@@H](N=C(O)O)C(O)=NO)C(O)=N1,-0.4642979099371439
514.5530000000002,3.659500000000002,10,4,176.7,5,0.25603793844944295,5.2215016409320185,2,CCC[C@@H]1OC(=O)c2cc(OCC)cc(O)c2CN=C(O)[C@@H](N=C(O)O)CSC[C@H](C)OC(=O)O1,-0.4647123833469481
512.6040000000003,3.6602000000000015,7,6,197.11999999999995,5,0.29980603050235033,5.874704254819531,1,CC[C@@H]1CCC[C@@H](C)[C@@H](OC(O)=N[C@@H](O)CC(O)=N[C@@H](CC(=O)O)C(O)=N[C@H](C)C(O)=N1)C=CCC,-0.46476412260844807
533.7030000000004,3.653200000000003,9,6,169.26999999999998,7,0.0713819870501468,5.286312169385209,1,CC[C@@H]1[C@H](C)[C@H](C)CC[C@H](O)CCC[C@@H](OC(O)=NO)[C@H](O)CC(=O)O[C@H](CCCCCC)[C@H](O)[C@@H]1O,-0.46617894336402765
508.52800000000036,3.6693000000000007,9,6,210.83,6,0.10856326843578588,5.32823822175042,2,CC(C)[C@@H]1N=C(O)C[C@H](O)/C=C/c2cc([N+](=O)[O-])cc(O)c2OCCC[C@@H]1N=C(O)CCC(O)=NO,-0.4680308809640666
504.5770000000004,1.3285000000000013,10,5,198.2,3,0.2758339153756373,5.273668778228549,1,COC(=O)[C@@H](CCC[C@H](O)C[C@H](C)[C@H]1OC(C)=O)CCC[C@@](C)(O)C[C@@H](OC(N)=O)C(O)C(O)=N1,-0.46868940218016397
534.6470000000003,3.6605000000000016,9,6,190.85999999999996,8,0.08801888779461142,5.034203091126266,1,CCCCC[C@H]1CCCC[C@H](O)C[C@@H](OCC(O)=NO)CCCC[C@H](C(=O)O)OC(O)=NC(O)CCO1,-0.46934347597042475
522.5150000000003,1.3308000000000004,11,6,232.13999999999996,11,0.22884644592357475,5.9575763113104845,3,NCCCC[C@@H]1NC(=O)c2coc(n2)-c2coc(n2)[C@@H](CCCCC(=O)O)NC(=O)OC(CC(=O)O)N1,-0.46984282829473933
454.43200000000013,1.3441999999999996,8,6,198.7,6,0.20701186523183504,4.794203050644729,2,COC(=O)[C@@H]1CCCC(O)c2cc(OCCC(=O)O)cc(O)c2C[C@@H](N=C(O)O)C(O)=N1,-0.47121709741476925
512.5080000000003,1.3184,10,6,208.11999999999995,7,0.2858500457725025,4.994090639633171,2,CO[C@H]1C[C@H](CCC(=O)O)[C@@H](C)CCC(=O)c2cc(O)cc(O)c2C(=O)O[C@H]([C@@H]1O)C[C@@H](O)C(=O)O,-0.4733015633356814
517.5350000000002,1.3154999999999994,9,5,188.32999999999998,5,0.09577072098542179,5.115200375933164,2,CNC(=O)[C@@H]1C/C=C/C[C@H](NC(=O)/C=C\c2cc([N+](=O)[O-])cc(O)c2)/C=C/C[C@@H](C)[C@H](O)[C@@H](O)OC1=O,-0.475096142796382
510.58400000000034,3.686700000000001,8,7,192.62999999999997,7,0.1239242036549174,5.3643350240503,2,CO[C@H]1C[C@@H](C)CCC(O)c2cc(O)cc(O)c2C[C@@H](N=C(O)[C@@H](CCC(=O)O)C(O)=NO)[C@@H](C)C1,-0.4751517511532504
490.58500000000026,1.3084599999999997,9,5,184.37,14,0.11176822077270654,4.088835338555015,2,N=C(N)NCCC[C@]1CCC(CO)C[C@H](COC(=O)CCCNC(=O)COc2ccccn2)N=N1,-0.47698781992415706
537.6100000000002,3.6789000000000005,8,7,204.98999999999998,8,0.11155427613266185,5.463946743714529,2,CCCC[C@H]1OC(=O)c2cc(O)c(O)cc2C[C@@H](CCCC)N=C(O)[C@@H](N=C(O)O)C(O)=N[C@@H](CO)[C@H]1C,-0.47752160369977004
451.51600000000025,3.674900000000002,8,3,134.88,4,0.5902411777465645,4.916953127799982,2,COC(=O)[C@@H]1CCC[C@H](C)[C@H](OC)c2cc(O)cc(O)c2C(=O)O[C@@H]([C@@H](C)CC)C(O)=N1,-0.4798595571873093
480.51800000000026,1.3013700000000001,10,7,197.27999999999997,8,0.0942119617530293,4.829088070382134,2,CCN=C(C)[C@H]1CC(C)C(O)c2cc(N=C(O)OCCCNC(=N)C(O)O)cc(O)c2C(=O)O1,-0.48103265336149464
485.5450000000002,3.707200000000001,10,4,195.30999999999995,10,0.3071800376129239,6.116626484680708,4,NCCCC[C@@H]1N=C(O)[C@H](CCCCCCN)N=C(O)c2coc(n2)-c2coc(n2)-c2coc1n2,-0.4837446459652039
513.5480000000003,1.2875000000000032,9,6,237.04999999999998,10,0.10580126107843509,5.396888353990784,1,COC(=O)[C@@H]1C/C(O)=N/C(C)=N/[C@@H](C(O)=NCCCCC[C@H](N)C(=O)O)C(O)=N[C@H](C(O)=O)[C@@H](C)C1,-0.48575631052617196
507.5400000000004,3.7193000000000014,9,5,189.99999999999997,12,0.09157694451118019,4.780707917686809,2,CCCCNC(=O)c1cc(O)c2c(c1)/C=C/C[C@H](N=C(O)CCC[C@@H](CCN)OC(=O)O)OC(=O)O2,-0.4879530764325608
503.58900000000034,1.273900000000001,8,7,197.33999999999997,7,0.2483632122741229,5.365035020771181,1,CO[C@@H]1CCC[C@H](O)C[C@H](CC(=O)O)C(O)C(O)=NCC[C@H](CCCC(=O)O)[C@@H](O)/C=C(\C)[C@H]1O,-0.4904925252070613
496.5610000000003,1.271400000000001,11,7,196.78999999999994,11,0.04187200471136268,6.012776572910785,1,COC(O)C1=C(O)CCC(=O)C(NC(O)C(C)=NCCCC=CCC(O)=NO)C=NC(O)C=C1C,-0.4914881285280445
527.6700000000002,3.7222800000000014,7,5,186.08,15,0.21492403296961426,4.807061846311566,2,N#CCC[C@@H]1NC(=O)[C@H](CCCCCCCCC(=O)Nc2ccccn2)N=C(O)C[C@@H](CCCN)N=C1O,-0.4920340022234242
511.5680000000004,3.729000000000002,8,6,186.33999999999997,3,0.1982539031404753,4.804994871701064,2,CC[C@@H]1CCCCC[C@H](O)Cc2cc(O)cc(O)c2C(=O)O[C@@H](N=C(O)O)CCCC[C@H](C(=O)O)O1,-0.4921441196397665
545.6370000000004,1.2898000000000025,8,6,195.93,15,0.10050655561511486,5.289457860558311,2,CO[C@H]1/C=C\C=C(/C)C(=O)Nc2cc(C(=O)NCCCC[C@H](CO)C(O)=N[C@@H](CCCCN)C(=O)O)c2nc1,-0.4926097740362032
485.4460000000002,1.2678,9,8,230.95999999999998,3,0.17242756719859734,5.212346309814322,2,CO[C@@H]1CCCCC(O)c2cc(O)cc(O)c2C(=O)OC[C@H](NC(=O)O)[C@@H](N=C(O)O)C(O)=N1,-0.49373876702564073
505.54800000000034,3.7384900000000023,8,6,190.14,11,0.19202797003200933,4.526242971581739,2,CCCCNc1cc(O)c2c(c1)N=C(O)[C@H](CCC(=O)O)NC(=O)[C@](CCCCC)N=C(O)OC2=O,-0.49552024987078075
536.6220000000003,3.728570000000003,9,7,193.11999999999998,14,0.06095573776925753,5.184744587928924,3,CC[C@H](O)[C@@H](N=C(O)[C@@H]1C[C@@]1(O)C[C@H](C)[C@H]1CC[C@H](CCCCC(=N)O)O1)OC(=O)c1ccc(O)c(O)c1,-0.49685627974294666
477.59500000000025,1.2623000000000013,8,6,179.77,6,0.3281637189382897,5.357124506858563,1,CO[C@@H]1CCCC[C@H](O)[C@@H](C[C@H](CC(=O)O)O)[C@@H](C)C(O)[C@](C)(O)[C@H](C)/C(\C)[C@H]1OC(N)=O,-0.49710375426061654
521.5600000000004,1.2608000000000013,10,6,212.64,6,0.2725932019358333,5.250689773791015,1,CO[C@@H](COC(=O)O)[C@@H]1CCC[C@@H](O)[C@H](O)CC[C@H](C)CCC[C@H](CC(=O)O)OC(=O)C(O)C(O)=N1,-0.49755200411615225
515.6520000000003,3.7427000000000037,8,6,195.06999999999994,9,0.11549031457811672,5.935763207573726,1,CO[C@H]1C[C@H](C)CC[C@H](C)[C@H](OC(O)=NCC[C@@H](CCCN)C(O)=NO)[C@@H](C)C(O)=N[C@@H](C)C(O)=N1,-0.49806472151317993
466.5310000000002,3.734470000000004,9,6,172.89,11,0.07141837892187869,4.807525528497777,2,CCC[C@H](C)[C@@H](C)OC(=N)C[C@@H](O)CCCC[C@@H]1N=C(O)c2c(O)cc(O)c(O)c2C(=O)O1,-0.49830440976174545
505.60500000000025,1.2540000000000016,9,6,186.33999999999997,14,0.18760837730085334,5.298318483041852,1,CO[C@@H](CC[C@@H]1OC(=O)C[C@H](O)[C@H](C)CC(O)[C@@H](C)C(O)[C@H](C)C[C@H](CC(=O)O)O)[C@@H](C)C(O)=N1,-0.4985260515760429
513.5400000000004,1.2551999999999996,11,6,206.07,8,0.1649630809572648,5.001372538170005,2,COCC[C@H](O)[C@@H]1OC(=O)c2c(O)cc(O)c(O)c2C[C@@H](C)CC[C@H](C(=O)O)[C@@H](CCCN)C(=O)O1,-0.49865584605015933
482.52600000000024,3.7442000000000037,9,4,159.82,7,0.19498784958955767,4.639202831553453,2,CCCCO[C@H]1CCC[C@H](C)[C@H](CCC(=O)O)OC(=O)c2c(O)c(O)cc(O)c2C(=O)O[C@@H]1C,-0.4989055472772391
501.55800000000016,1.2495700000000003,10,7,194.14999999999998,8,0.1547229867252256,5.354941747485615,2,COc1cc(O)c2c(c1)C[C@H](NC(=O)OC[C@H](OC(O)C(=N)O)C(C)O)C(O)=N[C@@H](C)CSC2,-0.5001817060229211
475.5640000000002,1.2524000000000015,7,6,189.10999999999996,11,0.1450352512327961,5.187746866619302,1,CCCCNC(=O)[C@@H]1CSC[C@@H](CC(=O)O)[C@H](N=C(O)[C@H](CCC(=O)O)O)[C@H](C)C(O)=N1,-0.5014273566370301
481.49800000000016,1.2469999999999997,10,5,185.83999999999997,6,0.2235240076076717,4.879967881720676,2,COC(=O)[C@@H]1CCC[C@H](C)c2cc(OCCC(=O)O)cc(O)c2C(=O)O[C@H](N)[C@@H](C(O)O)C=C1,-0.5025641610938847
536.6260000000003,3.7441000000000013,7,8,221.77999999999997,15,0.07060713428871197,5.194222462937067,2,CC[C@H](C(C)[C@H]1CC[C@@H](CC(=O)O)Cc2cc(O)cc(c2O)C(O)=N[C@@H](N)CCCCN=C(O)O)C(O)=N1,-0.5030024106343831
558.6690000000001,3.7256000000000027,8,5,187.7,16,0.08079584920176021,5.589885432810098,1,CO[C@@H](CC[C@@H]1OC(=O)C[C@@H](C)CC(O)C[C@H](N=C(O)O)[C@@H](N=C(O)O)/C=C/[C@H](C)[C@@H](C)OC(=O)CC)[C@@H]1C,-0.50408676221857
522.6390000000002,3.7564800000000025,7,4,169.67000000000002,7,0.36352434348651386,5.745014447761166,1,CO[C@@H]1C/C=C(\C)C[C@H](C)[C@@H](OCC(=O)O)[C@@H](C)C(O)=N[C@@H](CCC(=O)O)[C@@H](C)/C=C(\C#N)[C@H](O)[C@@H]1C,-0.5046274028904901
548.6260000000004,1.260900000000001,10,8,222.27999999999997,4,0.2325690181214054,5.2439721051746595,1,CC[C@@H]1CCC(O)CC[C@@H](O)CC[C@H](CC(=O)O)C(O)=CC(O)CCCC[C@@H](C(=O)O)OC(=O)C(O)[C@H]1O,-0.505091042391369
506.6330000000002,1.2351000000000008,9,6,173.98,8,0.2627855583875742,5.084955392563003,1,CC[C@H](O)[C@@H](C)[C@H](C)[C@H]1OC(=O)C[C@@H](C)CCCC[C@H](CCC(=O)O)O[C@@H](CO)[C@@H](O)[C@@H](O)[C@@H]1O,-0.5061338838252184
519.6570000000003,3.762000000000001,7,6,173.95,12,0.07371066995175031,5.109842112189965,1,CCCCC[C@H]1CCC[C@@H](CCCC(=O)O)OC(=O)C[C@H](O)[C@H](CC(=O)O)[C@H](N=C(O)O)[C@@H]1CS,-0.5063285796752939
489.5620000000002,1.231300000000001,8,6,194.18,4,0.312633777081627,5.250267050118521,1,COC(=O)[C@@H]1CCCC[C@H](C)[C@H](O)[C@@H](C)C[C@H](C)[C@@H](O)C(O)[C@@H](CC(=O)O)[C@@H](C(=O)O)C(O)=N1,-0.5079092022950554
507.5770000000003,1.227800000000001,10,6,195.57,9,0.19388510467036885,5.352364055509803,1,COC(O)[C@H]1CC[C@H](C)C[C@H](CCC[C@@H](O)CC(O)O)OC(=O)CCCC[C@@H](C(=O)O)OC(O)=N1,-0.5091055864120916
532.6070000000004,1.2365899999999994,10,6,206.06999999999996,5,0.1686020234089349,5.706045588049449,1,COC(O)[C@@H]1CCCC[C@H](OC(N)=O)[C@@H](O)[C@@H](O)CC[C@](CC(=O)O)[C@@H](C)/C=C/[C@H](C)C[C@H](O)OC1=O,-0.5095543526376753
530.5740000000003,3.7652200000000042,9,7,192.62999999999997,8,0.06641859970339827,4.964075505088687,3,CCCCCC[C@@H]1OC(=O)c2cc(O)cc(C)c2CN=C(O)[C@H](N=C(O)c2cc(O)cc(O)c2O)[C@@H]1CO,-0.5097687138771874
533.6260000000003,3.764900000000001,8,5,189.41000000000003,16,0.05256471791284618,4.739922566297137,2,CCC(CC(=O)O)C(C)NCCCCCC[C@@H]1NC(=O)C[C@@H](N=C(O)/C=C/c2cc([N+](=O)[O-])cc(N)c2)O1,-0.510409985309849
463.4870000000002,3.764400000000002,7,5,186.07999999999998,4,0.1930875309015103,5.483115253212314,2,CC[C@H](O)[C@@H]1C/C=C/c2cc([N+](=O)[O-])cc(O)c2N=C(O)[C@@H](N=C(O)O)[C@@H](C)C(=O)[C@@H](C)C1,-0.5110048671744729
477.5620000000003,1.2259000000000013,7,7,189.85999999999999,8,0.2162051155433231,4.403042661780127,2,NCCCC[C@@H]1NC(=O)[C@@H](NC(=O)CCc2cc(O)ccc2O)CCCCN=C(O)CN=C1O,-0.5116119476478236
491.6030000000003,1.2208999999999992,9,6,184.94999999999996,10,0.1916543934471149,5.089885470635803,1,CCC(=O)[C@@H](N=C(O)[C@@H]1CSC[C@H](CCCC(=O)O)O)C(=O)CC[C@@](O)(O)CCCC[C@H]1O,-0.5119155477576358
485.5780000000004,3.778200000000002,5,5,178.10999999999999,6,0.2141524722077742,5.028359556024839,1,COC(=O)[C@@H]1CCCC[C@H](NC(=O)/N=C(\O)[C@H](N=C(O)O)CC(=O)O)C[C@@H](C)C(C)C[C@@H](C)C1,-0.5120929746989317
482.5590000000002,3.778100000000002,8,3,167.73999999999998,6,0.23635646522174042,5.136751273631425,2,CC[C@H]1CCC[C@H](C)[C@H](OC(O)=NCc2cc([N+](=O)[O-])ccn2)CSC[C@@H](C(=O)O)N=C1O,-0.5124286209063666
525.5510000000003,3.775800000000001,9,6,203.40999999999997,5,0.30520399594843706,5.217245553460895,2,C[C@@H]1CCCC[C@H](OC(=O)O)c2cc(O)cc(O)c2C(=O)O[C@@H]([C@H](C)CC)[C@H](O)[C@@H](CC(=O)O)C(O)=N1,-0.5128722226870943
519.6320000000003,1.2209,10,6,186.34,8,0.11778953813321552,5.617221003599795,1,CC(C)[C@@H](N=C(O)C(O)O)[C@H]1OC(=O)C[C@](C)(O)[C@@H](O)C[C@H](O)[C@H](C)[C@@H](OC(=O)CCCC)C[C@@H]1C,-0.5131443766582656
492.5220000000002,1.2172000000000023,10,6,207.93,8,0.07082707985124509,5.78722414533122,1,COC(=O)[C@@H]1[C@H](C)[C@H](CCCC[C@H](C)O)OC(=O)C[C@@](C)(OO)[C@@H](N=C(O)O)[C@@H](O)CC(O)=N1,-0.5133379163241296
503.5080000000004,3.795500000000002,8,6,194.40999999999997,4,0.20427285720389216,5.730769039606342,3,CCCC[C@@H]1NC(=O)c2cc(co2)[C@@H](N=C(O)O)CCCCN=C(O)c2cc(O)cc(O)c2C(=O)O1,-0.5182474932462297
521.5870000000004,3.7972900000000025,8,6,189.46999999999997,8,0.12783100770851208,4.958719564574,2,CCCCC[C@@H]1N=C(O)[C@@](N=C(O)c2ccc(O)cc2O)[C@@H](C)CCCC[C@H](CC(=O)O)OC(=O)[C@@H]1O,-0.5207089487727297
478.53900000000027,1.2003000000000006,9,7,201.85999999999999,7,0.12053265936909373,5.69561766473989,1,CO[C@H](CC(=O)O)[C@@H]1C[C@@H](O)C[C@@H](O)C[C@H](C)CCC[C@@](C)(OCC(O)=NO)C(O)=NC1O,-0.5216488402019118
495.55000000000024,3.8138000000000036,7,5,166.11,5,0.35634487704937,5.11219792798804,1,CC[C@@H]1CC[C@H](C)CCC[C@H](CCC(=O)OP(=O)(O)O)OC(O)=N[C@@H](O)[C@@H](C)CCC[C@H]1O,-0.5255953580464743
461.5120000000001,1.1994000000000007,9,5,179.5,10,0.2358746063890725,5.150976093687344,1,CCOCC(C)OC(=O)NCCCCC(=O)OC1CCC(C)C(O)C(O)=NC(O)C(O)=N1,-0.525903947671055
527.5270000000002,1.1865999999999997,11,9,241.95999999999995,9,0.05511040150098493,5.434364994020335,2,CC[C@H](O)[C@@H]1CCC[C@H](CCC(=O)NO)C(=O)O[C@@H](c2ccc(O)cc2O)[C@@H]1N=C(O)C(O)C(O)=NO,-0.52823675801292
500.4970000000003,1.1757999999999997,11,7,211.27999999999994,5,0.17247996983632782,4.796400861735794,2,CC[C@H](O)[C@@H]1CCCC[C@H](O)C(O)C[C@H](CCC(=O)O)OC(=O)c2c(O)cc(O)c(O)c2C(=O)O1,-0.529680932671736
522.5950000000004,3.8257000000000025,8,6,189.46999999999997,9,0.2066745946199664,5.042270821238128,2,CCCCCC[C@H]1OC(=O)c2cc(O)cc(O)c2CC[C@@H](CC(=O)O)N=C(O)[C@H](CCC)N=C(O)[C@@H]1O,-0.5322020429310669
523.5830000000002,1.1744999999999994,10,7,215.48999999999998,12,0.08977605156834643,5.044339906689357,2,CCN=C1[C@@H](C(O)C(O)CCN=C(O)O[C@@H](CCCCN)C(=O)O)[C@@H](C)C(=O)c2cc(O)cc(O)c2C1,-0.5322937831273256
503.6330000000002,3.838500000000002,9,4,155.10999999999999,11,0.0821436414872815,4.91662751885527,1,CC(C)[C@H]1C(O)CC[C@@H](CCCCCCCCCC)CC(=O)OC[C@@H](OC(O)=NO)[C@H](O)C(=O)O1,-0.535449301760681
509.46400000000034,1.1590000000000003,10,5,205.98999999999998,10,0.17106955548833783,4.643803056915256,2,CO[C@H]1/C=C\C(=O)C[C@@H](CCC(=O)O)c2c(O)cc(OCCC(=O)O)cc2C(=O)O[C@H]1CC(=O)NO,-0.5367338532121855
534.6430000000003,1.1669000000000014,9,7,202.04999999999998,9,0.16520567160382998,5.519232221604996,1,CC[C@@H](C)[C@@H]1OC(=O)C[C@@](C)(O)[C@H](O)C[C@H](C(=O)O)[C@H](CCCC[C@H](C(=O)O)O)[C@H](C)[C@@H](O)C(O)[C@H]1C,-0.5377224631685007
524.5670000000002,3.841400000000001,8,7,209.69999999999996,11,0.07304294382873586,5.047005931672249,2,CCCCCCCCC[C@@H]1OC(=O)c2cc(O)c(O)cc2C(O)C[C@@H](N=C(O)O)C(O)=N[C@@H]1CC(=O)O,-0.538804958733678
494.5080000000002,1.1506999999999998,9,5,167.70999999999998,6,0.3157546421522481,5.6234174413510605,4,CNC(=O)CNCC[C@@H]1NC(=O)c2coc(n2)-c2cccc(n2)-c2cccc(c2)NC(=O)O[C@H]1CO,-0.5398317577319809
505.53500000000014,3.8517800000000015,9,3,179.52999999999997,10,0.3448277957309324,5.557689638070501,4,N#CCC[C@@H]1NC(=O)[C@@H](CCCCCCC(=O)Nc2ccccn2)N=C(O)c2coc(n2)-c2coc1n2,-0.5408253062163425
517.6160000000003,3.856200000000003,9,3,157.68999999999997,4,0.3692525175183345,5.298629135760187,1,COC(=O)N[C@@H]1C[C@@H](C)C[C@H](O)[C@H](C)[C@H](CCC(=O)O)OC(=O)C[C@@H](C)C[C@@H](C)C[C@H](C)OC(=O)O1,-0.5436228878772502
518.6440000000002,1.137100000000001,9,6,181.82,6,0.2788850653117946,5.4824919188124746,1,CC[C@H](O)C[C@@H]1OC(=O)C[C@@H](C)[C@H](O)[C@H](C)C(=O)[C@H](C)[C@H](CCC(=O)O)[C@@H](C)C(O)[C@H](O)C(O)[C@@H]1C,-0.5464337293249746
489.5290000000003,3.8686000000000016,8,4,183.64000000000001,9,0.2305086503898468,5.751623212680888,3,CCCCCCN=C(O)[C@@H]1CCCNC(=O)c2coc(n2)-c2coc(n2)[C@H](CCC(=O)O)N=C1O,-0.547840415599288
524.5670000000002,3.8783000000000025,9,7,201.85999999999999,10,0.10183509260228411,5.566519900685639,2,C[C@H]1OC(O)=C[C@@H](CCCCCC)c2cc(O)cc(O)c2C(=O)O[C@@H]1N=C(O)[C@@H](N=C(O)O)[C@@H](C)CO,-0.5535050969557562
518.6480000000004,1.1189000000000018,9,7,195.28999999999996,7,0.1456860784179412,5.4565217188442,1,CO[C@@H]1C[C@H](O)[C@@H](C)[C@H](OC(O)=N[C@@H](CCCN)C(=O)O)CCCC[C@H](C)[C@@H](O)/C=C(\C)[C@H](O)[C@H]1O,-0.5536975214103809
495.5880000000002,3.9021000000000017,11,4,199.27999999999997,8,0.18391703749342528,6.323549048410468,3,NCCCC[C@@H]1N=C(O)[C@H](CCCCN)N=Nc2cccc(n2)CN=Nc2ccc(N)c(c2)OC1=O,-0.5609094120943245
491.5780000000002,1.0932,9,7,197.34,5,0.2732714043650927,5.306062380131568,1,CCC[C@@H]1CCCC[C@H](C)[C@H](O)[C@@H](CCC(=O)O)C(O)OC(=O)C[C@@H](O)CC(O)C(O)=N[C@H]1O,-0.5629720408119749
461.4930000000003,1.1047000000000016,8,5,198.67000000000002,5,0.36933413367224277,5.349294435761804,1,COC(=O)[C@@H]1CSC[C@H](C)C(O)=N[C@@H](CC(=O)O)C(O)=NCC[C@@H](CC(=O)O)C(O)=N1,-0.5634084580444274
506.63300000000027,1.0910000000000002,9,6,173.98,5,0.29620420203534864,5.196657721881651,1,CO[C@H]1C[C@H](C)[C@H](O)[C@H](C)[C@H](O)[C@@H](CCCC(=O)O)C(=O)O[C@H](C)[C@@H](C)CCC[C@H](O)[C@@H](O)[C@H]1O,-0.5637561057372238
516.6320000000003,3.9120000000000017,8,6,181.62999999999997,4,0.08054030397580082,5.725322204674158,1,CO[C@H]1C[C@@H](C)CC[C@H](C)[C@H](O)C(O)[C@@H](C)C(O)=N[C@@H](CC(O)=NO)[C@@H](C)/C=C(\C)C[C@@H]1OC(=O)O,-0.5657786967498871
516.6320000000004,3.9125700000000014,8,5,178.96,9,0.13136699522178724,5.235169868440077,1,CO[C@H]1CCCCC[C@H](C)[C@H](OC(=N)O)CC(=O)O[C@@H](CCCCC(=O)O)[C@H](N=C(O)[C@@H]1O)CCC,-0.5660063025090805
540.6100000000005,3.9042000000000034,9,8,212.85999999999996,7,0.08204148375264349,5.377489265156241,2,C[C@H]1CCC[C@@H](C)C(O)c2cc(O)c(O)c(O)c2C(=O)O[C@H](N=C(O)O)[C@@H](N=C(O)CCCCCC)[C@@H]1O,-0.5675219033658541
510.5400000000003,3.9204000000000008,8,6,198.7,4,0.19589738155288827,5.232326497218404,2,CO[C@H]1CCCCC[C@H](CC(=O)O)c2cc(O)cc(O)c2C(=O)O[C@@H](N=C(O)O)CC[C@@H](C)C(O)=N1,-0.5685509229611719
492.5290000000004,1.078600000000003,8,6,192.79999999999995,8,0.26887966992856766,5.312111737085865,2,CO[C@@H]1/C=C/c2coc(C)c(O)cc2C(=O)N[C@@H](CCCCN)C(=O)N[C@@H](CCC(=O)O)C(O)=N1,-0.5687563071861258
487.59000000000026,1.0709000000000004,9,5,176.60999999999999,2,0.3810767481181074,5.46826510739832,1,CO/C1=C(/C)CCC(=O)CC(O)C(C)C(=O)C(O)C(C)C(OC(N)=O)C(C)C(O)C(O)C(C)C1,-0.5721785752717413
476.5230000000002,1.0691000000000008,9,6,198.69999999999996,9,0.09191978965426624,5.259040834653345,1,CCCCN=C(O)[C@H]1CCC[C@H](C)C[C@H](O)C[C@H](OC(O)=N[C@@H](CC(=O)O)C(O)O)C(=O)O1,-0.5742827245495024
545.6500000000004,3.919100000000002,10,5,193.68999999999997,11,0.14421673022237316,6.408210883960028,1,CC[C@H](O)[C@@H](CC(O)=N[C@@H](C)C(O)C(=N[O-])O[C@]1(O)C[C@@H](C)C(C)=C[C@@H](C)C[C@@H](C)C[C@@H](C)OC(=O)O)O1,-0.5749355264723176
508.5680000000003,3.9414200000000017,8,6,181.63,6,0.24476811820981195,5.511949020644904,2,C/C=C1/[C@@H](C)OC(O)c2c(O)c(O)cc(C)c2C[C@@H](CC(=O)O)N=C(O)[C@H](CCCCC)N=C(O)O1,-0.5768225906810522
494.5930000000003,1.0577000000000014,9,8,208.03999999999996,9,0.08097416200031318,5.145778046270566,2,CC[C@@H]1NC(=O)[C@](O)(NCCC(O)=NCCCCN)CCCCN=C(O)c2cc(N)cc(O)c2O1,-0.5770213418895347
519.5720000000002,3.942400000000003,7,4,162.95,3,0.14212465311380004,5.414333790635498,1,COC(=O)[C@@H]1CCCC[C@H](N=C(O)OP(=O)(O)O)C[C@@H](C)C(=O)[C@@H](C)[C@@H](O)CC=C[C@H](C)C[C@H]1C,-0.5782863428579317
484.4580000000003,1.0562,9,7,218.92999999999995,5,0.1778204721226484,5.369224737907966,2,CO[C@H]1C[C@H](CCC(=O)O)c2cc(O)cc(O)c2CC(=O)OCC[C@H](N=C(O)O)[C@@H](O)C(O)=N1,-0.5783559158995436
516.5880000000002,1.054600000000001,9,7,209.69999999999996,6,0.1969655734563737,5.465320860230348,1,CO[C@H]1/C=C\C(=O)[C@@H](O)[C@@H](O)CCCCCC[C@H](N=C(O)[C@@H](O)CCC(=O)O)CC(O)=NC(O)[C@@H]1C,-0.579111071018332
535.6310000000002,1.0623000000000016,9,8,217.57,4,0.1445028396247841,5.290409106448146,1,COC(=O)[C@@H]1CC[C@H](O)[C@@H](O)CCCCC[C@H](CC(=O)O)C[C@@H](O)[C@H](O)C[C@H](O)[C@@H](N=C(O)O)C[C@@H]1C,-0.5794784543397618
522.5510000000004,1.0463,10,7,202.71999999999997,6,0.2077322264902609,5.2143319006856395,2,CO[C@H]1/C=C\C(=O)[C@@H](C)[C@H](O)CC(=O)c2c(O)cc(O)cc2CC[C@@H](CC(=O)NO)[C@@H](CCC(=O)O)N1,-0.5832265261491456
538.5460000000003,1.0493999999999992,11,7,211.27999999999997,9,0.13355335809480912,5.202024559273887,2,CC[C@H]1/C=C/C=C(/C)[C@@H](OC(=O)CCC(O)Cc2cc(O)cc(O)c2O)C(=O)O[C@@H](CC(=O)O)C(O)[C@H]1O,-0.5853389053052944
506.64300000000026,3.9639000000000024,7,5,177.07999999999998,9,0.17455989194192362,5.843649625302737,1,CC[C@H](C)[C@H](CC(=O)O)[C@@H]1CSSC(=O)C[C@@H](N=C(O)O)[C@@H](C(CC(=O)O)C(O)=N1)C(C)C,-0.5857107062330354
501.57300000000015,1.0331000000000008,9,5,183.17999999999998,7,0.315799964870912,5.613258772504674,1,CO[C@H](C)[C@@H](O)[C@@H]1C/C=C\C(=O)[C@@H](CCCC(=O)O)C(O)=N[C@@H](C)C(O)[C@@H](C)C(O)[C@H](C)C(=O)O1,-0.5867684338101358
507.5840000000004,1.0311000000000012,10,5,183.43,9,0.23888658408569458,4.727470396176589,2,COc1cc(O)cc(O)c1C[C@@H]1OC(=O)/C=C\C[C@H](NC(=O)[C@@H](N)CCCCN)C(=O)OCC[C@@H]1C,-0.5877557501411614
519.6320000000002,1.0325000000000013,9,7,197.33999999999997,9,0.17055002760038748,5.637881631087572,1,CC[C@@H]1C[C@@H](C)[C@H](O)CC(=O)O[C@@H]([C@H](O)CCCC[C@H](C(=O)O)O)C(O)=N[C@H](CO)[C@@H](C)C(O)[C@H]1C,-0.5883117045376536
492.5290000000003,3.9727000000000015,8,3,181.78,12,0.22067209566267337,3.8953028969357355,2,CCCCCC[C@H]1CC(=O)C[C@H](CC(=O)Nc2ccc([N+](=O)[O-])cc2[N+](=O)[O-])C[C@@H](CC(=O)O)N1,-0.5892694712642091
493.5610000000002,3.9731000000000014,7,5,181.94,4,0.30815569696969847,5.7103942275745805,2,CO[C@H]1C[C@H](C)CC[C@H](C)[C@H](OC(O)=Nc2ccccn2)N=C(O)[C@@H](N=C(O)O)C(O)=N[C@@H](C)C1,-0.5893807092906932
458.5520000000003,3.9619000000000018,6,5,169.24,8,0.26868475561968147,5.2133014554817265,1,CCC[C@@H]1CCC[C@H](C)[C@H](OC(=O)O)[C@@H](C)C(O)C(O)=N[C@@H](CCCCC(=O)O)C(O)=N1,-0.5906064717017591
509.5120000000003,1.0229000000000006,9,7,222.06,8,0.19455896378048487,5.44615837829756,2,CO[C@H](CC(=O)[C@@H]1CCCc2cc(O)cc(O)c2CC(O)=N[C@@H](CC(=O)O)C(O)=N1)C(O)C(O)=NC,-0.5911461901898716
514.5240000000005,3.9770000000000003,9,7,211.27999999999997,7,0.1191319861908864,5.589920603785018,2,C[C@@H]1CCCC(OC(=O)O)c2c(O)c(cc(O)c2O)C[C@@H](CCCCC(=O)O)C[C@@H](O)[C@@H]1OC(=O)O,-0.5915136738098284
491.53800000000024,1.0205000000000035,8,8,225.21999999999994,10,0.122882515115017,5.505523255536028,1,CO[C@H]1CCCC(O)CC[C@H](CC(=O)O)[C@H](N=C(O)C[C@@H](CCCN=C(O)O)O)C(O)=NC1O,-0.592041942581772
460.5640000000002,3.976800000000003,8,4,142.75,8,0.3122783641752624,5.207283328398953,1,CO[C@@H]1C[C@@H](C)[C@H](O)[C@H](C)[C@H](C)C[C@H](CCCCCCC(=O)O)C(O)=CC(O)OC(=O)O1,-0.595962172276061
520.5910000000005,1.0114000000000032,11,6,216.14999999999995,10,0.24288661761628677,6.071663306238634,3,CNCCC[C@H]1NC(=O)c2coc(n2)-c2coc(n2)[C@H](CCCN)NC(=O)OC[C@H](CCCN)N=C1O,-0.5968624219399297
491.57800000000026,1.0080000000000007,9,6,186.33999999999997,6,0.10288414391433841,5.58143749091368,1,CCCCCC[C@H]1OC[C@H](O)[C@H](C)[C@H](O)[C@H](O)[C@@H](C)/C(N=C(O)O)[C@](C)(O)C(=O)[C@@H](C)C(=O)O1,-0.597037654035321
515.6040000000002,1.0080000000000018,9,7,215.48999999999995,8,0.13819642341853589,5.653924774248555,1,CC[C@H](O)[C@@H](CCC(=O)O)[C@H]1CCCCC[C@H](O)C(=O)/C=C(/C)[C@@H](OC(N)=NC(O)O)[C@@H](C)C(O)=N1,-0.5976154108320829
511.5950000000003,1.0059900000000006,10,7,209.7,9,0.0759895239044055,5.759105563330226,1,CC[C@H](CC(O)[C@H](O)[C@H](N=C(O)O)[C@@]1CSSCC[C@H](C(O)=O)O)OC(=O)C(C)CC(O)=N1,-0.5980537742678327
512.5270000000002,3.9944000000000015,11,5,204.38,10,0.19381787859974164,5.867647999775805,4,CCCC[C@@H]1N=C(O)[C@H](CCCCC(=O)Nc2cnc(NO)nc2)N=C(O)c2coc(n2)-c2coc1n2,-0.5982848155485819
489.54700000000037,0.9926000000000015,9,6,209.67000000000002,11,0.13758885399443344,5.4656794205061585,1,CC[C@H](O)C(=O)[C@@H]1CSC(=O)[C@@H](N=C(O)CCCCCC(=O)O)CC(O)=N[C@@H](CO)C(O)=N1,-0.6033223205186422
516.6720000000004,4.0091000000000045,8,5,153.75,8,0.18282047427747816,5.335122353261328,1,C/C=C/[C@@H]1C[C@H](C)[C@H](O)[C@@H](C)C(O)C[C@@H](CCCCCC)CC[C@H](CC(=O)O)OC(=O)O[C@@H](O)[C@H]1O,-0.6045602301971262
501.6250000000001,4.014270000000002,9,6,192.89999999999995,8,0.07214369024612102,5.920725911099306,1,CO[C@H]1C[C@@H](C)CCC[C@H](OC(O)=N[C@H](CCCN=N)C(O)=NO)[C@@H](C)C(O)=N[C@@H](C)C(O)[C@@H]1C,-0.6057167190725387
547.6860000000004,1.0038000000000007,10,7,199.99999999999997,4,0.24906452713610888,5.50388770621262,1,CO[C@H]1/C=C\C(=O)[C@@H](C)[C@H](O)CCCC[C@H](OC(N)=O)[C@@H](O)CC[C@H](C)C[C@H](C)[C@H](O)[C@@H](O)[C@@H]1CC(O)O,-0.6060314585762028
496.5570000000003,0.9843999999999994,10,6,188.64,9,0.12439979148658953,5.526243411429507,2,CCCCC[C@@H]1OC(=O)c2cc(cc(O)c2O)CC[C@H](NC(=O)[C@@H](N)C(O)O)C(=O)O[C@H]1CCC,-0.6062791061846022
509.55600000000015,4.015000000000001,7,7,204.98999999999995,8,0.11672511945329349,5.406087250750587,2,CCCCC[C@H]1OC(=O)C[C@@H](CCC)c2cc(O)cc(O)c2C[C@@H](N=C(O)O)N=C(O)[C@@H]1N=C(O)O,-0.6063013017831977
518.6880000000003,4.018800000000003,8,5,153.75,12,0.11149549893307774,5.299887071370973,1,CC[C@@H](C)[C@H](O)[C@H](C)[C@H]1CC[C@H](C)[C@H](CC(=O)O)CC(=O)O[C@@H](CCCCCC)[C@H](O)[C@@H](O)[C@@H]1OO,-0.6086686420179716
535.7330000000002,0.9859000000000027,10,6,189.35999999999999,12,0.0690558084818836,5.357334839950312,1,NCCCC[C@H]1OC(=O)C[C@H](CCCCCC)NC(=O)[C@@H](N=C(O)CO)CSSC[C@@H](C(N)=O)N1,-0.6098419457170839
481.49800000000016,0.9705999999999999,9,7,197.34,5,0.3179978618470607,5.3201695306655825,2,CO[C@H]1/C=C\C(=O)[C@@H](CCCC(=O)O)C(O)c2cc(O)cc(O)c2C[C@@H](C)C(O)C(O)=NC1O,-0.6128781229706279
486.5660000000003,0.9663000000000033,8,6,196.29,8,0.164385185345457,5.426648339148069,1,CO[C@H]1/C=C\C(=O)[C@@H](C)[C@@H](O)CC[C@H](OC(N)=NCCCCCNC(=O)O)C(O)=NC(O)[C@@H]1C,-0.614068074258871
509.5520000000003,4.036520000000002,8,5,175.33999999999997,8,0.11301043172452283,5.024768939192036,2,CCCCOC(C)C(C)=C1OC(=O)c2cc(O)c(O)c(C)c2CCC[C@@H](N=C(O)O)[C@@H](CC(=O)O)O1,-0.6149048353038061
526.6590000000006,0.9652900000000058,9,7,231.22999999999996,14,0.15947473196263792,4.828778735666205,1,NCCCC[C@@H]1N=C(O)[C@](NC(=O)[C@H](N)CCCCN)CCCCN=C(O)CN=C1OCCCC(=O)O,-0.6161950783477561
498.5290000000003,0.9593200000000013,9,7,212.35999999999999,6,0.2932266623170912,5.093259454207152,2,COc1cc(O)c2c(c1C)CC[C@H](C(=O)O)C[C@@H](O)C(O)=N[C@@H](C(=O)O)C[C@@H](CCCN)C(O)O2,-0.6162790223170016
483.5620000000002,4.040700000000002,10,4,155.86999999999998,4,0.1619708255165622,5.26199172460232,2,COC(=O)[C@@H]1CCCCC[C@H](C)[C@H](O)CC[C@H](OC(O)=Nc2cc(NO)no2)/C=C/C[C@H](C)O1,-0.6171562766236773
515.6440000000003,4.041000000000003,7,5,166.11,6,0.2590099545606163,5.62057094961343,1,CO[C@H]1/C=C(\C)[C@@H](C)[C@H](OC(=O)O)C(O)=N[C@@H](CC(=O)O)[C@@H](CC)CCC[C@H](C)[C@@H](O)[C@@H](O)[C@@H]1CC,-0.6171935668362086
484.5020000000002,0.9464000000000006,8,7,209.69999999999996,6,0.2835399168126335,5.539473757208269,1,CO/C1=C/C(C)=C\[C@@H](C)C(O)[C@@H](CCC(=O)O)C(O)C(O)=N[C@@H](CC(=O)O)C(O)=NC(O)C=C1,-0.6222125244769665
483.5290000000003,0.9355800000000005,10,5,198.5,13,0.20164496274816449,3.625287063778617,3,NCCCCCCOC(O)CC(=O)Nc1cc2c(cc1CNC(=O)c1nc(N)nc(C#N)c1)CO2,-0.6266344749437265
501.61700000000025,4.069500000000002,8,3,151.95000000000002,6,0.3610212716077154,4.708341342725887,1,CCCCC[C@@H]1CCCCCCC(=O)CC[C@H](OC)C[C@@H](C(=O)O)OC(=O)CC(O)CC(O)=NO1,-0.6278083296325409
519.5590000000004,0.9174000000000029,10,6,218.19999999999996,10,0.24231118114147188,6.010101163381491,3,CCNCCC[C@@H]1NC(=O)c2coc(n2)-c2coc(n2)[C@@H](CC(=O)O)NC(=O)C[C@H](CCCN)N=C1O,-0.6342474749843302
477.5100000000002,4.092880000000004,9,3,163.38,12,0.2948731819619829,4.071758756356661,2,N#CCC[C@@H]1O[C@@H](C)[C@H](OC(=O)CCCCCCCCC(=O)O)c2c(O)cc(O)cc2C(=O)O1,-0.6387377173018687
501.6210000000003,4.105100000000002,6,6,184.76,17,0.09761463182015818,4.818892717166681,1,CC[C@H](C)[C@@H]1N=C(O)[C@@H](N=C(O)OCCCCCCCCCCCC(=O)O)C(O)[C@@H]1C/N=C(O)O,-0.6420481852353459
503.5490000000003,0.8923000000000021,10,6,211.05999999999997,9,0.19308479721310753,5.639595958343811,1,COC(=O)[C@@H](N=CCCCCC(O)C(O)=N[C@H]1CCCCC[C@H](C(=O)O)O)OC(O)=N[C@H]1C(O)C,-0.6431191709193553
490.55000000000024,0.8819000000000032,9,7,212.35999999999999,11,0.21702382405581935,5.856170075183344,1,CO[C@H](CC[C@@H](O)[C@H](O)[C@H](C)[C@@H]1C[C@H](C)/C=C(\O)[C@H](CC(=O)O)[C@@H](OC(N)=O)C(O)=N1)C(O)C,-0.6475158898436381
539.6220000000002,4.116000000000006,9,6,186.33999999999997,7,0.21733575640027072,4.69902959326045,2,CCCCC[C@@H]1CCCCCC[C@H](OCC(=O)O)CC[C@@H](O)C(O)=NC(O)c2cc(O)cc(O)c2C(=O)O1,-0.6512392582883828
515.5170000000003,0.8694000000000001,10,6,221.75999999999996,9,0.1166365999743329,5.910933758626137,2,CCOC(O)[C@H](N=C(O)[C@@H]1CSCc2cc([O-])cc(O)c2C(=O)O)C[C@H](N=C(O)O)C(C)C(=O)O1,-0.6529778914756609
515.5600000000002,0.8608000000000035,9,7,218.56999999999996,8,0.07942363687267269,5.159489541196435,1,C[C@@H]1/C=C\C(=O)[C@@H](O)[C@@H](O)CCCCC[C@H](OCCCC(=O)NCC(O)=NO)C(O)=N[C@@H](C(O)=O)C1,-0.6564180960333119
494.6360000000002,0.8455000000000021,9,7,198.06,8,0.10978769534529068,5.572391410447568,1,CCCC[C@@H]1NC(=O)[C@H](N)CSSC[C@@H](C(O)=N[C@@H](CC(=O)O)C(O)O)C(O)=N[C@@H](C)C1,-0.6618869465278786
532.5860000000004,4.153400000000005,10,6,173.98,5,0.24236614811530405,4.732713481679723,3,C[C@H]1CCCC[C@H](CO)c2cc(O)cc(O)c2C(=O)O[C@H]([C@H](O)CCCC)c2cc(O)c(O)cc2C(=O)O1,-0.6645633447490185
506.5120000000003,0.8381999999999998,11,5,202.35999999999996,8,0.04911159713042951,4.904212686917578,2,COCCN=C(O)CN=C1CCC[C@H](NC(=O)/C=C/c2cc(N)cc(O)c2O)C(=O)O[C@@H](C)C(=O)O1,-0.6648475787547099
538.5940000000004,4.155820000000003,8,5,187.7,3,0.2123243241482283,4.921944587928923,2,COc1cc(O)c2c(c1C)COCCC(=O)[C@H](N=C(O)O)CCC[C@@H](N=C(O)O)CCCC[C@@H](C)OC2=O,-0.666810592993244
515.6440000000002,4.170000000000003,8,4,155.10999999999999,7,0.22197462953220534,5.36821177932598,1,CCCCC[C@@H]1CCCC[C@@H](OC)[C@@H](O)C[C@H](O)C(O)=N[C@@H](CC(=O)O)[C@@H](C)/C=C/[C@@H](C)OC(=O)O1,-0.6687323372949759
498.48500000000024,0.8200999999999996,10,7,218.92999999999998,7,0.26083683207930713,5.490694151424829,2,CO[C@@H](CC[C@@H]1OC(=O)c2cc(O)cc(O)c2CC(O)CC(O)=N[C@@H](CC(=O)O)C(O)=N1)C(O)C,-0.6719668313986935
489.6060000000002,0.8177000000000008,9,6,177.11,3,0.2472848116779163,5.6984850490859325,1,COC(=O)[C@@H]1CCC(=O)[C@@H](C)[C@H](O)[C@H](C)[C@H](C)[C@@H](O)C[C@H](CC)[C@@H](O)C(O)=N[C@@H](C(O)O)[C@@H]1C,-0.6732410172768736
527.5710000000003,0.8199000000000005,11,8,224.38999999999996,13,0.0775190096200278,4.755646214381665,2,CC(C)C(O)C(=O)NCCC[C@H](N)C(O)CCCC[C@@H]1OC(O)=N[C@@H](c2cc(O)c(O)cc2O)C(=O)O1,-0.6742984515509433
480.48500000000024,0.8166699999999996,8,6,201.26,5,0.13221918473520242,5.334819952340093,5,N=C(N)NCCCC[C@H]1NC(=O)c2coc(n2)-c2coc(n2)-c2ccc(cc2)NC(=O)CNC1=O,-0.6744622473674862
482.53000000000026,0.8142000000000007,11,5,191.63,2,0.29588171142825054,4.688218313266689,2,COC(=O)[C@@H]1CCCCCCC[C@H](CO)c2cc(O)cc(O)c2C(=O)OC[C@H](N)[C@H](N)C(=O)O1,-0.6752246041133273
511.62000000000023,4.188700000000002,8,5,185.76,11,0.05192833812495244,5.859648509621235,1,CC(=O)[C@@H]1/C=C(\C)C[C@@H](C)[C@H](OC(N=O)CCCCCNC(O)=NO)C(O)=N[C@@H](CC(O)=N1)C(C)C,-0.6758796697637833
519.5880000000003,0.8130000000000006,12,4,181.40999999999997,12,0.16264813797512234,5.688511312710094,1,COC(=O)[C@@H](N=CCCC(O)C(=O)O[C@H]1C[C@H](C)OC(=O)C[C@@](O)(O)[C@@H](O)CC[C@@H](C)C[C@H](C)C)O1,-0.6759362388391376
516.5510000000003,0.8104000000000013,9,6,197.14999999999995,13,0.09439454131011321,4.630236988093391,2,NCCCCC[C@H]1NC(=O)C[C@H](NC(=O)/C=C/c2cc(NCC(=O)CC(=O)O)cc(O)c2)/C=C/C(=O)O1,-0.6766501666326546
546.6580000000004,4.175470000000003,8,6,199.18999999999997,8,0.1457356037481311,5.569004359161543,1,CCC[C@H](O)[C@H]1CCCCC[C@@H](COC(=N)N=C(O)O)[C@H](O)CC(=O)O[C@H]([C@H](C)C)[C@H](CC)[C@H]1OC(=O)O,-0.6766534055186614
493.5940000000003,0.7998000000000014,9,7,189.5,10,0.1692146731118656,5.688238009496222,1,CO[C@H](C)[C@@H]1CC[C@H](C)[C@H](O)[C@H](C)C(O)[C@@H](CCCC[C@H](O)C(O)O)C(O)=N[C@@H](CC(O)=O)O1,-0.6802006716727051
495.56900000000036,4.207600000000003,7,6,177.10999999999999,4,0.20276466494329942,4.705561658943175,2,C[C@@H]1CCCC[C@H](CCC(=O)O)Cc2cc(O)cc(O)c2C(=O)O[C@@H](N=C(O)O)CCCC[C@H]1O,-0.6830974869255497
489.56200000000035,0.7856000000000016,9,6,186.33999999999997,10,0.14543724563066707,5.631230934653968,1,CO[C@H]1/C=C\C(=O)[C@@H](C)[C@H](O)[C@@H](C)C(O)CC(CC[C@H](O)CC[C@@H](CCN=C(O)O)O)C(=O)O1,-0.6860776814443093
524.5270000000003,0.786600000000002,12,6,222.58999999999995,9,0.08668676323059697,4.822612703069448,2,COC(=O)CN[C@@H](CCCCN)C(=O)OC(O)=N[C@@H]1CCCCN=C(O)c2cc(O)cc(O)c2C(=O)O1,-0.6871132545046696
493.56100000000015,4.217720000000002,8,5,174.94,14,0.11160616205292109,4.10043110545123,2,COC(O)=NCCCCCCCCCNC(=O)c1coc(C)c1-c1coc(n1)[C@H](C)N=C(O)NO,-0.6872086747327925
510.5800000000004,4.226700000000004,9,4,159.82,7,0.30866495601323646,5.162395293677579,2,CC[C@H]1OC(=O)[C@H](C)[C@H](O)[C@@H](CC(=O)O)c2cc(O)cc(O)c2C[C@@H](CCCCC)[C@@H](C)OC(=O)O1,-0.6910040578752068
501.5320000000002,4.230300000000004,8,6,177.10999999999999,5,0.15135951865718938,4.456425762780819,3,C[C@H]1CCC[C@H](CCC(=O)O)CCc2cc(O)cc(O)c2C(=O)O[C@@H]1N=C(O)c1cc(O)c(O)cc1,-0.6921267820970392
477.5180000000002,4.238000000000002,7,4,182.72999999999996,5,0.21144112776019322,5.53259542641538,2,CCN=C1C[C@@H](C)C[C@H](OC(O)=Nc2ccc([N+](=O)[O-])cc2)[C@@H](C)N=C(O)[C@H](N=C(O)O)[C@@H]1C,-0.6966525685705904
507.54000000000036,0.7547200000000032,9,7,212.0,7,0.2031501596047354,5.222622930240464,2,CO[C@H]1/C=C\C(=O)C(O)c2cc(O)c(O)c(C)c2C[C@@H](CCCCN)C(=O)N[C@H](CC(=O)O)C(O)=N1,-0.6982748534380987
494.5850000000003,4.256600000000003,7,6,172.39999999999998,9,0.12782894939832293,5.079586658943174,2,CCCCCC[C@H]1OC(=O)c2cc(O)cc(O)c2CC[C@@H](N=C(O)O)[C@@H](CCCC)N=C(O)[C@@H]1O,-0.7027234580544481
496.55700000000024,4.260200000000003,8,4,171.95,6,0.1475110390070472,5.091082759963244,2,C[C@H]1CCC[C@H](C)[C@@H](O)CC(=O)O[C@@H](c2cc(O)ccc2[N+](=O)[O-])[C@@H](N=C(O)O)[C@@H](CCCC)O1,-0.7041136722120951
509.5600000000002,0.7403000000000006,10,9,201.50999999999996,4,0.2046154700913764,4.980983804738861,2,COC(=O)[C@@H](NC(=O)NNCCCCCC[C@H]1Nc2cc(O)cc(O)c2C(=O)O)C(C)=CCNC1O,-0.7041396372879456
531.5990000000003,0.7432000000000021,10,6,203.40999999999997,7,0.1996467762076744,5.714498288694471,1,CO[C@H]1/C=C\C(=O)[C@@H](C)[C@@H](O)CC(=O)CCC[C@@H](CC(=O)O)C(O)[C@@H](N=C(O)[C@H](O)[C@@H](C)CC)C(O)O1,-0.7055560825363203
464.5150000000003,4.256700000000003,8,2,148.56,7,0.199858805130661,5.055671949605808,2,CO[C@H]1C[C@H](C)[C@H](OC(O)=Nc2ccc([N+](=O)[O-])cc2O)C(=O)[C@@H](CCCC)C(=O)[C@@H](C)C1,-0.7062548571868384
508.5680000000004,4.265300000000002,7,6,189.46999999999997,7,0.17738045061370694,5.198714252320446,2,C[C@@H]1CCC[C@H](CCC(=O)O)c2c(O)cc(O)cc2CC(=O)O[C@@H](N=C(O)O)[C@@H](CCCC)C(O)=N1,-0.7063278961615497
533.6150000000002,0.7417000000000015,10,5,188.91999999999996,8,0.12803776516822873,5.097224574439916,1,CCNC(=O)[C@H]1C[C@@H](C)CCC[C@H](OCCCC(=O)O)[C@@H](CO)[C@](O)(O)C(=O)O[C@@H](C)C[C@H](C)OC1=O,-0.7065259339189179
502.60500000000013,0.7335000000000015,9,7,192.63,1,0.2706149950374984,6.085137066951298,1,CO[C@H]1/C=C\C(=O)[C@@H](C)[C@H](O)[C@@H](C)C[C@@H](C)C[C@H](O)C(O)[C@@H](C)C(O)C(O)=NC(O)[C@@H](C)C(O)=N1,-0.706619207282111
538.6450000000003,0.7185000000000001,11,8,228.34999999999997,9,0.08818806063256222,6.257189503494312,1,CC[C@H](O)[C@@H](C(O)=N[C@@H]1CSSC[C@@](C)(O)C(O)=N[C@H](CC(=O)O)C(O)=N1)C(C)=N[C@@H](C)C(O)O,-0.7167792575821373
501.6210000000004,4.2935000000000025,7,5,173.76,12,0.14944022546434707,5.458606365009116,1,CCCCO[C@@H]1CCC[C@H](C)[C@H](OC(O)=N[C@@H](O)CC(=O)O)CC(O)=N[C@H](CCCCC)C(O)=N1,-0.7174073254184136
495.5730000000002,4.298700000000003,7,7,187.92000000000002,11,0.13430544688550725,5.214111016761822,2,CCCC[C@@H]1N=C(O)[C@@H](N=C(O)COC(O)CCCC)c2c(cc(O)cc2O)[C@H](N=C(O)O)[C@@H]1C,-0.7195344770864017
517.6160000000002,4.302900000000003,8,4,172.17999999999998,11,0.22848985144138126,5.0611267468479255,1,CC(C)[C@H]1CCC[C@@H](CCCCC)C[C@H](OCC(=O)O)CC(O)=N[C@@H](CCC(=O)O)C(O)OC(=O)O1,-0.7220201101243661
476.4860000000003,0.6966999999999997,11,5,187.95,6,0.2219777784922339,4.90828881562628,3,COC(O)CN=C1OCCCCC(O)c2c(NC(=O)OCc3ccc(N)cc3N)cc2OC1=O,-0.7228514198533473
543.5700000000004,0.7045000000000026,11,7,239.12999999999994,14,0.05286879085121763,5.627222471869868,1,CO[C@H]1/C=C\C(=O)[C@@H](CCCC(=O)O)C(O)C(O)C(=O)[C@@H](N=C(O)CCCCCCC(=NO)CO)C(O)=N1,-0.7234670825960215
533.6150000000002,0.6942000000000017,9,8,217.56999999999996,8,0.1602600642189722,5.847563774460546,1,CO[C@H](CC(=O)O)[C@@H]1/C(C)=C/CC[C@H](CCC(=O)O)[C@H](O)[C@@H](C)C[C@H](O)C(O)=N[C@@H](C)C(O)[C@@H]1C(O)O,-0.7254419723864888
509.5520000000004,4.313200000000002,8,5,183.17999999999998,4,0.22251592571661205,4.8927467483957985,2,C[C@@H]1CCC[C@@H](CCC(=O)O)c2cc(O)cc(O)c2C(=O)O[C@@H](N=C(O)O)CCCC[C@H](C)OC1=O,-0.7255315576982171
495.5250000000003,4.314900000000004,9,5,175.33999999999997,6,0.12559870907568627,5.523748161244795,2,C/C=C1/[C@@H](C)O[C@H](c2ccc(O)c(O)c2O)C(=O)[C@H](N=C(O)O)[C@@H](CCCCC)[C@H](C)OC(=O)O1,-0.7260151679545012
508.52400000000034,4.315500000000003,8,4,196.85999999999999,8,0.28969260645902684,5.225937392452321,2,CC[C@H]1O[C@H](CCC(=O)O)c2cc(O)cc([N+](=O)[O-])c2N=C(O)C[C@@H](C)C(=O)[C@H](CC)[C@@H]1CC(=O)O,-0.7264000786784109
503.6370000000003,0.681600000000004,10,5,186.92000000000002,8,0.3150773079551014,5.470819118820349,1,COCC[C@H](N)C(=O)[C@H]1C[C@@H](C)C[C@@H](OC)C[C@H](C)[C@@H](C)C[C@H](O)C(O)[C@@H](CC(=O)O)OC(N)=N1,-0.727396371090754
478.6370000000001,4.316270000000002,7,6,167.81999999999996,9,0.16172038521903473,5.468039993195158,1,COCC(O)=NC1CCCCCCC(N=C(O)C(CCC(=N)O)NC(=O)O)C(C)SS1,-0.7277632754818019
524.6110000000001,4.321100000000005,8,6,181.63,9,0.2562150736110318,5.0354684378323675,2,CCCCO[C@@H]1CCC[C@@H](CC)CC[C@H](OCC(=O)O)C(O)=N[C@@H](CO)C(O)=Nc2cc(O)cc(O)c21,-0.7301011155203113
513.5880000000002,0.6646000000000005,10,6,201.82999999999998,12,0.12308542273241785,6.019868912371507,1,CO[C@H]1/C=C\C(=O)[C@@H](C)[C@@H](O)CC(=NCCC[C@@H](O)C(O)=NC(O)[C@@H](C)C(C)=N[C@@H](CC(=O)O)O)C1,-0.7346628073994217
504.5000000000003,0.6601999999999997,9,6,224.61999999999995,7,0.13281569067795856,5.012468620718298,3,NC(N)=NCCCC[C@@H]1NC(=O)c2coc(n2)-c2ccc(NC(=O)O)cc2OCC[C@@H](CO)OC1=O,-0.7359750310982025
480.46600000000024,0.6606999999999998,9,6,198.89,6,0.3341239807009617,4.975046418734099,2,CO[C@H]1/C=C\C(=O)C[C@@H](CCC(=O)O)C(O)C(=O)c2cc(O)cc(O)c2C[C@@H](CC(=O)O)[C@H]1O,-0.7367565588605235
509.6290000000002,4.343700000000002,7,5,172.70999999999998,8,0.25403527001563014,5.699667160013081,2,CC[C@H](C)[C@@H]1CCC[C@H](COC(O)=Nc2ccccn2)N=C(O)[C@H](N=C(O)O)C(O)=N[C@H]1CSC,-0.7377314016388358
520.6200000000002,0.6556000000000015,10,7,215.01999999999998,14,0.12532244226630904,5.156893667750376,1,CO[C@H](CCC[C@H](O)[C@@H]1CC[C@H](O)CC[C@H](OC(N)=O)[C@@H](O)/C=C/C[C@H](C)[C@H](OC(N)=O)O)[C@@H](O)C1,-0.738911737083665
481.5420000000002,4.347500000000006,9,4,155.10999999999999,9,0.17427117660914823,4.814125540913102,2,CCCCO[C@@H](C)[C@@H]1N=C(O)CC[C@@H](CCCCC)OC(=O)c2c(O)cc(O)c(O)c2C(=O)O1,-0.7399214762770464
498.56900000000024,4.359600000000006,9,6,166.14,11,0.19053331688498595,4.651793461583555,2,COC(CC1OC(O)=C(O)O[C@H](CCC(C)C)c2cc(O)c(O)c(C(=O)O)c2)[C@H](C(C)C)C(O)C1,-0.7438455058975643
501.5320000000003,4.360800000000002,7,6,177.10999999999999,8,0.28675972065431526,5.6532821324209,4,CO[C@H](CCC1CCCC(=O)O)c2cc(O)c(cc2O)-c2cc(ccc2O)C(O)=N[C@H]1CCC(=O)O,-0.7443263064651156
472.61900000000014,4.356300000000003,6,5,144.52,9,0.18909362802470284,4.82731849761488,1,CCCCC[C@H]1CCC[C@H](CCCC(=O)O)C[C@@H](O)C(O)[C@H](C)/C=C(\C)C(O)[C@H]1OC(O)=O,-0.7445366525860239
518.5190000000003,4.380400000000003,9,6,198.97,10,0.08618543882541882,5.450005933586265,3,CCCCCC[C@@H]1OC(=O)c2cc(O)c(O)cc2C(=O)O[C@H](N=C(O)CCCC(=O)O)c2cc1[nH]c2O,-0.7530713638454207
487.6190000000005,4.392200000000003,6,5,172.37,14,0.13619882418367085,4.793111820632608,1,CC[C@H](C)[C@@H]1N=C(O)[C@H](N=C(O)O)[C@@H](N=C(O)CCCCCCCCCC(=O)O)CSC1=O,-0.7572849470602212
489.56200000000024,0.6046000000000019,9,6,194.18,7,0.27571474725226064,5.605646220491726,1,CC[C@H]1OC(=O)[C@H](CCC(=O)O)[C@@H](C)CC(=O)C(O)C[C@@H](CC(O)CO)[C@](C)(O)C(O)=N[C@@H]1C,-0.7584473567598472
489.61000000000024,0.6039000000000021,9,7,198.41999999999996,10,0.13039418515619125,5.930861259385416,1,CC[C@H](O)[C@H](C)C(=O)[C@H](C)[C@H](O)[C@@H](C)C[C@@H]1C[C@@](C)(O)CCC[C@@H](OC(N)=N[C@@H](O)O)C(O)=N1,-0.7587246153908536
500.59300000000036,0.6006000000000032,9,5,189.63999999999996,14,0.0983556355162693,4.820484179591812,1,NCCCC[C@H]1NC(=O)CC[C@H](N=C(O)CCCCCCNC(=O)CCO)C(=O)O[C@H](C)C(=O)O1,-0.7597609256838616
513.6320000000003,4.398500000000003,7,4,170.6,8,0.16003040534841986,5.409248826829799,1,CCCCN=C(O)[C@@H]1C[C@@H](C)CCC[C@@H](OC(O)=N[C@@H](CCC(=O)O)C(O)=N[C@H](C)C(=O)O1)C(C)C,-0.759889258837103
553.6490000000003,4.386900000000006,10,6,186.34,12,0.09378960713044353,5.299338089142265,2,CCCCC[C@H](C)[C@@H](O)CC(O)CC(=O)O[C@@H]1[C@@H](CCC)C[C@H](C)OC(=O)c2c(O)cc(O)c(O)c2N=C1O,-0.7623486855789835
508.4800000000003,0.5751000000000003,8,7,223.27999999999997,13,0.1949803764564925,4.658794561938075,2,CO[C@H](CC(=O)O)[C@@H](N=C(O)[C@@H]1C/C=C/c2cc(C(=O)O)cc(O)c2CCC[C@H](C(=O)O)O)C(=O)N1,-0.7701467673112703
536.6590000000003,0.5829999999999995,11,7,194.20999999999998,7,0.13662700815324724,5.633071013387003,1,CCCCC[C@H]1O[C@](O)([C@@H](OC(C)=O)O)C(=O)[C@H](C)C[C@H](O)[C@@H](C)CCC[C@H](C)[C@@H](O)C(O)[C@@H]1C(O)O,-0.7702971953239868
493.60500000000025,4.4349000000000025,8,6,168.89,16,0.0849733739073543,5.621341727198102,2,CCCCO[C@@H]1N=C(O)[C@H](N=C(O)CCCCCCCCCCO)C(=O)Nc2cc(NO)cc1n2,-0.7740656727306808
520.6200000000005,0.5656999999999996,10,8,212.85999999999996,2,0.18706578754415762,5.586365193452495,1,COC(=O)[C@@H](N=C(O)C[C@H](O)C(O)=N[C@H]1O)CCCCC[C@H](O)[C@@H](C)CCC[C@@H](C)C(O)[C@@H]1C(O)O,-0.7748182857935145
523.6600000000001,4.434000000000002,9,5,180.68999999999997,14,0.06000111413917288,5.299770188821615,2,CCC(C)[C@@H]1NC(=O)[C@H](N=C(O)CCCCCCN=Nc2cccc(NO)c2)CN=N[C@H]1CS(=O)O,-0.775045896963529
497.4970000000003,0.5519000000000005,10,6,206.06999999999996,10,0.19354138945079663,5.241587087640047,2,CO[C@H](C)[C@@H](O)[C@@H]1O[C@@H](/C=C/CC[C@H](N)C(=O)O)Cc2cc(O)cc(O)c2C(=O)O[C@@H]1CC(=O)O,-0.77925607962723
499.6490000000002,4.456870000000001,6,6,176.01999999999998,13,0.12305132313540601,5.452961464416687,1,C[C@@H]1C[C@@H](CCCCCCC)C[C@H](OCC(=O)O)C(O)=N[C@H](CO)C(O)=N[C@@H](CCC(=N)O)[C@@H]1C,-0.7827483147909045
510.58400000000023,4.456700000000003,9,6,185.53999999999996,4,0.08490979317104277,5.835187046254899,2,C/C=C1/C[C@@H](C)[C@H](C)[C@H](O)CCC[C@H](OC(O)=NO)CC(O)=N[C@H](CC(=O)c2coc(O)c2O)[C@@H]1C,-0.782966197625416
519.5510000000004,4.455900000000003,9,3,169.82,4,0.17081880118156573,5.499514770449538,2,CO[C@H]1/C=C/CC[C@@H](C)[C@@H](OC(O)=Nc2ccc([N+](=O)[O-])cc2O)C(=O)/C=C/C[C@H](C)[C@@H](C)OC(=O)N1,-0.783336540705208
516.6280000000003,4.461200000000003,9,5,162.98,7,0.24100381039147234,5.364193976804495,1,CO[C@H]1C[C@@H](C)C[C@H](C)[C@H](O)[C@H](C)C[C@@H](CCCCC(=O)O)C(O)=C(O)/C=C/C[C@@H](CO)OC(=O)O1,-0.7851845846270813
548.5490000000004,0.5452000000000012,12,7,236.25000000000003,14,0.05630564883098491,4.127171559319577,2,COc1cc(O)cc(O)c1Cc1cc(O)c(cc1)C(=O)O[C@H](NC(=O)[C@@H](CCCCN)N)C(=O)OC/N=C/O,-0.7879256995453311
486.56600000000026,0.5284000000000033,10,6,210.28000000000003,5,0.2986869060036214,5.559454914561989,1,CO[C@@H]1C[C@H](C)C[C@@H](O)C[C@H](O)/C(C)=C\C[C@H](CCC(=O)O)[C@H](O)[C@@H](OC(N)=O)/C(N)=N\N=C\1,-0.7890975472170711
523.5790000000003,4.481000000000003,8,6,194.17999999999998,8,0.07058121992609304,4.927937713850467,2,CCCCCC[C@H]1CCCC(=O)c2c(O)cc(O)c(O)c2C(=O)OC[C@H](N=C(O)O)[C@@H](CC(=O)O)[C@H]1C,-0.79380201370619
522.5930000000004,0.5182900000000017,9,8,225.40999999999997,8,0.12396953594539939,5.697573115534447,1,CC[C@H](O)[C@H](C(=O)O)[C@@H](N=C(O)O)[C@]1CSCC(=O)C[C@@](C)(O)CCCC[C@@H](C(=O)O)[C@@H]1C(O)O,-0.7939708423185318
498.59700000000043,4.488590000000003,5,6,192.6,10,0.1871911458353581,5.710350707507692,1,CC[C@H](C)[C@@H]1N=C(O)[C@](N=C(O)[C@@H](N=C(O)O)[C@@H](C)C(=O)O)[C@@H](C)CCCC[C@@]1(C)CCC(=O)O,-0.7954409492426209
504.62100000000027,0.5106000000000024,10,6,192.13,14,0.18157166417722545,5.467809651146057,1,CO[C@@H](CC[C@@H]1OC(=O)C[C@H](O)[C@H](C)[C@H](O)[C@H](C)[C@H](C)[C@H](C)[C@@H](C)C(O)[C@@H](CC(=O)O)O)C(N)=N1,-0.7958136667361264
503.59300000000025,0.4970000000000015,9,7,204.98999999999995,8,0.10635028579082155,5.661966629374908,1,CCN=C1/CC[C@H](C)[C@H](OC(=O)C[C@@H](CN=C(O)[C@H](O)O)O)[C@@H](C)CCC[C@H](CO)[C@@H](O)C(O)=N1,-0.8012322251357586
522.6320000000003,0.49620000000000136,10,8,205.20999999999998,10,0.14637124727134798,5.665474910333561,1,CC[C@H](O)[C@@H](CCCC(=O)O)[C@@H]1CCC[C@H](C)C(O)[C@@H](O)[C@](C)(O)C(=O)O[C@@](C)(O)[C@@H]1CCC(O)O,-0.8027970727998447
522.5950000000003,4.514820000000002,7,6,189.47,8,0.12334608277171685,5.065410636927389,2,CCCCCC[C@H]1OC(=O)c2c(O)cc(O)c(C)c2CCC[C@H](N=C(O)O)C(O)=N[C@H](CC(=O)O)[C@@H]1C,-0.807193952705297
551.6330000000004,4.5018000000000065,8,7,205.17999999999998,11,0.08865789648477597,5.8546469089358935,3,CCCC[C@H](CC(=O)O)[C@H]1CCCC[C@H](N=C(O)[C@H](CCC(=O)O)O)[C@@H](C)CC(=O)c2cc(O)c1c(O)c2O,-0.8073514632153733
520.5910000000002,4.531300000000002,10,6,222.92,16,0.034669141277444505,5.264664181132971,2,COC(O)C[C@@H]1N=C(O)[C@@H](N=C(O)CCCCCN=C(O)CCCN=Nc2cccc(N)c2N=NO)C1,-0.8135629708412258
479.5300000000003,4.533000000000002,7,5,186.07999999999996,7,0.2141501932847678,5.015867881720675,2,C[C@@H]1CCC[C@H](O)[C@@H](CC(=O)O)c2cc(O)cc([N+](=O)[O-])c2N=C(O)[C@H](CCCCC)N=C1O,-0.8142298960367406
496.63000000000045,4.5389000000000035,7,5,168.18999999999997,12,0.16067796876373258,5.922800374735348,2,CCCC[C@@H]1N=C(O)c2csc(n2)[C@H](N=C(O)CCCCCC)C(O)[C@@H](CCC(=O)O)N=C1O,-0.8155878500811561
476.5230000000003,0.457500000000001,9,7,209.7,10,0.1314394987159465,5.593578537769579,1,CC(=O)[C@H]1O[C@@](C)(O)[C@H](O)[C@](C)(O)C[C@@H](CCCCCCC(=O)O)[C@@H](N=C(O)CO)C(O)=N1,-0.8183481399233453
500.6620000000004,4.546300000000003,6,5,167.65999999999997,11,0.15746810406484243,5.415601439817557,1,CCCCN=C(O)[C@@H]1CSC[C@@H](C)C(O)=N[C@H](CCC(=O)O)C(O)=N[C@@H](CCCCC)C(O)=N1,-0.8185210708198062
492.66800000000035,0.44700000000000445,9,7,195.64999999999995,13,0.08199614004422798,5.211385868270063,1,CNCCC[C@@H]1NC(=O)[C@H](N=C(O)[C@@H](N)CSSCC[C@@H](N)C(=O)O)CCCCN=C1O,-0.8213309155851842
531.6580000000005,4.567500000000003,9,5,201.86999999999998,12,0.2430521472119378,6.294799801033234,3,NCCCC[C@@H]1N=C(O)c2coc(n2)-c2coc(n2)[C@@H](CCCCC)N=C(O)C[C@H](CCCCN)N=C1O,-0.8294202287477693
505.5320000000004,0.40070000000000316,11,5,207.19999999999996,7,0.25688898547731376,6.146835147722431,3,CCNC(=O)[C@@H]1NC(=O)c2coc(n2)-c2coc(n2)C[C@@H](CCCCCN)N=C(O)N[C@H](C)C(=O)O1,-0.8397928854759356
517.6600000000004,4.599100000000004,8,4,155.11,8,0.266882543974802,5.339819036281101,1,CC[C@@H](C)[C@@H](C)[C@@H]1N=C(O)OCCC[C@@](C)(O)C(O)CCC[C@@H](CCCCC)OC(=O)[C@H]1OC(=O)O,-0.8403825509849684
468.5100000000002,0.39270000000000155,9,8,228.34999999999997,12,0.08447561300775609,5.312932674576908,1,CCC(O)[C@@H]1N=C(O)[C@H](N=C(O)[C@@H](N=C(O)O)CCSSC[C@@H](C(=O)O)O)C(O)=N1,-0.845269546831068
487.5460000000001,0.3806000000000021,9,6,194.17999999999995,3,0.3238559909475912,5.557872253335288,1,CO[C@H]1/C=C\C(=O)[C@@H](O)[C@@H](C)CCCC[C@H](CC(=O)O)C(O)C(=O)[C@@H](C)C(O)[C@@H](O)CC(O)=N1,-0.8481258315037921
481.5020000000003,4.619300000000003,7,6,206.30999999999995,7,0.10536412723164289,5.127743729785655,2,C[C@@H]1C[C@H](CCCCC(=O)O)c2c(O)cc(O)c([N+](=O)[O-])c2N=C(O)[C@@H](N=C(O)O)C[C@@H](C)C1,-0.8485269014097324
506.6470000000002,0.3639000000000025,10,7,201.54999999999995,9,0.12997747985081443,6.919026216718289,2,CC(=O)[C@@H](O)[C@@H](N)CCCC[C@@H]1N=C(O)C[C@]2(O)CSC[C@H](N=C(O)CO)C(O)=N[C@@H]1CS2,-0.8545434126104995
520.6200000000003,0.3516000000000013,10,7,198.36999999999998,11,0.11265470819991881,5.460634503523867,1,COC(O)=NCC(O)CC[C@H]1CC[C@H](C)[C@H](O)[C@H](C)[C@H](O)C(CCC[C@H](CC(=O)O)O)OC(=O)CN1,-0.8603489682681087
500.5480000000004,4.655300000000006,8,6,172.4,7,0.13783438043942461,4.924080293963922,3,CC(C)[C@@H]1N=C(O)[C@@H](N=C(O)c2ccc(O)cc2O)[C@H](CCCCC)c2cc(O)cc(O)c2C(=O)O1,-0.8621206966637583
507.5770000000003,0.32800000000000146,10,7,206.56999999999996,4,0.11934391227557313,5.750707952567247,1,COC(O)C(C1O)CCCC(O)CCCC(O)C(N=C(O)O)C(CC)C(O)C(=O)CC(C)C(=O)O1,-0.868932151388127
495.5250000000004,4.690100000000004,9,4,172.17999999999998,6,0.18760743518356537,4.804017025547404,2,CCCCCC[C@H]1CC(=O)c2cc(O)cc(O)c2C(=O)O[C@H](N=C(O)O)CCC[C@H](C)OC(=O)O1,-0.8760857173245108
490.5120000000002,0.3059999999999997,12,6,195.21,3,0.2503008147188191,5.023428514835709,2,COC(=O)[C@@H]1CSSC[C@H](CC(=O)O)c2cc(O)cc(O)c2C(O)=NC(O)OC(=O)CN1,-0.8778051313224366
509.55900000000025,0.30050000000000177,11,6,218.89999999999998,10,0.1329893092712251,5.657325423214726,1,CCOC(=O)[C@@H](N=C(O)[C@H](O)[C@@H](CC(=O)O)C(O)=N[C@]1(C)CSSC[C@@H](C(=O)O)O)C(C)=N1,-0.8800076919686547
494.5410000000002,4.701100000000004,8,5,178.46999999999997,9,0.1407057823505677,4.95440212170125,2,CCC[C@@H]1N=C(O)[C@@H](N=C(O)CCCCCC(=O)O)c2c(O)cc(O)cc2CC[C@@H](C)OC(=O)O1,-0.8805076923707156
476.5270000000002,0.29510000000000475,9,7,220.01,10,0.09879951118032029,5.704220572759,1,COC(O)[C@H]1CCCC[C@@H](N=C(O)[C@@H](OCCCCN)C(=O)O)C(O)=NC(O)[C@@H](C)C(O)=N1,-0.8832085645621858
467.5660000000002,0.28880000000000255,9,6,195.25999999999996,12,0.09983319445795258,5.125143285406142,1,CCCCCC(O)C(N)=N[C@H](C(O)=NCC(O)C(=O)O)[C@@H]1CSSC[C@@H](C(=O)O)O1,-0.8868555281577706
543.0540000000002,0.2829000000000013,9,10,227.01999999999998,8,0.06616544175319404,5.731552488074969,1,CC[C@@H]1CCC[C@H](O)[C@@H](CCCCCCl)C(O)C[C@H](O)C(O)[C@H](O)[C@@H](N=C(O)O)C(O)=N[C@@H]1C(O)O,-0.8910105348782353
520.6200000000005,0.2629000000000035,11,7,212.35999999999999,11,0.11145613412957459,5.514214912569762,1,CCCCC[C@@H]1OC(=O)[C@@H](C)[C@H](O)[C@H](O)C[C@@H](CCCC[C@H](N)C(O)O)C(=O)O[C@@H](CC(O)=N1)CO,-0.8957897985576736
508.5680000000003,4.742970000000003,8,7,200.95999999999998,9,0.08078292917250407,5.130782961961321,2,CC[C@H]1CCC[C@H](CCC(=O)O)c2c(O)cc(O)c(O)c2C(=O)O[C@@H](N=C(O)CCCC(=N)O)[C@@H]1C,-0.8973516311012102
518.5600000000002,0.25060000000000215,10,8,229.92999999999995,7,0.12925656354812115,5.9002858303877,1,C/C=C1/C[C@H]([C@H](C)[C@H](CO)O)C(=O)CCC[C@@H](O)[C@H](CC(=O)O)[C@H](C)[C@@H](OC(O)=NC(O)O)C(O)=N1,-0.9005253755447419
509.5940000000004,0.21619000000000133,10,7,202.04999999999998,12,0.13943942075154125,5.50567375720827,1,CC(C)[C@@H](CCC(=O)O)[C@H](O)[C@H](O)[C@@H]1CSC[C@@](CCCC(=O)O)OC(=O)C[C@H](C(O)O)[C@H]1O,-0.913725493745249
478.62300000000016,0.1989999999999993,9,8,171.07,0,0.22645986473206048,5.337938953502301,1,C[C@H]1CC[C@@H](C)[C@H](C)[C@@H](O)CCC[C@H](O)[C@@H](O)CCC[C@H](O)[C@H](O)/C=C\C(O)[C@H](O)[C@@H](O)O1,-0.9213924595502181
516.5990000000003,4.826470000000002,7,7,200.04999999999998,9,0.09838881474751564,6.125010585763196,3,CC(C)[C@@H]1N=C(O)[C@@]23C[C@@H](CCCCCC(=N)O)CCCN=C(O)c3cc(NC(=O)O)cc(N=O)c2N1,-0.9311799680770638
540.6060000000003,4.883400000000007,9,6,191.04999999999998,6,0.1635856229122136,4.60295504972706,2,CCC[C@H]1CCC(O)CCC[C@H](COC(=O)O)CCCC[C@@H](CC(=O)O)c2c(O)cc(O)c(O)c2C(=O)O1,-0.956812770893034
504.5570000000002,0.09019000000000266,10,8,225.21999999999994,7,0.21794897027524252,6.111779170189892,1,C[C@@H]1O[C@@](O)([C@H](CCCCC(=O)O)O)[C@@H](C)C(O)C(O)=N[C@@](CC(O)C=N[C@@H](C)C(O)=N1)C(O)C,-0.963967085938103
454.98800000000006,0.09739999999999915,8,7,158.68,6,0.21960265551449323,4.805753257503703,1,C[C@H]1CCC[C@H](CCCCC(=O)CCl)CC(O)CC(O)C(O)C(O)C(O)C(O)[C@H]1O,-0.965247223345398
523.6640000000002,0.07620000000000027,10,10,214.65999999999997,9,0.08492891264833075,5.38877161360069,1,CCCCCC[C@@H]1CCCC[C@H](O)C[C@H](O)CC[C@H](O)C[C@H](O)C(O)[C@]1(C(O)O)C(O)=NCC(O)O,-0.9706744922907987
452.5080000000003,0.07702000000000148,11,6,193.21000000000004,2,0.26598506200989963,5.365241678783882,2,COC(O)C1CCCC(C)C(O)c2cc(O)cc(C)c2C(=O)OCC(N)=NC(O)C(N)=N1,-0.9738352494749811
481.5240000000002,0.06540000000000429,10,8,225.21999999999997,9,0.0950527872017304,5.909007800846348,1,CC(C)C[C@@H](O)C[C@H](O)[C@H](O)[C@@H]1CSC[C@H](C(O)=O)OC(O)=N[C@H](CC(O)=NO)C(O)=N1,-0.9745408128467461
494.5670000000001,0.03770000000000273,9,9,231.51,8,0.12476644987281064,6.216609307000349,1,CC[C@@H](O)[C@@H](N=C(O)[C@H](O)[C@@H]1CSCC[C@@H](N=C(O)O)C(O)=N[C@H](C(O)O)C(O)=N1)C(C)C,-0.9849799370322209
528.6470000000002,4.962900000000003,7,6,197.12,12,0.0882983359243885,5.403222310434307,1,CCN=C(O)[C@@H]1CCCC[C@H](CCCC)C[C@@H](OC(O)=N[C@@H](CCCC(=O)O)C(O)=NO)[C@@H](C)C(O)=N1,-0.986824618681558
557.6040000000003,5.012800000000003,8,6,207.04999999999995,9,0.10501787004875576,6.394726741668907,3,CCCCC[C@@H]1OC(=O)c2cc(ccn2)N=C(O)[C@H](NC(=O)O)[C@@H](N=C(O)O)[C@@H](CCCC)c2ccc(O)c1n2,-1.0117010910659345
466.5270000000004,5.0351000000000035,7,4,150.59,10,0.3477541396748021,4.598127199244274,2,C[C@@H]1CC[C@H](CCCC(=O)O)c2c(O)cc(O)cc2C(=O)O[C@H]1C[C@H](CCCC)OC(=O)O,-1.0162474543712288
478.5390000000002,-0.03889999999999777,9,8,212.85999999999996,12,0.08105833102269934,5.473913697725249,1,CC[C@@H]1[C@H](C)[C@@H](OCCCC[C@@H](O)C(O)O)[C@@H](C(O)=N[C@@H](O)C(O)C(=O)O)C[C@H](C)C(O)=N1,-1.0164666308757992
485.4900000000002,-0.06049999999999861,11,8,227.87999999999994,4,0.09254591613385868,5.538806386117821,2,COC(O)[C@@H](O)[C@H]1CCCC[C@H](O)[C@H](OC(N)=NO)[C@@H](C)C(=O)c2cc(O)cc(O)c2C(O)=N1,-1.024611048349567
470.44100000000026,-0.06849999999999867,8,7,213.85999999999996,4,0.16488965355440574,5.560935382248404,1,CNC(=O)[C@@H]1CSC[C@H](N=C(O)OP(=O)(O)O)CCCN=C(O)C[C@@H](CO)C(O)=N1,-1.0290994596850194
533.5780000000003,5.174300000000008,10,6,191.03999999999996,7,0.09151458423452231,5.870663858037125,3,CCCCC[C@@H]1CCCC(O)C[C@@H](OC(O)=Nc2ccc([N+](=O)[O-])cc2O)Cn2cc(c(O)c2O)/C=C/1O,-1.0718259218436577
535.7190000000003,-0.18529999999999608,10,8,193.92999999999998,1,0.22304031502375185,5.647270517839971,1,CO[C@H]1C[C@@H](C)C[C@H](O)[C@@H](C)C(O)C(=O)C[C@@H](C)[C@H](C)[C@@H](C)C[C@@H](C)[C@@H](O)C(O)[C@@H](O)[C@@H](N)[C@@H](O)C1O,-1.0764929921945599
506.5530000000004,-0.20149999999999407,10,8,240.23999999999995,9,0.08805113709711433,5.755685102604242,1,COC(O)[C@H]1CCC[C@H](O)C[C@H](O)[C@@H](OC(O)=N[C@@H](CCCCN)C(=O)O)C(O)=N[C@H](C)C(O)=N1,-1.0806794747916677
492.6100000000001,-0.21502999999999844,10,9,207.27999999999997,12,0.13013217407134212,5.934977330228303,1,CO[C@H](C[C@H](C)[C@@H](O)[C@H](C)[C@H]1C[C@@](C)(O)C(O)=N[C@H](CC(O)C(=N)[C@@H](C)C(O)O)[C@@H]1C)C(O)O,-1.0861125690019422
468.9310000000001,-0.3417999999999977,9,7,192.62999999999997,5,0.20850217295700682,5.654899476960884,1,CO[C@H]1C[C@H](C)CCC[C@H](CC(=O)CCl)C(O)C(O)C(O)=N[C@@H](C(O)O)C(O)=NC1O,-1.1384170981867754
475.4910000000002,-0.3848999999999976,10,6,203.40999999999994,6,0.2730667960601163,5.00685358918078,1,CO[C@H]1/C=C\C(=O)[C@@H](O)[C@@H](O)CCCCC[C@H](OC(=O)CCCC(=O)O)C(O)C(O)=NC1O,-1.1550006259409549
486.5900000000003,-0.4580099999999976,8,8,213.57999999999996,10,0.11457590973864902,5.82887375720827,1,CC[C@@H]1N=C(O)[C@](CCCN=C(O)NCC(O)C(CC(N)=O)O)[C@@](C)(O)C(C)=N[C@@H](C)C(O)C1,-1.1835079290042791
490.5500000000002,-0.49949999999999767,10,8,212.85999999999996,6,0.22345217896369188,5.703488388780079,1,CO[C@H]1/C=C\C(=O)[C@@H](O)[C@@H](O)CCCC[C@H](O)C(O)C(O)=N[C@@H](CC[C@@H](C)CC(O)O)C(O)=N1,-1.1999488530766627
508.5680000000004,5.517600000000003,7,6,181.62999999999997,11,0.05596684329105131,5.168467598973791,2,COc1cc(O)c2c(c1)[C@@H](C)C[C@H](OC(=O)O)[C@@H](CCCCCC[C@H](N=C(O)O)C(O)=NO)C/C=C\2,-1.207161631305437
493.57000000000033,-0.5308099999999986,10,8,205.20999999999998,8,0.20170282454691116,5.589097992210137,1,CC[C@H](O)[C@@H](CCC(=O)O)C(O)[C@H](O)[C@]1OC(=O)C[C@@](C)(O)[C@H](O)CCCC[C@H](C)[C@H](O)[C@@H]1O,-1.2123922057552161
477.50700000000035,-0.5689999999999982,10,7,214.40999999999997,14,0.12415641401028092,4.966447870888292,1,CC(=O)[C@H](C)[C@H](O)[C@@H](O)[C@H]1OC(=O)[C@@](O)([C@H](CCCCCCCCC(=O)O)O)[C@@H](O)C(O)=N1,-1.228423990402336
521.5890000000003,-0.6949999999999954,10,8,229.57,12,0.11820818338774394,5.562254618393439,1,CCC(=O)[C@@H]1CCCCC[C@H](NC(=O)[C@H](O)C(O)C(O)=N[C@@](C)(O)CSC[C@H](C(=O)O)O)C(O)=N1,-1.2787291893454202
490.5940000000002,-0.9993999999999954,11,7,195.29,6,0.17915463309333512,5.949966342792225,1,CCCCOC1CC(C)CC(O)C(O)C(O)C(O)C(C)=NC(O)C(O)C(C)OC1=CC(N)C=O,-1.3998864057286915
530.6540000000003,6.003190000000005,9,5,202.86,17,0.07056939600212617,4.324018524985669,2,CCC[C@@H]1N=C(O)[C@](N=C(O)N=NCCCCCCCCCCCCC(=O)Nc2ccc(N)nc2O)N=N1,-1.402616518881767
495.5860000000002,-1.0686099999999976,11,9,208.36999999999998,5,0.16561524056625823,5.788551133002015,1,CC[C@H](O)C[C@H](C)[C@@H]1OC(=O)CC[C@@H](C)[C@H](O)C(O)[C@H](O)[C@](O)C[C@](C)(O)C[C@H](C(O)O)[C@@H]1O,-1.427471298037196
517.5760000000002,-1.3115999999999952,11,8,235.71999999999997,7,0.11201544756180401,5.824609904990957,1,CO[C@H]1/C=C\C(=O)[C@@H](C)CC(=O)CCC(O)C(O)C(O)[C@@H](N=C(O)[C@@H](CCCCN)O)[C@@H](O)C(O)=N1,-1.5250451772665603
