MW,LogP,HBA,HBD,PSA,RotB,QED,SA,num_rings,generated_sequence,score
501.5090000000003,2.505,11,7,224.91999999999996,14,0.07914583100745683,4.926805223038712,1,[C][C][Branch1][C][C][Branch1][C][O][=C][C][C][Branch1][C][O][=C][C][C][Branch1][C][O][=C][Branch1][C][O][C][C][C][C][C][Branch1][C][O][=C][Branch1][Ring1][O][C][C][C][=Branch1][C][=O][O][C][Branch1][C][O-1][C][Branch1][C][O][=N][C][Branch1][C][O][=N][Ring1][Branch2],-0.0036205419483833407
500.5450000000003,2.4893000000000005,12,7,201.02999999999997,15,0.12805945798599766,4.48944195393963,1,[C][C][C][C][C][C][C@H1][Branch1][C][C][O][C][/C][=C][/C][=C][Branch1][C][O][C][Branch1][C][O][=C][Branch1][C][O][C][Branch1][C][O][=C][Ring1][N][C][=Branch1][C][=O][O][=N][C@H1][Branch1][Branch1][C][C][C][O][C][=Branch1][C][=O][O][=N][Ring2][Ring1][=N],-0.004416616351914615
497.47300000000035,2.49289,10,6,208.11999999999998,10,0.11919404680379128,4.850797850446189,2,[O][=C][Branch1][C][O][C][C@H1][C][C][C][C][C@H1][Branch1][C][O][C][C][C][C][=C][C][Branch1][C][O][=C][Branch1][C][O][C][Branch1][C][O][=C][Ring1][=Branch2][C][=Branch1][C][=O][O][C][=Branch1][C][=O][O][C@H1][Branch1][#Branch1][C][C][=Branch1][C][=O][O][C][Ring2][Ring1][Branch2],-0.00579924581303403
503.5010000000003,2.497600000000001,12,6,204.79999999999995,6,0.1338079758902376,5.053065794089758,1,[C][O][C][Branch1][C][O][C][C][O][C][Branch1][C][O][=N][C][C][C][C][C][C][C][C][=Branch1][C][=O][O][C][=C][Branch1][C][O][C][Branch1][C][O][=C][Branch1][C][O][C][Branch1][C][O][=C][Ring1][=Branch2][C][C][=Branch1][C][=O][O][C][Ring2][Ring1][Branch2],-0.007067503378139129
496.4210000000004,2.5036000000000005,12,7,228.34999999999997,5,0.21448368496555908,5.529201189068035,2,[O][=C][Branch1][C][O][C][C][C][C][C][C][=C][Branch1][C][O][C][Branch1][C][O][=C][Branch1][C][O][C][Branch1][C][O][=C][Ring1][O][C][C][=Branch1][C][=O][O][C][C][=Branch1][C][=O][C][=C][Branch1][C][O][C][Branch1][C][O][=C][Branch1][C][O][C][C][Ring2][Ring1][Branch2][=O],-0.007301408357295831
500.5010000000004,2.48048,12,5,208.36,6,0.20230886511279267,5.3649550974097515,1,[C][O][C][Branch1][C][O][C][C][C][C][C][Branch1][C][O][C][C][C][Branch1][C][C][=C][Branch1][C][O][C][Branch1][C][O][=C][Branch1][C][O][C][C][=Branch1][C][=O][O][C][C][=Branch1][C][=O][O][C][Branch1][Ring1][C][#N][C][C][Branch1][C][O][=N][Ring2][Ring1][#Branch2],-0.00787203074180998
501.5050000000003,2.5205900000000003,11,6,200.27999999999997,5,0.23776181383080455,5.575743860360179,1,[C][C@H1][C][C][C][C@H1][Branch1][C][O][C@@H1][Branch1][C][O][=C][C][C@H1][Branch1][C][O][C][C][=C][Branch1][C][O][C][C][=Branch1][C][=O][O][C][=C][Branch1][C][O][C][Branch1][C][O][=C][Ring1][N][C][=Branch1][C][=O][C@H1][Branch1][#Branch1][O][C][=Branch1][C][=O][O][C][Ring2][Ring1][=N],-0.008768796724751095
500.5010000000004,2.4672,12,5,193.44,11,0.06954942768884731,4.882125493089584,1,[C][C][C][C][C][C@H1][Branch1][C][O][C][C][=C][Branch1][C][O][C][C][=C][Branch1][C][O][C][Branch1][C][O][=C][Ring1][N][C][=Branch1][C][=O][O][C][C][C][=Branch1][C][=O][O][C][Branch1][C][O][=N][C][C][=Branch1][C][=O][O][=N][C][Ring2][Ring1][=N],-0.01315820671672249
492.4370000000004,2.4940800000000003,12,6,219.35999999999999,4,0.18927951450455127,6.210164252041679,2,[C][O][C][Branch1][C][O][=C][C][Branch1][C][O][=C][Branch1][C][O][C][C][C][C][=C][Branch1][Ring1][C][#N][C][=C][Branch1][C][O][C][Branch1][C][O][=C][Ring1][N][C][=Branch1][C][=O][O][C][Branch1][C][O][=N][C][C][C][C][=Branch1][C][=O][O][C][Ring2][Ring1][Branch2],-0.015310235138624576
500.54100000000034,2.4611,10,8,205.20999999999998,14,0.09872420046131952,5.220961203519037,1,[C][C][C@H1][Branch1][C][O][C@H1][Branch1][C][C][C][=Branch1][C][=O][C@@H1][Branch1][C][O][O][C][C][=C][Branch1][C][O][C][=C][Branch1][C][O][C][C][C][C@@H1][Branch1][C][O][C][C][C][C][=C][Branch1][C][O][C][Branch1][C][O][=C][Ring1][=Branch2][C][=Branch1][C][=O][O],-0.015597574298588887
491.59800000000047,2.4929999999999994,10,3,154.81,7,0.2746877139060968,5.184445960109254,1,[C][C][Branch1][C][C][C@H1][Branch1][C][O][C][C][C][C][C][C][C][C@H1][Branch1][C][O-1][C][C@H1][Branch1][C][O][O][C][C][C][C@H1][Branch1][C][O][C][C][C][C][C][=Branch1][C][=O][O][O][C][=Branch1][C][=O][O][Ring2][Ring1][Branch2],-0.01703568067322142
500.4530000000003,2.5429000000000004,13,7,212.66999999999996,8,0.11055279413377171,6.0924716525276645,2,[C][O][C][C][O][C][Branch1][C][O][C][C][C][C][C][C][=C][Branch1][C][O][C][Branch1][C][O][=C][Branch1][C][O][C][Branch1][C][O][=C][Ring1][N][C][=Branch1][C][=O][O][C][=Branch1][C][=O][O][C][C][=C][Branch1][C][O][C][Branch1][C][O][=C][Ring2][Ring1][Branch2],-0.01718390048853887
498.4890000000003,2.5460000000000003,10,4,190.08999999999997,5,0.18954245767763114,5.316317535868235,2,[C][O][C][Branch1][C][O][=N][C][=C][Branch1][C][O][C][C][Branch1][C][O][=C][Ring1][Branch1][C][=Branch1][C][=O][O][C@@H1][Branch1][=Branch1][C][C][C][C][C][C][C][C][C][=Branch1][C][=O][N][O][C][Branch1][C][O][=N][C][Branch1][C][O][=N][C][Ring2][Ring1][=Branch2],-0.01864651399055598
508.4800000000004,2.5203000000000007,11,6,204.43999999999997,1,0.18460570514153452,4.24221122933371,2,[C][O][C][Branch1][C][O][=N][C][=C][C][=C][Branch1][C][O][C][=C][Ring1][#Branch1][C][C][C][=Branch1][C][=O][N][C][C][C][C][=Branch1][C][=O][O][C][Branch1][C][O][=C][Branch1][C][O][C][Branch1][C][O][=C][Ring1][=Branch2][C][C][C][=Branch1][C][=O][O][C][Ring2][Ring1][#Branch2],-0.018803616673396435
499.4890000000004,2.548800000000001,12,5,203.10999999999999,8,0.1856580946583528,5.083291097733483,1,[C][C][C][C][C][C][C][C@H1][Branch1][C][O][C][C][=C][C][Branch1][C][O][=C][Branch1][C][O][C][Branch1][C][O][=C][Ring1][N][C][=Branch1][C][=O][O][C][C][C][=Branch1][C][=O][O][C][=Branch1][C][=O][O][C][Branch1][C][O-1][C][Branch1][C][O][=C][Ring2][Ring1][Branch2],-0.01954673589119195
491.53400000000033,2.5362,11,6,206.06999999999996,17,0.05703340279986878,4.633952745673399,0,[C][C][C][C][C][C][C@H1][Branch1][C][C][O][C][C@H1][Branch1][C][O][C][=C][Branch1][C][O][C][C][Branch1][C][O][=C][Branch1][C][N][C][C][C][=Branch1][C][=O][O][=C][Branch1][C][O][C][C][=Branch1][C][=O][O][C][=Branch1][C][=O][O][Ring2][Ring1][N],-0.02227920608998394
504.58100000000024,2.4438699999999995,12,6,192.01999999999998,19,0.03799446816922188,5.413650126073563,0,[C][C][C@H1][Branch1][C][O][C@@H1][Branch1][C][C][O][C][C][=Branch1][C][=O][N][C][=C][Branch1][C][O][C][C][C@H1][Branch1][C][C][C][C][C][C@H1][Branch1][C][C][C@H1][Branch1][C][O][C][=N][O][C][=Branch1][C][=O][O][=N][O][C][=Branch1][Ring2][=N][Ring1][N],-0.024249423663254704
488.4860000000003,2.5201000000000002,12,4,178.28,13,0.1381459024214224,4.071941247639661,1,[C][C][C][C][C][C][C@H1][Branch1][C][C][O][C][C][=C][C][Branch1][C][O][=C][C][Branch1][C][O][=C][Ring1][Branch2][O][C][=Branch1][C][=O][O][C][C@@H1][Branch1][C][O][C@H1][Branch1][C][O][C][=Branch1][C][=O][O][C][=Branch1][C][=O][O][C][Ring2][Ring1][Branch2],-0.024391194804682614
490.50200000000035,2.4587000000000003,12,6,200.27999999999997,7,0.1731553008832359,4.954094151334939,1,[C][C][C][C][C][C@H1][Branch1][C][O][=C][C][Branch1][C][O][=C][Branch1][C][O][C][C][C][C][C][Branch1][C][O][=C][Branch1][C][O][C][=Branch1][C][=O][O][=C][Branch1][C][O][C][C][C][=Branch1][C][=O][O][C][Branch1][#Branch1][O][C][Ring2][Ring1][Branch1][=O],-0.02517455890378159
505.5650000000003,2.441439999999999,13,7,211.70999999999995,5,0.16365961059157058,5.437124634239885,1,[C][C][C][C][C][C][C][C][C][C][C][C@@H1][Branch1][C][O][C][C@@H1][Branch1][C][O][C@@H1][Branch1][C][O][C][C][C@@H1][Branch1][C][O][=N][O][C][=Branch1][C][=N][O][C][=Branch1][C][=O][O][C][=Branch1][C][=O][O][C][Ring2][Ring1][N][=N],-0.02593377481200969
513.4520000000003,2.4926000000000004,13,6,221.86999999999995,12,0.034576859862355695,3.6159209476869334,1,[C][O][C][Branch1][C][O][=N][C][=C][C][=C][Branch1][C][O][C][Branch1][C][O][=C][Ring1][Branch2][C][=Branch1][C][=O][O][C][C][C][=Branch1][C][=O][O][C][C][C][=C][Branch1][C][O][C][Branch1][C][O][=C][Branch1][C][O][C][C][C][=Branch1][C][=O][O][=C][Ring2][Ring1][Branch2],-0.027066341016104035
499.46900000000045,2.4320000000000004,12,5,200.35999999999996,5,0.2735516623197794,5.052466644292187,2,[C][C][C][Branch1][C][O][C][C][C][C][C][=Branch1][C][=O][N][C][=C][Branch1][C][O][C][C][Branch1][C][O][=C][Branch1][C][O][C][Branch1][C][O][=C][Ring1][N][C][=Branch1][C][=O][O][C][=Branch1][C][=O][O][C][C][C][C][C][=Branch1][C][=O][O][Ring2][Ring1][N],-0.02722072453113601
488.4660000000003,2.45789,12,6,212.64,14,0.05193196298554217,4.699624163342376,0,[C][C][Branch1][C][C][C][C@@H1][N][=C][Branch1][C][O][C@H1][Branch1][C][O][C][=Branch1][C][=O][O][C][C][=Branch1][C][=O][O][C][=C][Branch1][C][O][C][C][C][=Branch1][C][=O][O][C][Branch1][C][O][=C][Branch1][C][O][C][Branch1][C][O][=C][Ring1][=Branch2][C][C][Ring2][Ring1][Branch2],-0.02856313988342273
514.5970000000003,2.4941,12,5,178.47,13,0.061205713119248106,6.127963723308711,1,[C][=C][C][C][Branch1][C][O][C][Branch1][C][C][C][Branch1][C][C][C][Branch1][C][O][C][C][=C][Branch1][C][C][S][C][=N][C][Branch1][Branch2][C][C][=Branch1][C][=O][O][O][=N][C][=Branch1][N][=C][Branch1][Branch2][O][C][C][C][=Branch1][C][=O][O][C][Ring2][Ring1][Ring2][O],-0.029289234131332928
503.45700000000045,2.5717000000000008,12,7,232.86999999999998,11,0.053669864536416666,4.683876716623754,1,[C][O][C][Branch1][C][O][C][C][C][C][C][C][=C][Branch1][C][O][C][Branch1][C][O][=C][Branch1][C][O][C][Branch1][C][O][=C][Ring1][N][C][C][=Branch1][C][=O][O][C][=Branch1][C][=O][O][C][Branch1][C][O][=N][C][C][C][C][=Branch1][C][=O][O][Ring1][=Branch2],-0.029501623616337288
513.4520000000003,2.5345000000000004,13,7,232.86999999999998,3,0.17500757881479947,5.181454585504486,2,[C][C][Branch1][C][O][C][=C][C][=C][Branch1][C][O][C][Branch1][C][O][=C][Ring1][Branch2][C][Branch1][C][O][C][C][C][C][=Branch1][C][=O][O][C][Branch1][C][O][=C][Branch1][C][O][C][C][C][C][C][Branch1][#Branch1][O][C][=Branch1][C][=O][O][=N][O][C][Ring2][Ring1][=Branch1][=O],-0.03023681888029958
500.5690000000003,2.575700000000002,9,5,196.82,4,0.3600781404345781,5.343798850487928,1,[C][C@H1][Branch1][C][O][C][C][C][C][C][C][Branch1][C][O][=N][O][C][C][C][C][C][C@H1][Branch1][Ring1][C][O-1][C][Branch1][C][O][=N][C][Branch1][C][O][=N][C][Branch1][C][O][=C][Ring1][N][C][=Branch1][C][=O][O][C][C][C][Ring2][Ring1][=C],-0.030301376932411046
502.5570000000004,2.424900000000001,11,4,169.04999999999998,8,0.2183432595176538,5.185004928173942,1,[C][C][C][C][C][C@H1][Branch1][C][O][C][C][C@H1][Branch1][C][O][C][=Branch1][C][=O][O][C@@H1][Branch1][C][O][C][C][C][C][=C][C][Branch1][C][O][=C][Branch1][Branch1][C][O][C][C][C][=Branch1][C][=O][O][C][=Branch1][C][=O][O][C][Ring2][Ring1][N],-0.03047219381665826
497.5450000000003,2.5753000000000004,11,5,182.99,7,0.26049781263051425,6.723669626896927,2,[C][C][=C][Branch1][C][O][C][C@H1][Branch1][C][O][C@H1][Branch1][C][O][C][C][C][C][C][C@H1][Branch1][C][C][=C][Branch1][C][O][C][C][C][=C][Branch1][C][O][C][=Branch1][Ring2][=N][Ring1][Branch2][N][=C][O][C][C][=Branch1][C][=O][O][C][Branch1][C][O][=N][Ring2][Ring1][#Branch1],-0.030517576902500024
504.5810000000002,2.5744999999999996,11,5,180.52999999999997,14,0.10203956419879216,5.446716103605654,1,[C][C][C][C][C@H1][Branch1][C][O][O][C][Branch1][C][O][=N][C][C][C][C][C][C][C@H1][Branch1][C][C][C@@H1][Branch1][C][O][C][C@@H1][Branch1][#Branch1][O][C][Branch1][C][N][=O][C][C][C][=Branch1][C][=O][O][=N][O][C][=Branch1][Ring2][=N][Ring1][O],-0.03117662977295648
487.5580000000002,2.4517000000000015,7,7,230.79,17,0.05276761284940079,4.622399384291639,0,[C][C][C][C][C][C@H1][Branch1][C][O][C][C][Branch1][C][O][=N][O][C][C][C][C][N][=C][Branch1][C][O][C][C][C][N][=C][Branch1][C][O][C][Branch1][C][O][=N][C][Branch1][C][O][=N][C][Ring2][Ring1][=Branch1][=N][=N][Ring1][N],-0.031503584811890126
487.50200000000035,2.4513000000000003,10,5,192.40999999999997,16,0.0705595554378622,4.736427445111779,0,[C][C][Branch1][C][C][C][C@@H1][Branch1][C][C][O][C][C][=Branch1][C][=O][N][=C][O][C][=C][Branch1][C][O][C][C][Branch1][C][O][=C][Branch1][C][O][C][=Branch1][Ring2][=C][Ring1][=Branch2][C][C][C][=Branch1][C][=O][O][C][C@@H1][Branch1][C][O][C][=Branch1][C][=O][O],-0.03169022587486497
492.5050000000003,2.4274999999999993,9,5,193.32999999999998,4,0.3637916349233673,6.183814538086039,2,[C][C][Branch1][C][C][C][C][C][C][C][Branch1][C][O-1][=C][C][Branch1][C][O][=C][C][Branch1][C][O][=C][Ring1][N][C][C][Branch1][C][O][=N][C][Branch1][C][O][=N][C][C][C][=Branch1][C][=O][O][C][Branch1][#Branch1][C][C][=Branch1][C][=O][O][=C][N][Ring2][Ring1][Branch2],-0.03264506241378624
501.55300000000034,2.5843000000000007,8,6,212.52999999999994,18,0.040297124719813934,4.740764221146107,0,[C][C][C][C][C][C@H1][Branch1][C][O][C][C][Branch1][C][O][=N][C][Branch1][C][O][=N][C][C][C][C][C@@H1][Branch1][Ring1][C][O-1][C][=Branch1][C][=O][O][C][=C][Branch1][C][O][C][Branch1][C][O][=C][Ring1][=Branch2][C][C][C][=Branch1][C][=O][O],-0.03386274702383171
511.5280000000004,2.43628,11,5,211.48999999999998,6,0.19834958416070325,5.276633665938558,1,[C][O][C][Branch1][C][O][C][C][C][C][C][C][C][Branch1][C][O][=N][C][C][Branch1][Ring1][C][#N][=C][Branch1][C][O][C][Branch1][C][O][=C][Ring1][N][C][C][=Branch1][C][=O][O][C][Branch1][C][O][=N][C][C][C][C][=Branch1][C][=O][O][=C][Ring2][Ring1][N],-0.03436884170291513
483.5140000000004,2.4742000000000006,10,5,171.85,5,0.2887940332249635,5.050822921923119,2,[C][C][C][C][C][C][C][O][C][C][=C][C][Branch1][C][O][=C][Branch1][C][O][C][Branch1][C][O][=C][Ring1][N][C][C][=Branch1][C][=O][O][=C][Branch1][C][O][C][C][=Branch1][C][=O][O][C][C][C][C][=Branch1][C][=O][N][Ring2][Ring1][N],-0.03454931524646966
483.5140000000003,2.472600000000001,10,5,171.85,7,0.2659179335893299,5.927765233974602,3,[C][C][C][C][C][C@H1][Branch1][C][O][C][C][=C][Branch1][C][O][C][C][=C][Branch1][C][O][C][Branch1][C][O][=C][Ring1][N][C][=Branch1][C][=O][C@H1][Branch1][#Branch1][C][C][=Branch1][C][=O][O][=N][C@H1][Branch1][Ring1][C][O][C][C][C][=Branch1][C][=O][O][Ring2][Ring1][Branch2],-0.03474585419873793
503.45700000000045,2.4141000000000004,13,6,221.86999999999998,11,0.05956693273305744,4.239525971679226,1,[C][C][C][C][C][C][O][C][Branch1][C][O][C][=C][Branch1][C][O][C][Branch1][C][O][=C][Branch1][C][O][C][Branch1][C][O][=C][Ring1][N][C][=Branch1][C][=O][O][C][=Branch1][C][=O][O][C][Branch1][C][O][=N][C][C][C][C][=Branch1][C][=O][O][C][Ring2][Ring1][=N],-0.035048723172178504
485.44200000000035,2.551,11,7,223.63999999999996,11,0.055961927946910836,4.632658214342549,1,[C][O][C][C][C][C][C][C][=C][Branch1][C][O][C][Branch1][C][O][=C][Branch1][C][O][C][Branch1][C][O][=C][Ring1][N][C][=Branch1][C][=O][C@H1][Branch1][Branch2][C][C][C][=Branch1][C][=O][O][C][=Branch1][C][=O][O][C][Branch1][C][O][=N][C][Branch1][C][O][=C][Ring2][Ring1][Branch2],-0.03555139175897284
486.4740000000002,2.4422000000000006,12,6,195.31999999999996,13,0.09640150676148522,4.623042858994549,1,[C][C][C][C][Branch1][C][O][=C][C][Branch1][C][O][=C][Ring1][Branch2][C][=Branch1][C][=O][O][N][Branch1][C][O][C][C][C][C][C][C][=Branch1][C][=O][N][C][=C][O][C][Branch1][C][O][=C][Branch1][C][O][C][C][=Branch1][C][=O][O][C][Ring2][Ring1][Branch2],-0.035585742987887234
486.42600000000033,2.5594,13,7,220.50999999999996,11,0.0966448274867724,5.132254520821328,1,[C][O][C][C][O][C][Branch1][C][O][=C][C][=C][Branch1][C][O][C][Branch1][C][O][=C][Ring1][N][C][=Branch1][C][=O][C][C][Branch1][C][O][=C][Branch1][C][O][C][C][=Branch1][C][=O][O][C][Branch1][C][O][=C][Branch1][C][O][C][C][C][C][Ring2][Ring1][=N][=O],-0.0360770218283046
516.5880000000003,2.5374800000000004,12,5,187.79999999999998,5,0.3364157796540255,5.3593937248479175,1,[C][C][C][C][C@H1][Branch1][C][O][=C][C][Branch1][C][O][=C][Branch1][C][O][C][C][C][C][C@H1][Branch1][C][O][C@H1][Branch1][Ring1][C][#N][C@H1][Branch1][C][O][C][C][=Branch1][C][=O][O][=N][O][C][Branch1][N][C][C][C][C][C][=Branch1][C][=O][O][Ring2][Ring1][N],-0.03640614014146577
482.44200000000023,2.4745000000000004,11,8,222.08999999999997,9,0.0594877600243172,5.619524358007553,2,[C][O][C][Branch1][C][O][=N][C][=C][C][Branch1][C][O][=C][Branch1][C][O][C][C][C][=C][Branch1][C][O][C][C][C][=Branch1][C][=O][O][=C][Branch1][C][O][C][=Branch1][Ring2][=C][Ring1][Branch2][C][C][C][Branch1][C][O][=C][Branch1][C][O][C][Branch1][C][O][=N][Ring1][Branch2],-0.03656738240563527
502.6050000000004,2.5915,10,6,185.86999999999998,11,0.13924646180174216,5.410692908943174,1,[C][C][Branch1][C][C][C][C][C][C][C][C][C@H1][Branch1][C][O][C][C@H1][Branch1][C][O][C][C][=C][Branch1][C][O][C][Branch1][C][O][=C][Branch1][Branch1][C][N][N+1][Branch1][C][O-1][O][C][C][=Branch1][C][=O][O][C][Branch1][C][O][C][C][C][Ring2][Ring1][Branch2],-0.03696896130539789
516.5880000000003,2.5462,10,6,187.37,21,0.025016075083676634,4.845975838714606,1,[C][C][C][C][C@H1][Branch1][C][O][=N][C][=C][Branch1][=Branch1][O][C][C][C][C][C][C][C@@H1][Branch1][C][O][C@@H1][Branch1][C][O][C][C][C][=Branch1][C][=O][O][C][=Ring1][Branch1][O][N][=C][Branch1][C][O][C][C][C][C][=Branch1][C][=O][O],-0.03797574720792256
514.5760000000002,2.438,12,7,194.69,6,0.20310250441074676,6.297583949585423,2,[C][C][C][C][C][C][C][C][C][C][C@@H1][Branch1][C][O][C][C@H1][Branch1][C][O][C][C@@H1][Branch1][C][O][C][C][=C][Branch1][C][O][C][Branch1][C][O][=C][Ring1][=Branch2][C][=Branch1][C][=O][O][C][Branch1][C][O][=N][O][C][Ring2][Ring1][=Branch1][=N][=N][N][Ring2][Ring1][=N],-0.038273739090922715
514.5280000000004,2.5627999999999993,12,6,207.92999999999998,15,0.023050461408774293,4.452232535935425,1,[C][C][C][C][C][C][C@H1][Branch1][C][C][O][C][C][=Branch1][C][=O][O][C@H1][Branch1][C][O][C][=C][Branch1][C][O][C][=C][Branch1][C][O][C][Branch1][C][O][=C][Ring1][=Branch2][C][C][C][=Branch1][C][=O][O][C][Branch1][C][O][=N][C][C][Ring2][Ring1][Branch2][=N][O],-0.03840918556803864
495.46100000000035,2.5937599999999996,10,7,227.26,14,0.0651808819304662,4.264515333381355,1,[C][C@H1][C][C][C][/C][Branch1][C][O][=N][/C][=C][C][=C][Branch1][C][O][C][Branch1][C][O][=C][Branch1][C][O][C][=C][Ring1][=Branch2][C][=Branch1][C][=O][O][C][C][=Branch1][C][=O][O][C@H1][Branch1][Branch2][C][C][C][=Branch1][C][=O][O][C][Branch1][C][O][=N][Ring2][Ring1][Branch2],-0.03858704575372383
513.4960000000004,2.5700000000000003,11,5,198.14999999999998,8,0.18078971360619506,5.825646800784267,2,[C][C][C][C][C][C][Branch1][C][O][C][C][=C][C][=C][Branch1][C][O][C][Branch1][C][O][=C][Ring1][=Branch2][N][C][=Branch1][C][=O][O][C][C][=Branch1][C][=O][O][C][C@H1][Branch1][Branch2][C][C][C][=Branch1][C][=O][O][C][O][C][=Branch1][C][=O][O][Ring2][Ring1][N],-0.03889174801934279
482.5300000000002,2.4567800000000006,9,6,200.89999999999998,13,0.09793777309648913,4.829344242239444,1,[C][C][C][C][C][C@H1][Branch1][C][O][C][C][Branch1][C][O][=N][C][C][C][C][C][C@@H1][Branch1][Ring1][C][#N][C][=C][Branch1][C][O][C][Branch1][C][O][=C][Ring1][N][C][=Branch1][C][=O][O][C][C@@H1][Branch1][C][O][C][=Branch1][C][=O][O][Ring2][Ring1][=N],-0.03898305457503251
516.4960000000003,2.5521000000000003,13,6,209.50999999999996,6,0.09863933632197071,5.28060185489246,1,[C][O][C][Branch1][C][O][C][C][=C][Branch1][C][O][C][C][C][C][C][C][=C][Branch1][C][O][C][Branch1][C][O][=C][Branch1][C][O][C][C][C][=Branch1][C][=O][O][C][=Branch1][Branch1][=C][Ring1][=N][O][C][=Branch1][C][=O][O][C][C][=Branch1][C][=O][O][C][Ring2][Ring1][#Branch2],-0.039022783908891565
497.5530000000002,2.4014700000000024,7,8,239.61999999999998,4,0.26929480669663536,5.51006098639745,1,[C][C][C][C][C][C][C@H1][Branch1][C][O][C][Branch1][C][O][=N][C][C][C][C][Branch1][C][O][=N][C][C][N][=C][Branch1][C][O][C][C][N][=C][Branch1][C][O][C][Branch1][C][O][=N][C][Branch1][C][O][=N][C][Ring2][Ring1][=N][=N][Ring1][Branch2],-0.039714694761510114
513.4960000000003,2.4251000000000005,12,5,201.64000000000001,4,0.20897762651338309,5.921742815830118,2,[C][C][C][C][C][C][Branch1][C][O][C][=C][C][Branch1][C][O][=C][Branch1][C][O][C][C][C][Branch1][C][O][=C][Ring1][N][C][=Branch1][C][=O][O][C][C][C][=Branch1][C][=O][O][C][Branch1][C][O][C][Branch1][C][O][=N][C][C][C][=Branch1][C][=O][O][Ring2][Ring1][=N],-0.04032579402814064
512.5320000000002,2.5799900000000004,11,5,192.41,14,0.043670500741173984,5.814013053519247,1,[C][C][C][C][C@H1][C][C@H1][Branch1][C][O][C@@H1][Branch1][C][O][C][C][C][C][=C][C][Branch1][C][O][=C][Branch1][C][O][C][=C][Ring1][N][C][=Branch1][C][=O][O][C@H1][Branch1][C][O][C@H1][Branch1][#Branch1][C][C][=Branch1][C][=O][O][C][=N][O][C][Ring2][Ring1][=N][=O],-0.04064416455040042
498.4850000000003,2.3966,11,4,182.44,3,0.4191442317438485,4.999873579824278,2,[C][C][C][C][C][Branch1][C][O][=C][C][=C][Branch1][C][O][C][Branch1][C][O][=C][Ring1][Branch2][C][=Branch1][C][=O][O][C][C][C][=Branch1][C][=O][O][C][Branch1][C][O][C][C][C][C][C][C][=Branch1][C][=O][N][O][C][Branch1][C][O][=N][Ring2][Ring1][Branch2],-0.04147083915234898
503.5930000000003,2.603070000000001,11,6,183.14999999999998,10,0.1912713409484752,5.628687180198234,1,[C][C][C][Branch1][C][O][C][Branch1][C][C][C][C][C][Branch1][C][Branch1][C][O][C][C][C][Branch1][C][C][=C][Branch1][C][O][C][C][Branch1][C][O][=N][C][C][C][=Branch1][C][=N][O][C][Branch1][Branch2][C][C][=Branch1][C][=O][O][C][Branch1][C][O][=N][O][Ring2][Ring1][Branch2],-0.041849570846067774
484.50200000000024,2.4274000000000004,11,6,187.37,7,0.22996745524239537,5.707534473915584,2,[C][C][C][C][Branch1][C][C][O][C][Branch1][C][O][C][C][C][C][C][C][=C][C][Branch1][C][O][=C][Branch1][C][O][C][Branch1][C][O][=C][Ring1][N][C][=Branch1][C][=O][O][C][Branch1][C][O][=N][C][C][C][=Branch1][C][=O][O][=N][Ring2][Ring1][Branch2],-0.042474387764863196
502.4690000000004,2.6078,12,7,220.50999999999996,13,0.08336018282949924,4.193397657440274,1,[C][C][C][C][C][C][O][C][Branch1][C][O][C][C][=C][Branch1][C][O][C][=C][Branch1][C][O][C][Branch1][C][O][=C][Ring1][N][C][=Branch1][C][=O][O][C][C][=Branch1][C][=O][O][C][Branch1][C][O][=C][Branch1][C][O][C][C][C][=Branch1][C][=O][O][Ring2][Ring1][Branch2],-0.04340182304926847
481.5020000000003,2.5592700000000006,10,8,216.48,5,0.27015661690509507,6.254047671763013,2,[C][C][Branch1][C][C][C][Branch1][C][O][C][C][C][C][Branch1][C][O][C][=C][C][Branch1][C][O][=C][Branch1][C][O][C][C][Branch1][C][O][=C][Ring1][N][C][C][=Branch1][C][=O][O][C][Branch1][C][O][=N][C][Branch1][C][O][=N][C][C][C][Ring2][Ring1][=Branch1][=N][Ring1][=N],-0.043940565312703565
521.5270000000004,2.5268699999999997,12,6,223.54999999999995,0,0.25535204880984963,5.20970121939344,2,[C][C][C][C][C][C@H1][Branch1][C][O][C][=C][Branch1][C][O][C][=C][Ring1][#C][N][=N][C][=Branch1][C][=O][C][C][C][N][=C][Branch1][C][O][C][C][=Branch1][Ring2][=N][Ring1][N][C][=Branch1][C][=O][O][C][C][C][=Branch1][C][=O][O][=N][C][Branch1][C][O][=C][Ring2][Ring1][O],-0.044375290646936204
511.52400000000046,2.4044,10,6,199.92,3,0.32359939469970317,5.393274591980785,2,[O][=C][Branch1][C][O][C][C][C][C][C][Branch1][C][O][=C][C][Branch1][C][O][=C][C][=Branch1][Ring2][=C][Ring1][N][C][C][C][=Branch1][C][=O][C@@H1][Branch1][C][O][C][C@@H1][Branch1][=Branch1][C][=Branch1][C][=O][O][O][=N][O][C][=Branch1][C][=O][C][C][C][C][C][Ring2][Ring1][Branch1],-0.04464871671168216
518.5600000000004,2.5632,12,8,218.59999999999997,6,0.23782632310414042,5.3572742253791175,1,[C][C][C][C][Branch1][C][O][C][C][C][C][Branch1][C][O][C][C][Branch1][C][O][=C][Branch1][C][O][C][C][C][C][C][Branch1][C][O][=C][Branch1][C][O][C][C][=Branch1][C][=O][O][C][C][Branch1][C][O][=N][C][C][=Branch1][C][=O][O][=N][Ring2][Ring1][N],-0.04491072032377195
486.4260000000003,2.5907999999999998,12,5,206.34999999999997,4,0.2201761635054068,5.341356024244638,2,[C][C][C][C][C@H1][Branch1][C][O][=C][C][C][Branch1][C][O][=C][Branch1][C][O][C][C][C][=Branch1][C][=O][O][C][C][=C][Branch1][C][O][C][Branch1][C][O][=C][Ring1][N][C][=Branch1][C][=O][C@@H1][Branch1][#Branch1][O][C][=Branch1][C][=O][O][C][=Branch1][C][=O][O][Ring2][Ring1][=N],-0.045344859730734245
515.5120000000003,2.5855000000000006,12,6,215.29999999999998,12,0.07266468070808807,5.038277596236251,1,[C][O][C][Branch1][C][O][=C][C][=C][Branch1][C][O][C][C][C][C][=C][Branch1][C][O][C][Branch1][C][O][=C][Ring1][=Branch2][C][=Branch1][C][=O][O][C@H1][Branch1][C][O][C@H1][Branch1][#Branch1][O][C][Branch1][C][N][=O][C][C][=Branch1][C][=O][O][C@@H1][Branch1][C][C][C][C][C],-0.046174977812664414
520.6200000000002,2.4469000000000007,11,4,179.35999999999999,16,0.1333207042276852,5.137645914058113,1,[C][C][C@@H1][Branch1][C][C][C][C][=Branch1][C][=O][O][C@H1][Branch1][C][C][C][C][C][C@H1][Branch1][C][C][=C][C][=Branch1][C][=O][O][C@H1][Branch1][C][O][C@H1][Branch1][C][O][C][C][C][C][C@H1][Branch1][Ring2][C][O][=N][O][C][Branch1][C][O][=N][O][Ring1][N],-0.046388308871956364
482.48600000000033,2.5777,10,6,198.7,5,0.24988774740267466,5.843256400492477,2,[C][C][Branch1][C][C][C][C][C][C][C][C][Branch1][C][O][C][=C][C][Branch1][C][O][=C][Branch1][C][O][C][Branch1][C][O][=C][Ring1][N][C][=Branch1][C][=O][O][C][C][C][=Branch1][C][=O][O][C][Branch1][C][O][=N][C][Branch1][C][O][=N][C][Ring2][Ring1][Branch2],-0.04682870043039798
523.5350000000004,2.5103,11,7,214.41,12,0.04923808783704004,5.249834489084954,2,[C][=C][C][C][C][C@H1][Branch1][C][O][C][C][=Branch1][C][=O][C@@H1][Branch1][C][O][C][=C][Branch1][C][O][C][C][C][=C][Branch1][C][O][C][C][Branch1][C][O][=C][Ring1][=Branch2][C][=Branch1][C][=O][O][C@H1][Branch1][Branch2][C][C][C][=Branch1][C][=O][O][C][C][Ring2][Ring1][Ring2][=N][O],-0.04724996613755485
513.5000000000003,2.5997000000000003,12,5,209.29000000000002,4,0.2723009637028044,4.7660957188442,1,[C][O][C][C][C][C][Branch1][C][O][=N][C][=C][Branch1][C][O][C][C][C][C][C][=C][Branch1][C][O][C][Branch1][C][O][=C][Ring1][N][C][=Branch1][C][=O][O][C][C][Branch1][C][O][=N][C][C][=Branch1][C][=O][O][C][Branch1][C][O][=N][C][Ring2][Ring1][=C],-0.048160299002394574
515.6040000000004,2.4068999999999994,10,7,193.65999999999997,6,0.20387503307651175,5.639108764829944,1,[C][C][C@@H1][Branch1][C][C][C@H1][Branch1][C][O][C@@H1][Branch1][C][O][C@H1][Branch1][C][O][=N][C@H1][Branch1][C][C][C][C][C][C][N][=C][Branch1][C][O][C][C][C][N][=C][Branch1][C][O][O][C][=Branch1][C][=O][O][C][C][=C][C][Branch1][C][O][=C][Ring2][Ring1][Branch2],-0.04858762048094212
504.5290000000004,2.6197999999999997,11,7,211.27999999999997,17,0.05006304786146647,4.578280998672711,0,[C][C][C@H1][Branch1][C][O][C@@H1][Branch1][C][C][O][C][C][C][C][=C][Branch1][C][O][C][Branch1][C][O][=C][Branch1][C][O][C][Branch1][C][O][=C][Ring1][=Branch2][C][C][=Branch1][C][=O][O][C][=Branch1][C][=O][C][C][C][C@H1][Branch1][C][O][C][C][=Branch1][C][=O][O],-0.04876857352845172
516.5920000000002,2.4093,13,6,199.45999999999995,19,0.023044457107711674,5.060650840763731,1,[C][C][C][C][C][C@H1][Branch1][C][O][C][C@@H1][Branch1][C][O][C@@H1][Branch1][C][O][=N][C][C][C][C][C][C@H1][Branch1][C][C][C@@H1][Branch1][C][O][C][=N][C][=Branch1][Branch1][=C][O][Ring1][Branch1][C][=N][O][C][=Branch1][C][=O][O][C][Ring2][Ring1][Branch2][=N][O],-0.04916722745894899
494.4530000000005,2.3795,11,4,194.18,0,0.3053199989654468,4.6849537646298565,2,[C][C][Branch1][C][C][Branch1][C][C][O][C][=Branch1][C][=O][N][C][=C][C][=C][Branch1][C][O][C][=C][Branch1][C][O][C][Branch1][C][O][=C][Ring1][N][C][=Branch1][C][=O][O][C][C][C][=Branch1][C][=O][N][=C][Branch1][C][O][C][C][C][=Branch1][C][=O][O][C][Ring2][Ring1][O],-0.04946025511458642
524.4830000000004,2.479000000000001,13,5,229.48999999999998,6,0.20600156627261879,4.953054217680133,2,[C][C][C][C][C][C@H1][Branch1][C][O][C][=C][Branch1][C][O][C][=C][Branch1][C][O][C][=C][Ring1][Branch2][N][=N][C][=Branch1][C][=O][O][C][Branch1][C][O][=N][C][C][C][C][=Branch1][C][=O][O][C][Branch1][Ring1][C][O][=N][C][C][=Branch1][C][=O][O][Ring2][Ring1][Branch2],-0.04968127570825926
516.5000000000001,2.406500000000001,12,8,231.31999999999994,10,0.06873551801062056,5.421551408563608,2,[C][O][C][O][C][Branch1][C][O][C][C][C][Branch1][C][O][=N][C][C][C][C][C][C][C][C][Branch1][C][O][=C][Branch1][C][O][C][Branch1][C][O][=C][Branch1][C][O][C][Branch1][C][O][=C][Ring1][N][C][=Branch1][C][=O][O][C][Branch1][C][O][=N][C][Ring2][Ring1][=Branch1],-0.049877449814520185
482.4380000000003,2.590700000000001,12,7,203.43999999999997,7,0.15888728842644856,5.579518833867149,2,[C][O][C][Branch1][C][O][C][C][=C][Branch1][C][O][C][C][=C][Branch1][C][O][C][C][Branch1][C][O][=C][Ring1][N][C][C][=Branch1][C][=O][C][=C][O][C][Branch1][C][O][=C][Branch1][C][O][C][Branch1][C][O][=C][Ring1][=Branch2][C][C][=Branch1][C][=O][O][C][Ring2][Ring1][Branch2],-0.050496868972244084
482.3940000000003,2.5905000000000014,13,5,214.15,6,0.3747058574978932,4.523353295187466,3,[C][C][C][C][C][C][O][C][=C][C][Branch1][C][O][=C][Branch1][C][O][C][=C][Ring1][Branch2][C][Branch1][C][O][=C][C][=Branch1][C][=O][O][C][=Branch1][C][=O][O][C][=Branch1][C][=O][O][C][Branch1][C][O][=C][Branch1][C][O][C][Branch1][C][O][=C][Ring2][Ring1][Branch2],-0.050500742014350626
496.5130000000002,2.6250799999999996,11,7,213.28999999999996,7,0.11765518386622202,5.64939228141281,2,[C][O][C][Branch1][C][O][C][C][C][C][Branch1][C][O][=N][C][C][C][C][C][C][C][C@H1][Branch1][Ring1][C][#N][=C][Branch1][C][O][C][Branch1][C][O][=C][Branch1][C][O][C][Branch1][C][O][=C][Ring1][=Branch2][C][=Branch1][C][=O][O][C][Branch1][C][O][=C][Ring2][Ring1][Branch2],-0.050515717356086114
498.4890000000002,2.3738700000000006,11,8,223.24999999999997,9,0.1302638918546146,5.36249183924343,1,[C][O][C][Branch1][C][O][=N][C][=C][C][=C][Branch1][C][O][C][C][C][C][C][Branch1][C][O][=C][Branch1][C][O][C][C][=C][Ring1][N][C][=Branch1][C][=O][C@@H1][Branch1][Branch2][C][C][C][=Branch1][C][=O][O][=N][O][C][=Branch1][Branch1][=N][Ring2][Ring1][Branch2][=N][O],-0.05054242562441947
501.44100000000043,2.6262,13,7,225.02999999999994,14,0.0345826515780709,4.333683948223043,0,[C][O][C][C][O][C][Branch1][C][O][=N][C][=C][C][Branch1][C][O][=C][Branch1][C][O][C][Branch1][C][O][=C][Ring1][=N][C][=Branch1][C][=O][O][C][C][=C][Branch1][C][O][C][C][C][=Branch1][C][=O][O][C][=C][Branch1][C][O][C][Branch1][C][O][=C][Ring1][=Branch2],-0.05056220252322875
496.4690000000004,2.6254800000000014,12,5,216.2,11,0.09165350290601158,4.1698644211580795,1,[C][C][C][C][C][Branch1][C][O][=C][C][Branch1][C][O][=C][Branch1][C][O][C][Branch1][C][O][=C][Ring1][N][C][=Branch1][C][=O][O][C][C][C][=Branch1][C][=O][O][C][Branch1][C][O][=N][C][C][C][C][C][=Branch1][C][=O][O][C][Branch1][Ring1][C][#N],-0.050686375960410146
503.5050000000003,2.3744700000000005,12,8,234.93999999999994,8,0.10351029438707905,5.4498702070452225,1,[C][C][O][C][Branch1][C][O][=N][C][C][C][C][C][Branch1][C][O][=N][C][C][C][C][Branch1][C][O][=C][Branch1][C][O][C][C][Branch1][C][O][=C][Branch1][C][O][C][C][=Branch1][C][=O][O][=C][Branch1][C][O][C][O][C][Ring2][Ring1][Ring2][=N][Ring1][Branch2],-0.050698964920400366
501.5810000000004,2.372200000000002,9,5,187.14999999999998,4,0.21879953787214215,5.13912258369228,1,[C][C][Branch1][C][C][Branch1][C][C][O][C][C][Branch1][C][O][=N][C][C][Branch1][C][N][C][C][C][Branch1][C][O][=N][C][C][C][C][C][C][N][=C][Branch1][C][O][C][Branch1][C][O][=N][O][C][C][=Branch1][C][=O][O][C][Ring2][Ring1][Branch2],-0.05121769854259287
498.4890000000004,2.37127,8,8,245.90999999999994,11,0.1172483736175483,5.048373770633574,1,[C][C][C][Branch1][C][O][C][C][C][C][C][=Branch1][C][=O][N][=C][Branch1][C][O][C][=C][Branch1][C][O][C][Branch1][C][O][=C][Ring1][N][C][C][C][Branch1][C][O][=N][C][Branch1][C][O][=N][C][C][C][=Branch1][C][=O][O][C][Branch1][C][O][=N][Ring2][Ring1][Branch2],-0.05158060243928909
525.5590000000004,2.476480000000001,13,2,190.48999999999998,7,0.28343602557777076,5.237588172961546,1,[C][C][C][C][C][C][C@H1][Branch1][C][C][O][C][Branch1][C][O][=N][C][C][N][=N][C][=C][Branch1][Ring1][C][#N][C][=Branch1][C][=O][O][C][C][C][C][=Branch1][C][=O][O][C][C@H1][Branch1][Ring1][C][O][N][C][=Branch1][C][=O][O][Ring2][Ring1][O],-0.05197653689887467
501.50900000000036,2.3699000000000003,11,6,221.76,3,0.18697083129105718,5.512080278541475,1,[C][C][C][C][Branch1][C][O][=N][C][Branch1][C][O][C][C][C][C][C][Branch1][C][O][=N][C][Branch1][C][O][=C][Branch1][C][O][C][C][C][=Branch1][C][=O][O][C][Branch1][C][C][=C][Branch1][C][O][C][C][=Branch1][C][=O][O][C][Branch1][C][O-1][C][Ring2][Ring1][=N],-0.052127439261870426
512.5640000000003,2.6149699999999996,10,7,229.84,17,0.022308579481037132,4.9707347908233945,0,[C][C][C][C][C][C][C@H1][Branch1][C][O][C][=Branch1][C][=O][N][=C][Branch1][C][O][C][=C][Branch1][C][O][C][=C][Ring1][N][C][C][C][C][C][=Branch1][C][=O][N][C@H1][Branch1][Ring1][C][O][N][=N][C][=Branch1][C][=N][O][C][Ring2][Ring1][N][=N][=O],-0.052405271948536
510.5480000000003,2.3797800000000002,10,5,222.26999999999998,8,0.18324902115525457,5.703806182361239,1,[C][C][C][Branch1][C][O][C][Branch1][C][C][O][C][C][Branch1][C][O][=N][C][C][C][C][C][C][C][N][=C][Branch1][C][O][C][C][Branch1][C][O][=N][C][C][Branch1][Ring1][C][#N][=N][C][=Branch1][Branch1][=N][Ring2][Ring1][Ring1][O][C][=Branch1][C][=O][O],-0.05251187446663864
519.5440000000004,2.412170000000001,11,6,213.13,5,0.17543526147799335,5.1106724940786865,1,[O][=C][Branch1][C][O][C][C][C@H1][Branch1][C][O][C@H1][Branch1][Ring1][O][C][=C][C][Branch1][C][O][=C][Branch1][C][O][C][C][=Branch1][C][=O][O][C][C][C@H1][Branch1][#Branch1][O][C][=Branch1][C][=N][O][C][=Branch1][C][=O][C][C][C][C][C][C][C][Ring2][Ring1][=N][O],-0.052555962249777516
514.5240000000003,2.612800000000001,11,4,186.11999999999998,10,0.08346677088644743,5.01943601452907,2,[O][=C][Branch1][C][O][C][C][C][C][C][C][C][C][C][C][=C][C][Branch1][C][O][=C][Branch1][Ring2][O][C][Branch1][C][O][=C][Ring1][=Branch2][C][C@H1][Branch1][Branch2][C][C][=Branch1][C][=O][O][O][C][=Branch1][C][=O][O][C][C][=Branch1][C][=O][O][C][Ring2][Ring1][N],-0.05366191111020993
488.4860000000003,2.3786999999999994,12,5,181.43999999999997,4,0.22162022448366744,5.315596477038401,2,[C][O][C][Branch1][C][O][C][O][C][C][Branch1][C][O][C][C][C][C][C][C][C][C][=C][Branch1][C][C][O][C][Branch1][C][O][=C][Branch1][C][O][C][Branch1][C][O][=C][Ring1][N][C][=Branch1][C][=O][O][C][=Branch1][C][=O][O][C][Ring2][Ring1][N],-0.05370734757926516
480.47000000000025,2.5926799999999997,11,7,213.28999999999996,12,0.07585015833790483,4.651192629058269,1,[C][O][C][Branch1][C][O][=N][C][=C][C][Branch1][C][O][=C][C][=Branch1][Ring2][=C][Ring1][#Branch1][C][C][Branch1][C][O][C][C][C][C][Branch1][C][O][C][Branch1][Ring1][C][#N][=C][Branch1][C][O][C][C][C][=Branch1][C][=O][O][C][Branch1][C][O][=C][Ring2][Ring1][=N][O],-0.0538518039066469
492.52500000000026,2.62937,9,6,189.96,5,0.20370825230922382,5.198371291741736,2,[C][=C][C][C][Branch1][C][C][C][C][C][C@@H1][Branch1][C][O][C][C][C][C][=C][C][Branch1][C][O][=C][Branch1][C][O][C][Branch1][C][O][=C][Ring1][=Branch2][C][C][=Branch1][C][=O][O][C][C][=Branch1][C][=O][O][C][Branch1][C][O][=N][C][Ring2][Ring1][O][=N],-0.05386425534619404
488.57400000000035,2.622200000000001,10,7,184.98,17,0.06943548285181138,4.9201528323664885,0,[C][C][C@H1][Branch1][C][O][C@H1][Branch1][C][C][C][=Branch1][C][=O][C@@H1][Branch1][C][O][C@@H1][Branch1][C][O][C][C][C][C][C@H1][Branch1][C][O][C][C][C][=C][Branch1][C][O][C][Branch1][C][O][=C][Branch1][C][O][C][C][=Branch1][C][=O][O][C][=Branch1][Ring2][=C][Ring1][N][C],-0.05395802353681994
497.59300000000025,2.365170000000001,10,4,167.41,9,0.2800059019616299,6.53416431365347,2,[C][C][C][C@H1][Branch1][C][C][O][C][C][Branch1][C][O][=N][C][C][C][C][C@H1][Branch1][C][C][C@@H1][Branch1][Ring1][C][C][C@@H1][Branch1][C][O][C][=N][O][C][=Branch1][C][=N][O][C][=Branch1][Ring2][=N][Ring1][Branch2][N][C][=Branch1][C][=O][C][O][=C][Ring2][Ring1][#Branch1],-0.05414642388930184
517.5720000000006,2.6068,11,7,203.07999999999998,7,0.19305896488404378,4.844326447810076,1,[C][C][C][Branch1][C][O][C][C][C][C][C][C][C][Branch1][C][O][=C][Branch1][C][O][C][Branch1][C][O][=C][Branch1][C][O][C][C][=Branch1][C][=O][O][C][C][C][=Branch1][C][=O][O][=C][Branch1][C][O][C][C][C][C][C][=Branch1][C][=O][N][Ring2][Ring1][O],-0.055318162803911636
526.5390000000004,2.4585,12,6,207.92999999999998,8,0.08893710699187908,5.515201646217156,1,[C][C][C][C][C][C@H1][Branch1][C][O][C][C][=C][Branch1][C][O][C][=C][Branch1][C][O][C][=Branch1][Ring2][=C][Ring1][#Branch1][C][=C][Branch1][Branch1][C][O][C][Branch1][C][O][=C][C][C][=Branch1][C][=O][O][C][Branch1][C][O][=N][C][C][=Branch1][C][=O][O][C][Ring2][Ring1][N][=N][O],-0.055613254571190984
471.41500000000025,2.49107,12,10,241.44999999999996,9,0.0582036452441219,4.793743055309521,1,[C][O][C][Branch1][C][O][C][C][=C][C][Branch1][C][O][=C][Branch1][C][O][C][Branch1][C][O][=C][Ring1][N][C][=C][Branch1][C][O][C][C][C][=Branch1][C][=O][O][C][C][=C][Branch1][C][O][C][Branch1][C][O][=C][Branch1][C][O][C][Branch1][C][O][=N][Ring2][Ring1][=Branch1],-0.05728148116101698
471.45900000000034,2.4844000000000017,12,6,200.01,7,0.1929911168499604,5.624908918537266,2,[C][C][C][Branch1][C][O][C][C][C][C][C][C][C][Branch1][C][O][=N][C][=C][Branch1][C][O][C][Branch1][C][O][=C][Branch1][C][O][C][Branch1][C][O][=C][Ring1][N][C][=Branch1][C][=O][O][C][=Branch1][C][=O][O][C][C][Branch1][C][O][C][Ring2][Ring1][Branch2],-0.05742205433454914
528.5750000000004,2.51769,12,1,156.24999999999997,14,0.20067002828798294,5.424969884711335,1,[C][C@H1][C][C][C][C@H1][Branch1][C][O][C][C][Branch1][C][O][=N][C@H1][Branch1][Branch2][C][C][C][C][=Branch1][C][=O][O][C][C][=Branch1][C][=O][O][C][=C][Branch1][Branch2][O][C][C][C][=Branch1][C][=O][O][C][C][C][C][=Branch1][C][=O][O][C][=Ring2][Ring1][N],-0.05758638967672906
512.5560000000004,2.631100000000001,12,6,205.79999999999995,17,0.1011534498930621,5.118428344650209,1,[C][C][C@H1][Branch1][C][O][C@@H1][Branch1][C][C][C][=Branch1][C][=O][C@@H1][Branch1][C][O][C][=C][O][C][=Branch1][Ring2][=N][Ring1][Branch1][C][=C][Branch1][C][N][C][C][C][C][C][C@H1][Branch1][C][O][C][C][=Branch1][C][=O][O][C][Branch1][C][O][=C][O][C][Branch1][C][O][=C][Ring1][Branch2],-0.05814263619754505
528.5110000000003,2.529000000000001,11,5,213.99999999999997,10,0.0908959454892093,4.752900725453083,1,[C][C][Branch1][C][C][O][C][C][=C][C][Branch1][C][O][=C][Branch1][C][O][C][Branch1][C][O][=C][Ring1][N][C][=Branch1][C][=O][O][C][C][C][C][C][=Branch1][C][=O][O][C][Branch1][C][O][=N][C][Branch1][C][O][=N][C][C][C][C][=Branch1][C][=O][O][=C][Ring2][Ring1][Branch2],-0.058189934559166476
511.4840000000004,2.3660699999999997,10,6,228.61999999999998,7,0.21449781619339256,5.782920295493311,2,[C][C][C][C][C][C][C][O][C][Branch1][C][O][=N][C][=C][Branch1][C][O][C][Branch1][C][O][=C][Ring1][N][C][=Branch1][C][=O][O][C][Branch1][Branch2][C][C][C][=Branch1][C][=O][O][C][C][=Branch1][C][=O][O][C][C][Branch1][C][O][=N][C][Ring2][Ring1][Branch2][=N],-0.05828797653032784
485.5300000000003,2.6268000000000002,9,7,193.84999999999997,14,0.1787269496687088,4.895755188124236,1,[C][C][C][C][C][C@H1][Branch1][C][O][C][C][=C][Branch1][C][O][C][C][=C][Branch1][C][O][C][Branch1][C][O][=C][Ring1][N][C][=Branch1][C][=O][C@@H1][Branch1][#Branch1][C][C][=Branch1][C][=O][O][=N][C@H1][Branch1][Ring1][C][O][C][C][C][=Branch1][C][=O][O][Ring2][Ring1][N],-0.058395564900084435
529.5630000000004,2.5008000000000017,11,5,210.75999999999996,7,0.2386705526763428,5.358236232481213,1,[C][C][C][C][C][Branch1][C][O][C][C][C][Branch1][C][O][=C][C][Branch1][C][O][=C][Branch1][C][O][C][C][C][C][C][=Branch1][C][=O][O][C][Branch1][Ring1][C][O-1][C][Branch1][C][O][=N][C][Branch1][C][O][=N][C][C][C][C][=Branch1][C][=O][O][Ring2][Ring1][N],-0.05912686594095873
498.5330000000003,2.3523000000000005,10,6,206.34999999999997,8,0.12540979254809548,6.358310278513725,2,[C][C][C][C][C][C@H1][Branch1][C][O][C][C][Branch1][C][O][=N][C][=C][Branch1][C][O][C][C][C][C][C@@H1][Branch1][Ring1][C][O][C][Branch1][C][O][=N][C][=Branch1][Ring2][=N][Ring1][N][C][C][=Branch1][C][=O][O][O][C][Branch1][C][O][=N][C][Ring2][Ring1][Branch2],-0.059152808521658315
470.4750000000003,2.4840799999999996,11,6,210.13,14,0.054179104486039104,4.799737083401568,0,[C][C][C][C][Branch1][C][O][C][Branch1][C][O][=C][C][C][C][Branch1][C][O][=C][Branch1][C][O][C][Branch1][C][O][=C][Ring1][N][C][=Branch1][C][=O][O][C][C][Branch1][C][O][=N][C][C][=Branch1][C][=O][O][C][Branch1][Ring1][C][#N][C][C],-0.05939237260793619
516.4520000000005,2.6243999999999996,14,6,218.73999999999995,5,0.10170524252013191,6.237040178834789,2,[C][O][C][Branch1][C][O][C][C][=C][Branch1][C][O][C][Branch1][C][O][=C][Branch1][C][O][C][C][C][=Branch1][C][=O][O][C][=Branch1][C][=O][O][C][Branch1][C][O][C][C][C][C][C][C][=C][Branch1][C][O][C][Branch1][C][O][=C][Ring1][N][C][=Branch1][C][=O][O][Ring2][Ring1][Branch2],-0.059655098826504716
511.52800000000036,2.63837,10,7,222.54999999999998,12,0.08772497202066576,5.365822410699323,1,[C][C][C@H1][Branch1][C][O][C@@H1][Branch1][C][C][O][C][C][=Branch1][C][=O][N][=C][Branch1][C][O][C][=C][Branch1][C][O][C][C][C][C][C][C][=C][Branch1][C][O][C][Branch1][C][O][=C][Ring1][=Branch2][C][=Branch1][C][=O][O][C][Branch1][C][O][=N][C][C][Ring2][Ring1][Branch2][=N],-0.05995815407432118
470.51500000000027,2.4716000000000014,10,5,162.98,3,0.3871843021156705,5.487522042076199,2,[C][C][C][C][C][C][C@H1][Branch1][C][C][O][C][C][C@H1][Branch1][C][O][C][=C][C][Branch1][C][O][=C][Branch1][C][O][C][Branch1][C][O][=C][Ring1][N][C][=Branch1][C][=O][O][=C][Branch1][C][O][C][C][=Branch1][C][=O][O][C@H1][Ring2][Ring1][N][C],-0.06005422965953293
472.4910000000003,2.4379,11,6,201.35999999999999,15,0.05100572775479836,4.553196424009786,0,[C][O][C][Branch1][C][O][=N][C][=C][Branch1][C][O][C][C][C][C][=Branch1][C][=O][O][C][=C][Branch1][C][O][C][Branch1][C][O][=C][Ring1][S][C][C@H1][Branch1][C][O][C][=Branch1][C][=O][O][C][C][C][C][C][=C][N][Ring2][Ring1][O],-0.0603656021588448
502.4690000000004,2.349500000000001,13,6,209.50999999999996,10,0.08336562208629515,5.655811066837911,2,[C][C][C][C][C][C@H1][Branch1][C][O][C@H1][Branch1][C][O][C][C][C][=C][Branch1][C][O][C][Branch1][C][O][=C][Branch1][C][O][C][Branch1][C][O][=C][Ring1][N][C][=Branch1][C][=O][O][C][=Branch1][C][=O][O][C@H1][Branch1][=Branch1][C][C][C][C][=Branch1][C][=O][O][O][Ring2][Ring1][#Branch2],-0.06040218409958343
528.5990000000003,2.4508,12,4,165.37,9,0.25644077298415774,5.653078105531967,2,[C][C][Branch1][C][C][C][C][O][C][C][C][Branch1][C][O][C][C][C][C][C][C][=C][C][Branch1][C][O][=C][Branch1][Branch1][O][C][C][O][C][C][=Branch1][C][=O][O][C][C][O][C][=Branch1][C][=O][O][=N][C][Ring2][Ring1][N][=N][Ring1][=N],-0.06048895439665048
470.4790000000002,2.46704,10,9,236.83999999999995,14,0.04515337675632605,4.626691144289507,0,[C][C][C][C][C][C@H1][Branch1][C][O][C][C][=Branch1][C][=O][N][C][=C][Branch1][C][O][C][Branch1][C][O][=C][Branch1][C][O][C][=Branch1][Ring2][=N][Ring1][N][C][=C][Branch1][C][O][C][C][C][=Branch1][C][=O][O][C][Branch1][C][O][=N][C][Ring2][Ring1][Branch2][=N],-0.06049607937709642
529.5950000000004,2.5368000000000004,14,2,192.85999999999999,21,0.025849093214131567,5.544259383940275,0,[C][C][Branch1][C][C][C][C@H1][Branch1][C][C][O][C][/C][=C][\C][Branch1][C][O][=N][C][Branch2][Ring1][Ring1][C][=N][N][=C][Branch1][Branch1][C][O][O][C][Branch1][C][O][N][=N][C][C][C][C][=Branch1][C][=O][O][C][O][C][Ring2][Ring1][Ring2][=N][=N][Ring1][P],-0.06099290532512853
525.5990000000004,2.415,11,8,201.16999999999996,13,0.16409783902770286,5.500905541904764,2,[C][C][C][C][C][C@H1][Branch1][C][O][C][C][C][C][C@H1][Branch1][C][O][C][=C][C][Branch1][C][O][=C][Branch1][C][O][C][C][=Branch1][Ring2][=N][Ring1][N][=N][C][C][C][=Branch1][C][=O][O][=N][C][Branch1][Branch2][C][C][C][=Branch1][C][=O][O][=C][Ring1][N][O],-0.061459215777620195
511.55200000000036,2.35759,12,5,200.31999999999996,5,0.1276740830390086,6.530932385228988,2,[C][C][Branch1][C][C][C][C@@H1][N][=C][Branch1][C][O][C@H1][Branch1][C][O][C][C][C][C][C@@H1][Branch1][C][O][C@H1][Branch1][C][O][C][C][C][C][C][=Branch1][C][=O][O][C][=N][O][C][=Branch1][Ring2][=N][Ring1][Branch1][C][=C][O][C][Ring2][Ring1][Branch2][=N][O],-0.06147106727558933
487.45800000000025,2.6408000000000014,12,5,193.79999999999998,4,0.1685812234306464,4.39666583273681,1,[C][O][C][C][O][C][Branch1][C][O][=N][C][=C][Branch1][C][O][C][C][C][C][C][C][=C][Branch1][C][O][C][Branch1][C][O][=C][Branch1][C][O][C][Branch1][C][O][=C][Ring1][=Branch2][C][=Branch1][C][=O][O][C][C][=Branch1][C][=O][O][C][Ring2][Ring1][Branch2],-0.06165346264404001
528.5590000000003,2.5580799999999995,9,7,238.00999999999996,18,0.019921217522396353,4.848045566920036,0,[C][O][C][Branch1][C][O][C][O][C][Branch1][C][O][=N][C][Branch1][C][O][C][C][C][C][C][C][Branch1][C][O][=N][C][Branch1][C][O][=N][C][C][C][C][C][C][=C][Branch1][Ring1][C][#N][C][Branch1][C][O][=C][Ring1][#C][C][=Branch1][C][=O][O],-0.061661914890798364
494.58900000000034,2.651980000000001,11,3,174.16,7,0.4526471320310636,5.775849909219799,1,[C][C][C][C@H1][Branch1][C][C][C][C@H1][Branch1][C][C][C@@H1][Branch1][C][O][C@H1][Branch1][C][C][C@@H1][Branch1][C][O][C][C][=C][N][=N][N][=C][Branch1][Ring1][C][#N][C][=Branch1][C][=O][O][C@H1][Branch1][Ring1][C][O][C][=Branch1][C][=O][O][C@@H1][Branch1][C][C][C][Ring2][Ring1][Branch2],-0.06174773637956317
483.5220000000003,2.63108,9,7,224.06999999999994,5,0.17294230642121747,5.280700689728409,1,[C][C][Branch1][C][O][C][C][C][O][C][Branch1][C][O][=N][C][Branch1][C][O][C][C][C][C][C][Branch1][C][O][=N][C][Branch1][C][O][=N][C][C][C][C][C][Branch1][Ring1][C][#N][=C][Branch1][C][O][C][Branch1][C][O][=N][Ring2][Ring1][Branch2],-0.06192909300159302
517.5320000000003,2.62788,13,5,209.38999999999996,17,0.03575854745806212,5.109344099025725,0,[C][O][C][Branch1][C][O][=N][C][=C][C][Branch1][C][O][=C][Branch1][C][O][C][C][O][C][C][C][C][C@@H1][Branch1][C][C][C][C@@H1][Branch1][Ring1][C][#N][C][C@H1][Branch1][C][O][C][=Branch1][C][=O][O][=N][O][C][=Branch1][C][=O][O][=C][Ring1][=N],-0.06201621723388202
501.6170000000003,2.6550000000000002,10,6,179.76999999999995,16,0.13589216912906182,4.586075713118097,1,[C][C][C][C][C][C][C][C][C][C][C][C@H1][Branch1][C][O][C][C@H1][Branch1][C][O][C@@H1][Branch1][C][O][=C][C][C][=Branch1][C][=O][O][=C][Branch1][C][N][C][=C][Branch1][C][O][C][Branch1][C][O][=C][Ring1][N][C][=Branch1][C][=O][O][C][Ring2][Ring1][Branch2],-0.06208428751302551
527.4790000000004,2.572700000000001,12,4,207.70999999999995,8,0.16600493551438356,4.595015330139693,3,[O][=C][Branch1][C][O][C][C][C][C][C][C][C][C][=C][C][Branch1][C][O][=C][Branch1][C][O][C][Branch1][C][O][=C][Ring1][=Branch2][C][=Branch1][C][=O][O][C][C][O][C][=Branch1][C][=O][O][C][Branch1][C][O][=N][C][C][C][=Branch1][C][=O][O][=C][Ring2][Ring1][Branch2],-0.06217739270828353
510.5480000000003,2.35328,12,3,200.26999999999995,6,0.272283206469452,6.036648018554212,1,[C][=C][/C][Branch1][C][C][O][C][C][C][C][Branch1][C][O][C][C][Branch1][C][C][=N][O][C][Branch1][C][C][C][N][=N][C][Branch1][Ring1][C][#N][C][Branch1][C][O][=N][O][C][Branch1][C][O][=N][C][C][C][=Branch1][C][=O][O][C][Ring2][Ring1][N],-0.06236443345369244
499.4730000000003,2.3436000000000003,11,6,220.28999999999994,2,0.30257111557641486,5.5465775754662765,2,[C][C][C][C][Branch1][C][C][O][C][Branch1][C][O][=N][C][C][C][C][C][Branch1][C][O][=N][C][Branch1][C][O][=C][Branch1][C][O][C][C][Branch1][C][O][=C][Ring1][N][C][=Branch1][C][=O][O][C][Branch1][C][O][=N][C][C][=Branch1][C][=O][O][C][Ring2][Ring1][S],-0.06256887817437662
522.5590000000003,2.6083800000000004,10,5,222.26999999999998,5,0.20287694252629374,5.312403991435789,1,[C][C][C][Branch1][C][O][C][Branch1][C][O][=N][C][C][C][Branch1][C][O][=N][C][C][C][C][C][Branch1][C][O][=N][C][Branch1][C][O][=N][C][C][C][Branch1][C][O][=N][C][Branch1][Ring1][C][#N][=C][Branch1][C][C][C][C][=Branch1][C][=O][O][C][Ring2][Ring1][O],-0.06257019920057846
530.4830000000004,2.4640000000000004,13,4,212.23,5,0.13232186096910753,5.545478515883358,1,[C][O][C][Branch1][C][O][=N][C][=C][C][=C][Branch1][C][O][C][C][C][C][Branch1][C][O][=C][Branch1][C][O][C][C][=Branch1][C][=O][O][C][Branch1][#Branch1][O][C][C][=Branch1][C][=O][O][C][Branch1][C][O][=N][C][C][C][C][C][=Branch1][C][=O][O][Ring2][Ring1][N],-0.06264354041718981
504.5290000000004,2.3438,10,6,208.11999999999998,20,0.03524064086487676,4.139320742810334,0,[C][C][C][C][C][C@H1][Branch1][C][O][C][C][C][C][=Branch1][C][=O][C][=C][Branch1][C][O][C][Branch1][C][O][=C][Branch1][Ring2][O][C][Branch1][C][O][=C][Ring1][=Branch2][C][C][=Branch1][C][=O][O][C][C@H1][Branch1][#Branch1][C][C][=Branch1][C][=O][O][C][=Branch1][C][=O][O][Ring2][Ring1][Branch2],-0.06313317482908665
472.44300000000027,2.4229000000000003,12,5,189.27999999999997,4,0.22848602192445155,5.874704303152652,3,[C][C][C][C][C][C@H1][Branch1][C][O][C][C][C][=C][Branch1][C][O][C][=C][Branch1][C][O][C][Branch1][C][O][=C][Ring1][N][C][=Branch1][C][=O][O][C@H1][Branch1][C][O][C][=Branch1][C][=O][O][C][=Branch1][C][=O][O][C][Branch1][C][O][C][C][Ring2][Ring1][Branch2],-0.06315582788626822
497.4970000000004,2.3420000000000005,11,6,195.57,6,0.10356182822836123,5.46130837170125,2,[C][O][C][Branch1][C][O][C][C][O][C][C][C][C][C][=C][Branch1][C][O][C][Branch1][C][O][=C][Branch1][C][O][C][Branch1][C][O][=C][Ring1][N][C][=Branch1][C][=O][C][C][=Branch1][C][=O][O][C][Branch1][C][O][=N][C][C][C][C][=C][Ring2][Ring1][O],-0.06339794977757533
527.5670000000003,2.4195600000000006,11,4,195.73,23,0.022250289587360198,5.0995064647292745,0,[O][=C][Branch1][C][O][C][C@H1][C][C][C][C][C@H1][Branch1][C][O][=C][C][=C][Branch1][=Branch1][O][C][C][=Branch1][C][=O][O][C][=C][Branch1][C][O][C][C][=Branch1][Ring2][=N][Ring1][Branch2][O][C][C][C][C][=Branch1][C][=O][O][C][Branch1][C][O-1][C][C][=C][Ring2][Ring1][Branch2],-0.06383614126809406
469.4430000000003,2.5527000000000006,11,5,192.41,5,0.225608981381344,5.211810258156197,2,[C][C][C][C][C][C][C][C][C@H1][Branch1][C][O][C][=C][Branch1][C][O][C][=C][Branch1][C][O][C][Branch1][C][O][=C][Ring1][N][C][=Branch1][C][=O][O][C][=Branch1][C][=O][O][C][Branch1][C][O][=N][C][C][C][=Branch1][C][=O][O][Ring2][Ring1][O],-0.06464740826978241
502.4690000000004,2.661200000000001,12,5,206.35,10,0.16555708644872863,4.776980605873717,1,[C][C][Branch1][C][C][C][C][C][Branch1][C][O][C][C][C][=C][C][Branch1][C][O][=C][Branch1][C][O][C][Branch1][C][O][=C][Ring1][N][C][=Branch1][C][=O][O][C][=Branch1][C][=O][O][C][C][=Branch1][C][=O][O][C][Branch1][C][O][C][C][C][=Branch1][C][=O][O],-0.06466880425676706
530.5270000000004,2.5569000000000006,11,5,213.99999999999997,16,0.028441829665189315,4.453850815234409,0,[C][O][C][=C][Branch1][C][O][C][=C][C][Branch1][C][O][=C][Ring1][#Branch1][C][C][=Branch1][C][=O][O][C@H1][Branch1][C][O][C][C][C][C][C][C][=Branch1][C][=O][O][C][Branch1][C][O][=N][C][Branch1][C][O][=N][C][C][C][C][=Branch1][C][=O][O][=C][Ring2][Ring1][Branch2],-0.06515833420215794
516.4760000000003,2.3578600000000005,14,6,230.19999999999996,1,0.16707483563272252,5.153111274044737,1,[C][C][C][C][C][C][C@@H1][Branch1][C][O][C@@][Branch1][C][O][C][C][C][=C][Branch1][C][O][C][Branch1][C][O][=C][Ring1][N][C][=Branch1][C][=O][O][C][=Branch1][C][=O][O][C][=Branch1][C][=O][O][C@H1][Branch1][Ring1][C][O][C][C][=Branch1][C][=O][O][C][Ring2][Ring2][Ring1][=N],-0.06571483120270509
514.6200000000002,2.35212,10,6,190.22999999999996,20,0.049483155666131075,4.695112020532788,1,[C][C][C][C][C][Branch1][C][O][=N][C][C][C][C@H1][Branch1][C][O][=N][C][C][C][C][C][C][C@@H1][Branch1][Ring1][C][O][N][=C][Branch1][C][O][C][Branch1][C][O][C][=Branch1][C][=O][O][C][=C][O][C][=Branch1][Ring2][=N][Ring1][Branch1][C],-0.0659843671182805
487.5020000000003,2.3451700000000004,12,6,203.89999999999998,5,0.18851660309291493,4.966006358692798,1,[C][C][C][C][C][C][C][C][C][C][C@H1][Branch1][C][O][C][C@H1][Branch1][C][O][C][=Branch1][C][=O][O][C][=C][Branch1][C][O][C][Branch1][C][O][=C][Branch1][C][O][C][C][=Branch1][C][=O][O][C][=Branch1][Ring2][=N][Ring1][N][C][=Branch1][C][=O][O][Ring2][Ring1][N],-0.06678602129188375
531.5110000000005,2.5568,12,6,221.86999999999998,13,0.06615549366210867,4.9675478762247725,1,[C][C][C][Branch1][C][O][C][O][C][Branch1][C][O][=C][C][=C][Branch1][C][O][C][Branch1][C][O][=C][Ring1][N][C][C][=Branch1][C][=O][O][C][Branch1][C][O][=N][C][C][C][C][C][=Branch1][C][=O][O][=C][Branch1][C][O][C][C][C][C][=Branch1][C][=O][O][Ring2][Ring1][=Branch2],-0.06699231958963756
530.5230000000003,2.569400000000001,12,6,209.50999999999996,5,0.22316483896819778,5.460138147970801,2,[C][C][=C][Branch1][C][O][C][C@H1][Branch1][C][O][C@H1][Branch1][C][O][C][C][C][C][C][Branch1][C][O][=C][Branch1][C][O][C][C][Branch1][C][O][=C][Ring1][N][C][=Branch1][C][=O][O][C@H1][Branch1][#Branch1][C][C][=Branch1][C][=O][O][C][C][C][=Branch1][C][=O][O][=C][O][C][Ring2][Ring1][=N],-0.06706140258002422
502.4730000000003,2.668000000000001,12,5,213.99999999999997,14,0.03386367132659473,4.632907999093302,1,[C][C][C][C][C][C][C][C][C][Branch1][C][O][=N][C][Branch2][Ring1][=Branch2][O][C][C][=Branch1][C][=O][O][C][Branch1][C][O][=C][Branch1][C][O][C][Branch1][C][O][=C][Ring1][N][C][=Branch1][C][=O][O][C][Branch1][C][O][=N][C][C][C][=Branch1][C][=O][O][Ring2][Ring1][Branch2],-0.06738176990848535
472.5350000000002,2.5977800000000006,10,7,204.05999999999997,17,0.024067000318874356,4.6658328397865345,0,[C][C][C][Branch1][C][O][C][C][C][C][C][Branch1][C][O][=N][C][C][C][C][C][C@H1][Branch1][Ring1][C][#N][=C][Branch1][C][O][C][Branch1][C][O][=C][Branch1][C][O][C][Branch1][C][O][=C][Ring1][N][C][=Branch1][C][=O][O][C][Branch1][C][O],-0.06743184295271765
503.54500000000036,2.3323,9,7,214.40999999999997,18,0.027386359175075065,4.557198273367816,0,[C][C][C@H1][Branch1][C][O][C][C][C][C][C][=Branch1][C][=O][N][=C][Branch1][C][O][C][C@H1][Branch1][C][O][C][C][C][C][C][C@H1][Branch1][C][O][C][=Branch1][C][=O][O][C][=C][Branch1][C][O][C][Branch1][C][O][=C][Ring1][=Branch2][C][=Branch1][C][=O][O][Ring2][Ring1][O],-0.06745364704743553
481.50200000000035,2.6422700000000017,9,4,192.59999999999997,17,0.08445005102840514,4.107453557777727,1,[O][=C][Branch1][C][O][C][C][C][C][C][C][C@H1][Branch1][C][O][C][C][=Branch1][C][=O][N][=C][Branch1][C][O][C][C][=Branch1][Ring2][=N][Ring1][Branch1][C][=C][O][C][=Branch1][Ring2][=N][Ring1][Branch1][C][=C][O][C][C][C][=Branch1][C][=O][O][C][Ring2][Ring1][=Branch2],-0.06787653850926713
533.5990000000002,2.4720700000000004,11,6,229.89999999999992,18,0.049502407630999515,5.169864624919953,0,[C][C][C][C][C][C@H1][Branch1][C][O][C][C][Branch1][C][O][=N][C][C][C][C][C][C][C@@H1][Branch1][Ring1][C][O-1][C][C@H1][Branch1][C][O][C][Branch1][C][O][=N][O][C][=Branch1][C][=N][O][C][=Branch1][C][=O][O][C][Branch1][C][O][=N][C][Ring2][Ring1][=N],-0.06812036984632452
526.5390000000003,2.3908000000000014,11,6,207.92999999999998,3,0.23224603921492573,5.347375146508362,2,[C][O][C][Branch1][C][O][=C][C][=C][Branch1][C][O][C][C][Branch1][C][O][=C][Ring1][Branch2][C][C][C][Branch1][C][O][C][C][C][=Branch1][C][=O][O][C][C][Branch1][C][O][=N][C][C][C][C][Branch1][C][O][=N][C][C][C][=Branch1][C][=O][O][C][Ring2][Ring1][Branch2],-0.06874021009569306
530.5670000000005,2.4203,12,8,222.27999999999997,18,0.05535731549501659,5.297453842303164,0,[C][C][C@H1][Branch1][C][O][C@@H1][Branch1][C][C][C][=Branch1][C][=O][C@@H1][Branch1][C][O][C][C][=C][Branch1][C][O][C][C][=C][Branch1][C][O][C][Branch1][C][O][=C][Branch1][C][O][C][C][C][=Branch1][C][=O][O][C@H1][Branch1][Ring1][C][O][C][C][=C][Branch1][C][O][C][C][Ring2][Ring1][Branch2][=O],-0.06894708373818366
528.6670000000003,2.4035700000000015,9,6,199.07999999999996,7,0.21354548970923237,5.658208497447601,1,[C][C][C][C][C][C][C][Branch1][C][C][C][C@H1][Branch1][C][O][C][C@@H1][Branch1][C][O][C][C][C][C][C@@H1][Branch1][Ring2][C][O-1][O][C][C][Branch1][C][O][=N][C][Branch1][C][O][=N][C][C][C][=Branch1][C][=O][O][=C][Branch1][C][O][C][Ring2][Ring1][N][=N],-0.06910127885936708
529.4950000000003,2.5902000000000003,13,8,243.86999999999995,6,0.08112243656449575,5.070502387157715,1,[C][O][C][Branch1][C][O][=N][C][=C][Branch1][C][O][C][C][C][C][C][=C][Branch1][C][O][C][Branch1][C][O][=C][Branch1][C][O][C][C][C][C][=Branch1][C][=O][O][C][C][=Branch1][C][=O][C][Branch1][C][O][C][Branch1][C][O][=C][Branch1][C][O][C][C][Ring2][Ring1][Branch2][=O],-0.06914901662352177
507.4290000000003,2.6692000000000013,11,7,215.79999999999995,10,0.07465223812196524,5.48382295750271,1,[C][O][C][Branch1][C][O][=N][C][=C][C][C][=C][Branch1][C][O][C][C][C][Branch1][C][O][=C][Branch1][C][O][C][Branch1][C][O][=C][Ring1][=C][C][=Branch1][C][=O][O][C][C][Branch1][#Branch1][O][P][=Branch1][C][=O][Branch1][C][O][C][C][C][C][O],-0.06929172074642173
506.54900000000055,2.329769999999999,10,6,216.25999999999993,22,0.041136745945138116,4.459637451591608,0,[O][=C][Branch1][C][O][C][C@@H1][Branch1][Branch2][C][C][C][=Branch1][C][=O][O][N][=C][Branch1][C][O][C][=Branch1][Ring2][=N][Ring1][Branch1][C][C@@H1][Branch1][C][O][C][C][C][C][C][C][C][C][C@H1][Branch1][C][O][C][C][=Branch1][C][=O][O][O][O][C][Ring2][Ring1][Branch2],-0.06934030622949457
534.6070000000004,2.4888000000000003,10,6,212.08999999999997,18,0.028570235395973073,4.789316932612261,0,[C][C][Branch1][C][C][C][C@@H1][Branch1][C][O][C][C][C@@H1][Branch1][C][O][=N][C][Branch2][Ring1][Ring1][C][C][Branch1][C][O][=N][C][Branch1][C][O][=N][O][C][=Branch1][C][=O][O][C][C][C][C][C][C][N][=C][Branch1][C][O][C][C][=Branch1][C][=O][O][C][Ring2][Ring1][Branch2],-0.0693588364665968
501.4850000000003,2.6745,12,4,190.64,4,0.2504849799325296,5.451594159474373,1,[C][C][C][Branch1][C][C][O][C][=C][C][Branch1][C][O][=C][Branch1][C][O][C][C][C][C][=C][Branch1][C][O][C][C][=Branch1][C][=O][O][=C][Branch1][C][O][C][C][C][=Branch1][C][=O][O][C][C][=Branch1][C][=O][O][C][Branch1][C][O][=N][Ring2][Ring1][=Branch2],-0.069863158388381
530.5270000000005,2.4135,10,6,224.99999999999994,16,0.07317890418435369,5.121657855689184,1,[C][O][C][Branch1][C][O][=N][C][=C][Branch1][C][O][C][C][C][C@H1][Branch1][C][O][C][C@H1][Branch1][C][C][C@@H1][Branch1][C][O][C][C][=Branch1][C][=O][N][=C][Branch1][C][O][C][C][C][C][=Branch1][C][=O][O][C][=Ring1][Branch1][C][C][O][C][=Branch1][C][=O][O],-0.07017656956563295
518.6040000000003,2.6495699999999998,11,6,199.18999999999997,19,0.036867373241154404,4.870142539733475,0,[C][C][=C][Branch1][C][O][C][C@H1][Branch1][C][O][C][C][Branch1][C][O][=N][C][C][C][C@H1][Branch1][C][C][C][C][C][C@H1][Branch1][C][O][C][=Branch1][C][=O][O][C@H1][Branch1][C][O][C][C][C][=Branch1][C][=O][O][=C][O][C][=Branch1][Ring2][=N][Ring1][Branch1][C],-0.07045441680973613
475.53500000000025,2.628,10,5,175.33999999999997,10,0.10376248403323864,5.285921042086361,1,[C][C][C][C][C][C@H1][Branch1][C][O][C][C][Branch1][C][O][=N][C@H1][Branch1][C][O][C][C][C][C][C][C@H1][Branch1][C][C][O][=C][Branch1][C][O][C][Branch1][C][O][=C][Ring1][N][C][=Branch1][C][=O][O][C][=Branch1][C][=O][O][C][Ring2][Ring1][=Branch1],-0.07082079426270194
512.5800000000004,2.3327899999999997,11,5,185.64999999999998,7,0.25027769127671023,6.365882059525526,2,[C][C@H1][Branch1][C][C][C][C@H1][Branch1][C][O][C@@][Branch1][C][O][C][C][=C][Branch1][Ring1][O][C][=O][C][=C][Branch1][C][O][C][=Branch1][Ring2][=N][Ring1][N][C][=Branch1][C][=O][O][C][C][C@H1][Branch1][=Branch1][C][C][C][C][N][=C][Branch1][C][O][C][C][Branch1][C][O][=N][Ring2][Ring1][Branch2],-0.07145974430404893
484.45800000000025,2.338680000000001,12,4,197.35999999999996,4,0.1968281760754518,4.86464697239594,1,[C][O][C][C][O][C][Branch1][C][O][=N][C][=C][Branch1][C][O][C][C][C][C][C][C@@H1][Branch1][Ring1][C][#N][C][Branch1][C][O][=C][Branch1][C][O][C][Branch1][C][O][=C][Ring1][=Branch2][C][=Branch1][C][=O][O][C][C][=Branch1][C][=O][O][C][Ring2][Ring1][Branch2],-0.0716245617089551
520.6240000000005,2.3506,10,7,206.01999999999998,19,0.025150755503282943,4.762453881558073,0,[C][C][C][Branch1][C][O][C@@H1][Branch1][C][C][C@@H1][Branch1][C][O][C@H1][Branch1][C][O][=N][C][C][C][C][Branch1][C][O][=N][C][C][C][C][C][C][C][C][N][=C][Branch1][C][O][C][Branch1][C][O][=N][O][C][=Branch1][C][=O][O][=C][Ring2][Ring1][N],-0.07261305050746786
499.5370000000003,2.682190000000001,11,4,161.88,5,0.24986360153747403,5.796673403448668,2,[C][C@@H1][C][C][C][C][C@H1][Branch1][C][C][O][C@H1][Branch1][C][O][=N][C@H1][Branch1][Branch2][C][C][C][C][=Branch1][C][=O][O][C][=C][Branch1][C][O][C][C][=C][Branch1][Branch2][N][C][=Branch1][C][=O][O][C][=C][Ring1][N][O][C][=Branch1][C][=O][O][Ring2][Ring2][Ring1][S],-0.07288188287908091
481.45400000000035,2.6576000000000004,10,4,189.25,6,0.24776826766531176,4.974228729430642,2,[C][C][C][C][C][C@H1][Branch1][C][O][C][/C][=C][\C][=Branch1][C][=O][N][=C][C][Branch1][C][O][=C][Branch1][C][O][C][Branch1][C][O][=C][Ring1][N][C][=Branch1][C][=O][O][C@H1][Branch1][#Branch1][C][C][=Branch1][C][=O][O][C][C][C][=Branch1][C][=O][O][Ring2][Ring1][N],-0.07314272393068205
504.5810000000002,2.68147,11,6,217.33999999999997,21,0.03349679221691331,5.049147049562277,0,[C][C][C][C][C][C][C@H1][Branch1][C][O][C][Branch1][C][O][=N][C][C][C][C][C][C][C@@H1][Branch1][=Branch1][C][=Branch1][C][=O][O][C][C@H1][Branch1][C][O][C][=N][C][Branch1][Branch2][O][C][=Branch1][C][=O][O][=N][O][C][=Branch1][Ring2][=N][Ring1][Branch2],-0.07316392545510396
470.47100000000034,2.3913,11,5,180.04999999999998,7,0.2093243802803107,5.704588918537267,2,[C][C][C][C][C][C][C][C][C][C@H1][Branch1][C][O][C][=C][C][Branch1][C][O][=C][Branch1][C][O][C][Branch1][C][O][=C][Ring1][N][C][=Branch1][C][=O][O][C][=Branch1][C][=O][O][C][C@H1][Branch1][C][O][C][=Branch1][C][=O][O][C][Ring2][Ring1][=Branch1],-0.07333728767823304
467.56700000000046,2.58598,8,6,191.12,6,0.34303835973511754,5.0089895558150594,1,[O][=C][Branch1][C][O][C][C][C@H1][Branch1][C][O][C][C][C][C@H1][Branch1][C][O][=N][C][Branch1][C][O][=N][C][C][C][C][C][C][C][C][C][C][C][Branch1][Ring1][C][#N][=N][C][Branch1][C][O][=N][Ring2][Ring1][Branch2][=N][O],-0.07341939539385955
464.4710000000002,2.54748,10,6,189.57,2,0.3311285474403715,5.426702565848505,2,[C][O][C][Branch1][C][O][=C][C][Branch1][C][O][=C][Branch1][C][O][C][C][C][C][C][C][C@H1][Branch1][Ring1][C][#N][C][=C][Branch1][C][O][C][Branch1][C][O][=C][Ring1][N][C][=Branch1][C][=O][C@@H1][Branch1][C][O][C][C][C][=Branch1][C][=O][N][Ring2][Ring1][O],-0.07355226324186057
514.5720000000003,2.671800000000001,10,4,176.70000000000002,7,0.2916345289926262,5.06042107852597,1,[C][C][Branch1][C][C][C][O][C][C][C][C][Branch1][C][O][C][=C][Branch1][C][O][C][Branch1][C][O][=C][Ring1][N][C][=Branch1][C][=O][O][C][C][Branch1][C][O][=N][C][Branch1][C][O][=N][C][C][C][C][=Branch1][C][=O][O][=C][Branch1][C][C][C][C][Ring2][Ring1][Branch2],-0.0746445653480553
530.6150000000004,2.6106000000000007,10,6,198.69999999999996,5,0.287118474806155,5.719844154859495,1,[C][C][C][Branch1][C][O][C][Branch1][C][C][C][Branch1][C][C][C@H1][Branch1][C][O][C][C][Branch1][C][C][=C][Branch1][C][O][C][C][C][Branch1][C][O][=N][C][Branch1][C][O][=N][C][C][C][C][C][=Branch1][C][=O][O][=C][Branch1][C][O][C][C][C][=Branch1][C][=O][O][Ring2][Ring1][O],-0.07553999271908961
501.4850000000003,2.3107000000000015,11,6,212.63999999999996,10,0.11008277525114363,4.791826644292187,1,[C][O][C][C][O][C][Branch1][C][O][=N][C][C][C][C][C][C][=Branch1][C][=O][C][=C][Branch1][C][O][C][Branch1][C][O][=C][Branch1][C][O][C][Branch1][C][O][=C][Ring1][N][C][=Branch1][C][=O][O][C@H1][Branch1][#Branch1][C][C][=Branch1][C][=O][O][C][C][Ring2][Ring1][#Branch1],-0.07577822444475663
526.6270000000004,2.6360800000000006,9,5,189.89999999999998,20,0.05179903052445925,4.7203101632930995,1,[C][C][C][C@H1][Branch1][C][O][C][C][C][C][Branch1][C][O][=N][C][C][C][C][C][C@H1][Branch1][Ring1][C][#N][=C][Branch1][Branch1][C][O][C][Branch1][C][O][=C][Ring1][O][C][=Branch1][C][=O][O][C][C][C@@H1][Branch1][C][O][C][C][C][=Branch1][C][=O][O],-0.0761500567301175
485.48600000000033,2.3200000000000003,11,6,195.56999999999996,8,0.21794187557178582,5.135895230671338,2,[C][C][C][Branch1][C][O][C][O][C][C][C][C][C][C][C][=C][Branch1][C][O][C][Branch1][C][O][=C][Branch1][C][O][C][Branch1][C][O][=C][Ring1][N][C][=Branch1][C][=O][O][C][Branch1][C][O][=N][C][C][C][=Branch1][C][=O][O][=C][Ring2][Ring1][Branch2],-0.077631338929584
472.48700000000036,2.6373000000000006,11,5,180.04999999999998,3,0.30081370157844456,5.102385642771581,1,[C][C][C][C][C][C@H1][Branch1][C][O][C@H1][Branch1][C][O][C][C][=C][Branch1][C][O][C][C][=C][Branch1][C][O][C][Branch1][C][O][=C][Ring1][=Branch2][C][=Branch1][C][=O][O][C][=Branch1][C][=O][O][C][C][C][C][=Branch1][C][=O][O][C][Ring2][Ring1][=N],-0.07774359829593655
516.5000000000005,2.3239999999999994,12,6,217.16,14,0.037266474658323674,4.963662063550667,1,[C][O][C][Branch1][C][O][=C][C][=C][Branch1][C][O][C][C][Branch1][C][O][=C][Ring1][=Branch2][C][=Branch1][C][=O][O][C@H1][Branch1][C][O][C@@H1][Branch1][C][O][C][C][C][C][C][C][C][C][C][=Branch1][C][=O][N][=C][O][C][Branch1][C][O][=N][O][Ring1][Branch1],-0.0777506270071187
466.4910000000002,2.39968,11,7,222.20999999999992,3,0.3006268388940787,5.34202799709613,1,[C][C][C][C][C][C@H1][Branch1][C][O][C][C][Branch1][C][O][=C][Branch1][C][O][C][C][C][C][Branch1][C][N][=N][C][C][Branch1][Ring1][C][#N][=C][Branch1][C][O][C][Branch1][C][O][=C][Ring1][N][C][=Branch1][C][=O][O][C][Branch1][C][O][=N][Ring2][Ring1][=N],-0.07811317883686428
515.5120000000004,2.6802000000000006,11,4,198.48,8,0.2095766900913318,5.163189399144455,1,[C][C][C][C][C][C][C@H1][Branch1][C][C][O][C][C][Branch1][C][O][=N][C][=C][Branch1][C][O][C][=C][Ring1][Branch2][C][=Branch1][C][=O][O][C][=Branch1][C][=O][O][C][C@@H1][Branch1][Branch2][C][C][C][=Branch1][C][=O][O][C][=Branch1][C][=O][O][C][Ring2][Ring1][N][O],-0.0784730206886423
498.5490000000004,2.6973900000000013,10,3,161.17999999999998,8,0.2576610798831835,5.453341501330168,2,[C][C][C][C][Branch1][C][C][C][C][C][C][C@@H1][Branch1][C][O][C][C@@H1][Branch1][C][O][C@@][Branch1][C][O][C][C][C][=Branch1][C][=O][O][C][=Ring1][Branch1][C][=N][C][=Branch1][C][=O][O][C@H1][Branch1][Ring1][C][O][C][C][=Branch1][C][=O][O][C][Ring2][Ring1][=Branch2],-0.07900931299536831
460.43200000000024,2.5134000000000007,12,5,181.43999999999997,5,0.22993414481255367,5.100333717391774,2,[C][O][C][Branch1][C][O][C][C][O][C][Branch1][C][O][C][C][C][C][C][C][C][=C][Branch1][C][O][C][Branch1][C][O][=C][Branch1][C][O][C][Branch1][C][O][=C][Ring1][N][C][=Branch1][C][=O][O][C][=Branch1][C][=O][O][C][Ring2][Ring1][Branch2],-0.07931731271292496
471.5070000000003,2.6391700000000005,10,8,216.47999999999996,12,0.06883445114505155,4.7540778176673015,1,[C][C][Branch1][C][C][C][C][C][C][C][C][Branch1][C][O][C][=C][Branch1][C][O][C][Branch1][C][O][=C][Branch1][C][O][C][C][=Branch1][Ring2][=N][Ring1][N][C][Branch1][C][O][=N][C][C][C][=Branch1][C][=O][O][C][Branch1][C][O][C][Branch1][C][O][=N][Ring2][Ring1][=Branch1],-0.07966385893239138
528.5110000000004,2.3606999999999996,11,7,232.51,13,0.059987810668154555,4.613254346259508,1,[C][C][C][C][C][Branch1][C][O][=N][C][C][=C][C][C][Branch1][C][O][=C][Branch1][C][O][C][Branch1][C][O][=C][Ring1][=Branch2][C][=Branch1][C][=O][O][C][=Branch1][C][=O][O][C][Branch1][C][O][C][C][C][=Branch1][C][=O][N][C][Branch1][C][C][C][C][=Branch1][C][=O][O][Ring2][Ring1][Branch2],-0.0797259486240215
502.46900000000045,2.3004000000000007,13,4,187.50999999999996,4,0.1898586073948019,6.25453121427899,2,[C][C][C][C][C@@H1][Branch1][C][O][=C][C][=C][Branch1][C][O][C][Branch1][C][O][=C][Ring1][Branch2][O][C][=Branch1][C][=O][O][C@H1][Branch1][C][O][C][=Branch1][C][=O][O][C][=Branch1][Branch1][=C][O][C][Branch1][C][O][C][C][C][C][C][=Branch1][C][=O][O][C][Ring2][Ring1][S],-0.07999255867891691
474.5070000000003,2.344900000000001,12,7,189.24999999999997,17,0.04073166296969297,4.481824150889649,0,[C][=C][Branch1][C][O][C][C][C][C][C][N][C][=C][N][Branch1][C][O][C][C][C][Branch1][C][O][=C][Branch1][C][O][C][C][Branch1][C][O][=C][Ring1][N][C][=Branch1][C][=O][O][=C][Branch1][C][O][C][=Branch1][C][=O][O][C][C][Ring2][Ring1][=Branch1],-0.08030276331484426
476.52300000000025,2.33667,11,8,209.85999999999999,15,0.056475147802986354,4.873710317210312,0,[C][C][Branch1][C][C][C@H1][Branch1][C][O][=N][C@H1][Branch1][C][C][C][C@@H1][Branch1][C][O][C][C][C][C][=Branch1][C][=O][O][C][=C][Branch1][C][O][C][C][Branch1][C][O][=C][Branch1][C][O][C][C][C][=Branch1][C][=O][O][C][Branch1][C][O][=N][Ring2][Ring1][Branch2],-0.0804546352921941
484.45400000000035,2.3136000000000005,12,5,189.27999999999997,4,0.1816864110887878,4.656027736874812,2,[C][C][C][C][C][C][C][C][O][C][=C][C][Branch1][C][O][=C][Branch1][C][O][C][=C][Ring1][Branch2][C][=Branch1][C][=O][O][C][Branch1][C][O][=C][Branch1][C][O][C][C][=Branch1][C][=O][O][C][C][=Branch1][C][=O][O][C][Ring2][Ring1][N][O],-0.08078308030769762
482.4900000000003,2.318,10,7,213.85999999999996,5,0.30548978973914426,6.001502888786791,2,[C][C][Branch1][C][C][C][C][C][C][C][C][Branch1][C][O][C][=C][Branch1][C][O][C][Branch1][C][O][=C][Branch1][C][O][C][C][=Branch1][Ring2][=N][Ring1][N][C][Branch1][C][O][=N][C][Branch1][Branch2][C][C][C][=Branch1][C][=O][O][=N][O][N][C][Ring2][Ring1][=N][=O],-0.08078514962541046
514.4800000000004,2.688600000000001,11,5,206.34999999999997,10,0.17306095370026323,4.988599673920853,2,[O][=C][Branch1][C][O][C][C][C][C][C][C][C][C][C][=C][C][Branch1][C][O][=C][Branch1][C][O][C][Branch1][C][O][=C][Ring1][=Branch2][C][C][=Branch1][C][=O][O][C][Branch1][#Branch1][O][C][=Branch1][C][=O][O][C][C][=Branch1][C][=O][O][=C][O][C][Ring2][Ring1][Branch2],-0.08080764320285613
530.5510000000004,2.6330600000000004,12,6,211.66,16,0.07354162226664326,5.348239086458413,1,[C][C][Branch1][C][C][C][C@H1][Branch1][C][O][C@@][Branch1][C][O][C][C][C][C][=C][N][Branch1][Ring2][O][Ring1][Branch1][C][=N][C][Branch1][Branch2][C][C][=Branch1][C][=O][O][=C][O][C][Branch1][C][O][=C][Branch1][C][O][C][C][C][C][=Branch1][C][=O][O][C][Branch1][C][O][=N][Ring2][Ring1][Branch2],-0.08103239216510957
540.6140000000004,2.5021000000000013,11,4,180.85999999999999,9,0.11148583237373164,6.5255706552668045,2,[C][C][C][C][C][C][C@H1][Branch1][C][O][C][Branch1][C][O][=N][C][C][C][C@H1][Branch1][C][C][Branch1][C][O][=N][C][C][Branch1][C][O][=N][C][C][C][C][=Branch1][C][=O][O][C][Branch1][C][O][=N][C][C][=Branch1][Branch1][=C][O][Ring1][#C][C][Ring2][Ring1][Branch2][=O],-0.08123234321377244
523.6710000000003,2.6660000000000004,9,6,160.71,11,0.17664025359286212,6.144730354942736,3,[C][C][C][C][C][C][C@H1][Branch1][C][C][C@@H1][Branch1][C][O][=C][C][Branch1][C][O][C][=C][Branch1][C][O][C][C][=Branch1][Ring2][=N][Ring1][N][=N][C][=C][Branch1][Branch1][C][N][C][C][C][=Branch1][C][=O][O][C][C@@H1][Branch1][Branch2][C][C][C][=Branch1][C][=O][O][C][Ring2][Ring1][O],-0.08154891148261927
527.5670000000005,2.6504000000000008,10,6,203.40999999999997,18,0.05380744573554706,4.012901774079215,1,[C][C][C][C][C][C][C][Branch1][C][O][C][=C][Branch1][C][O][C][=C][Branch1][C][O][C][=Branch1][Ring2][=C][Ring1][Branch2][C][C][C][=Branch1][C][=O][O][C][Branch1][Branch2][C][C][C][=Branch1][C][=O][O][C][C][Branch1][C][O][=N][C][C][=Branch1][C][=O][O][=C][Ring2][Ring1][Branch2][O],-0.08160259527735707
498.4810000000004,2.7048000000000005,12,4,178.27999999999997,9,0.20775106584893072,5.5693418180575245,1,[C][=C][C][O][C@H1][Branch1][C][C][C][C][Branch1][C][O][=C][Branch1][C][O][C][=C][Branch1][C][O][C][Branch1][C][O][=C][Ring1][=C][C][=Branch1][C][=O][O][C@H1][Branch1][=N][C][C][C][=Branch1][C][=O][O][C][C][=Branch1][C][=O][O][C][Branch1][C][C][=C][O][C][Ring2][Ring1][=N],-0.0819763127006822
512.5120000000003,2.6959,11,6,207.92999999999995,7,0.09600307600947217,5.306755344260237,2,[C][C][O][C][Branch1][C][O][=N][C][C][C][C][C][C][=C][C][C][C][Branch1][C][O][=C][Branch1][C][O][C][Branch1][C][O][=C][Ring1][=Branch2][C][=Branch1][C][=O][O][C][Branch1][C][O][=N][C][C][=Branch1][C][=O][O][=C][Branch1][C][O][C][C][Ring2][Ring1][Branch2],-0.08225867842361696
500.5410000000003,2.7062999999999997,10,8,205.20999999999998,16,0.07164045830558867,3.921184899929809,1,[C][C][C][C][C][C][C@H1][Branch1][C][O][C@H1][Branch1][C][O][C][C][C][C][=C][C][Branch1][C][O][=C][Branch1][C][O][C][Branch1][C][O][=C][Ring1][=Branch2][C][C][=Branch1][C][=O][O][=C][C][Branch1][C][O][=C][Branch1][C][O][C][C][=Branch1][C][=O][O][Ring2][Ring1][O],-0.08252709327245195
512.5600000000003,2.303470000000001,11,5,183.23,6,0.330946139891441,5.340466747805516,1,[C][C][Branch1][C][C][C][C@H1][Branch1][C][C][O][C][C][=Branch1][C][=O][N][C][=C][N][Branch1][C][O][C][C][N][=C][Branch1][C][O][C][C][=Branch1][Ring2][=N][Ring1][Branch1][C][=C][O][C][C][C][=Branch1][C][=O][O][C][Branch1][C][O][=C][O][C][Ring2][Ring1][Branch2],-0.08252794038384806
468.5990000000001,2.3661000000000003,10,7,173.82,4,0.3055113103425351,5.60915752780962,1,[C][C][Branch1][C][C][Branch1][C][O][=N][C][C][C][C][C@@H1][Branch1][C][O][C][C][C][C][C][C][C@H1][Branch1][C][C][C][=C][C][Branch1][C][O][=C][Branch1][C][N][N][N][=C][N][Branch1][Ring2][Ring1][C][O][C][=Branch1][C][=O][O][=N][Ring2][Ring1][#Branch2],-0.08253947421688582
531.6470000000003,2.3674999999999997,12,5,170.37999999999997,21,0.06373061823510771,4.940211345603384,1,[C][=C][C][C@H1][Branch1][C][C][C][C][C][C@@H1][Branch1][C][O][C][C][C][C][C][C@@H1][Branch1][C][O][C@H1][Branch1][C][O][C][C][C][=Branch1][C][=O][O][C@H1][Branch1][C][O][C][C][C][=Branch1][C][=O][O][=N][O][C][=Branch1][Ring2][=N][=N][Ring1][Branch1][C],-0.08255380328004326
496.46900000000034,2.7060000000000013,11,6,204.43999999999997,11,0.08632394649704003,4.059038410304431,1,[C][O][C][Branch1][C][O][=N][C][=C][C][=C][Branch1][C][O][C][=C][Ring1][#Branch1][C][=Branch1][C][=O][O][C@H1][Branch1][C][C][C][C][C][=Branch1][C][=O][N][C][=C][Branch1][C][O][C][Branch1][C][O][=C][Branch1][C][O][C][C][C][=Branch1][C][=O][O][C][Ring2][Ring1][O],-0.08270206674563868
505.54100000000045,2.2947000000000024,11,7,217.07999999999998,7,0.1965301064268527,5.4621968332397115,1,[C][O][C][Branch1][C][O][C][O][C][C][C][C][C][Branch1][C][O][=C][Branch1][C][O][C][Branch1][C][O][=C][Branch1][C][O][C][C][C][C][C][Branch1][C][O-1][C][Branch1][C][O][=N][O][C][Branch1][C][O][=N][C][C][C][C][Ring2][Ring1][#Branch2],-0.08286437789544952
467.56300000000033,2.3704,9,5,164.52999999999997,9,0.2564246485589943,5.481696430013504,2,[C][C][Branch1][C][C][C][C][C][C][C][C][C][C@H1][Branch1][C][O][=C][Branch1][C][O][C][=C][Branch1][C][O][C][C][=Branch1][Ring2][=N][Ring1][N][C][=N][C][Branch1][Branch2][C][C][=Branch1][C][=O][O][=C][Branch1][C][O][C][C][Branch1][C][O][=N][Ring1][=N][O],-0.08304228727582058
530.4790000000002,2.3579,14,7,229.73999999999995,14,0.056190941480583304,4.443927987567028,1,[C][O][C][=C][C][Branch1][C][O][=C][C][Branch1][C][O][=C][Ring1][#Branch1][C][C][C][=Branch1][C][=O][O][C][C][C][Branch1][C][O][=C][Branch1][C][O][C][Branch1][C][O][=C][Branch1][C][O][C][C][=Branch1][C][=O][O][C][Branch1][C][O][C][C][C][=Branch1][C][=O][O][=C][Ring2][Ring1][N],-0.08334664578733833
500.5490000000004,2.290700000000003,11,5,188.65999999999997,17,0.03745953371716646,4.940129069324245,1,[C][O][C][C][C][C][C@H1][Branch1][C][C][O][C][Branch1][C][O][=N][C][C][=C][Branch1][C][O][C][Branch1][C][O][=C][Branch1][C][O][C][C][C][=Branch1][C][=O][O][C][C][=Branch1][Branch1][=C][O][C][Branch1][C][N][=N][Ring1][Branch1][C][=N][C][Ring2][Ring1][Branch2],-0.08372719990540596
528.4630000000004,2.3464,13,6,226.57999999999996,14,0.04749447776744778,4.433258938615979,1,[C][C][C][C][C][Branch1][C][O][=C][C][Branch1][C][O][=C][C][Branch1][C][O][=C][Ring1][Branch2][C][=Branch1][C][=O][O][C@@H1][Branch1][C][O][C][C][C][C][=Branch1][C][=O][O][C][C][=Branch1][C][=O][O][C][Branch1][C][O][=C][C][Branch1][C][O][=C][Ring1][=Branch2][C][=Branch1][C][=O][O],-0.08375824183923689
461.4400000000002,2.5825900000000006,12,4,178.27999999999997,8,0.3070064138650675,5.025642543463809,1,[C][C][C][C@H1][Branch1][C][C][O][C@@][Branch1][C][O][C][C][C][C][Branch1][C][O][=C][Branch1][C][O][C][C][Branch1][C][O][=C][Ring1][N][C][=Branch1][C][=O][O][C][=Branch1][C][=O][O][C@H1][Branch1][Ring1][C][O][C][=Branch1][C][=O][O][C][Ring2][Ring1][O],-0.0838979838613536
470.5670000000003,2.350449999999999,9,6,191.96999999999997,11,0.1503994380387039,5.454814064016896,1,[C][O][C][Branch1][C][O][=N][C@H1][Branch1][C][O][C@H1][Branch1][C][O][C][C][C][C][C][C][C][=Branch1][C][=N][O][C][C][C][C][C][C][C][C@H1][Branch1][Ring1][C][#N][=C][Branch1][C][O][C][Branch1][C][O][=N][Ring1][=C][O][C][=Branch1][C][=O][O][Ring2][Ring1][Branch2],-0.08392638653010136
541.5500000000005,2.466,10,8,225.51999999999995,17,0.05735639845672243,4.655569921385541,1,[C][O][C][Branch1][C][O][=C][C][=C][Branch1][=Branch1][C][=Branch1][C][=O][O][C][C][C@H1][Branch1][C][O][C@@H1][Branch1][C][O][C][C][C][C][C][C][=C][N][Branch1][#Branch1][C][C][=Branch1][C][=O][O][C][=C][Branch1][C][O][C][Branch1][C][O][=C][Ring1][N][C][C][=Branch1][C][=O][O],-0.08420552238422473
471.46300000000014,2.3431,11,6,203.22,2,0.19693106133154234,5.156715050578516,2,[C][O][C][C][O][C][Branch1][C][O][=N][C][C][C][C][C][C][C][C][C][N][=C][Branch1][C][O][C][Branch1][C][O][=C][Branch1][C][O][C][Branch1][C][O][=C][Ring1][N][C][=Branch1][C][=O][O][C][Ring2][Ring1][N][=N][=O],-0.08483076727225777
538.5260000000004,2.4105999999999996,11,6,226.46999999999997,15,0.02581213958371987,4.726205131906257,1,[C][O][C][Branch1][C][O][=N][C][=C][C][C][=C][Branch1][C][O][C][=Branch1][Ring2][=C][Ring1][#Branch1][C][C][C][C][C][C][C][=Branch1][C][=O][C][Branch1][C][O-1][=C][Branch1][C][O][C][Branch1][C][O][=C][Ring1][=Branch2][C][=Branch1][C][=O][O][C][Branch1][C][O][C][C][C][=Branch1][C][=O][O],-0.08494579627032839
498.48500000000024,2.712300000000001,11,5,196.93,4,0.1652662140676245,5.960388126159964,2,[C][O][C][Branch1][C][O][=N][C][=C][Branch1][C][O][C][C][C@H1][Branch1][C][O][C][C][C][C][C][C@@H1][Branch1][C][O][C][=Branch1][C][=O][C][=C][Branch1][C][O][C][Branch1][C][O][=C][Ring1][=Branch2][C][=Branch1][C][=O][O][C][Branch1][C][O][=N][C][C][Ring2][Ring1][Branch2],-0.08497403897661952
473.4750000000003,2.6660000000000013,11,6,195.57,10,0.11804687947370474,4.904587547657927,1,[C][C][C][Branch1][C][O][C][C][C][C][C][Branch1][C][O][C][C][=C][Branch1][C][O][C][Branch1][C][O][=C][Branch1][C][O][C][Branch1][C][O][=C][Ring1][N][C][=Branch1][C][=O][O][C][C][=Branch1][C][=O][O][C][Branch1][C][O][=N][C][C][Ring2][Ring1][Branch2],-0.08498977879721774
542.5340000000004,2.5041,12,6,217.34999999999997,14,0.06116892342794656,4.630427383055796,1,[C][C][=C][Branch1][C][C][C][C][C][Branch1][C][O][=C][C][Branch1][C][O][=C][Ring1][=Branch2][C][=Branch1][C][=O][O][C][C][=Branch1][C][=O][O][C][Branch1][C][O][C][C][C][=Branch1][C][=O][O][C][Branch1][C][O][C][C][=C][Branch1][C][O][C][C][C][C][=Branch1][C][=O][O],-0.08508380706103925
501.53300000000036,2.7126,11,5,202.71999999999994,4,0.16388704029568563,5.5223992166276,1,[C][C][Branch1][C][C][C][O][C][Branch1][C][O][=N][C][Branch1][C][C][C][C][C][C][Branch1][C][C][=C][C][Branch1][C][O][=C][Branch1][C][N][C][C][Branch1][C][O][=N][O][C][=Branch1][C][=O][O][=C][Branch1][C][O][C][C][O][C][Ring2][Ring1][Branch2][=O],-0.08509525225299007
457.4800000000002,2.51467,9,7,205.48,12,0.09926263730281114,4.746591702511756,1,[C][C@H1][Branch1][C][O][C][C][C][C][Branch1][C][O][=N][C][C][C][C][C][N][=C][Branch1][C][O][C][C][O][C][=C][Branch1][C][O][C][Branch1][C][O][=C][Ring1][=Branch2][C][=Branch1][C][=O][O][C][Branch1][C][O][=N][Ring2][Ring1][Branch2][=N][O],-0.0852422138614427
541.5100000000006,2.5526,12,5,217.23999999999998,1,0.14991925688267682,5.47753197789782,2,[C][O][C][Branch1][C][O][=N][C][=C][C][=C][Branch1][C][O][C][Branch1][C][O][=C][Ring1][Branch2][C][=Branch1][C][=O][O][C@H1][Branch1][C][O][C][C][C][C][C][C][=Branch1][C][=O][O][C][Branch1][C][O][=N][C][C][C][C][C][C][=Branch1][C][=O][N][Ring2][Ring1][N][O],-0.08564462621787888
542.4940000000005,2.4611800000000006,14,6,237.81999999999996,16,0.05398784587422082,4.60485636416914,1,[C][O][C][C][C][C][O][C][Branch1][C][O][=C][Branch1][C][O][C][C][C][=C][Branch1][C][O][C][Branch1][C][O][=C][Branch1][Ring1][O][C][C][=Branch1][C][=O][O][C][C][C][=Branch1][C][=O][O][C][Branch1][Ring1][C][#N][C][Branch1][C][O][=N][C][Branch1][C][O][=C][Ring1][=Branch2],-0.08639490105324595
456.4440000000003,2.505700000000001,11,5,180.04999999999998,9,0.19530771410040107,5.056831980483696,1,[C][C][Branch1][C][C][C@@H1][Branch1][C][O][C][C][C][C][=Branch1][C][=O][O][C][=C][Branch1][C][O][C][=C][Branch1][C][O][C][=C][Ring1][N][C][=Branch1][C][=O][O][C][Branch1][C][O][=C][Branch1][C][O][C][C][C][=Branch1][C][=O][O][C][Ring2][Ring1][Branch2],-0.08714183234245133
503.5450000000002,2.7174000000000005,11,6,200.01,18,0.07412619739503486,4.740149928705142,1,[C][C][C][C][C][C@H1][Branch1][C][O][C@H1][Branch1][C][O][C][C][=C][Branch1][C][O][C][C][C][C][C@H1][Branch1][C][O][=C][Branch1][C][O][C][C][=Branch1][C][=O][O][C@H1][Branch1][#Branch1][O][C][=Branch1][C][=O][O][C][=N][C][=Branch1][Ring2][=C][O][Ring1][Branch1],-0.08724855127737101
543.5220000000005,2.4821999999999997,13,4,207.70999999999995,11,0.09716631687029442,5.1897212146707705,2,[O][=C][Branch1][C][O][C][C][C][C][C][C][C][C][C][Branch1][C][O][=C][Branch1][C][O][C][Branch1][C][O][=C][Ring1][=Branch2][O][C][C][=Branch1][C][=O][O][C][C][C][=Branch1][C][=O][O][C][Branch1][#Branch1][O][C][=N][C][C][C][C][=Branch1][C][=O][O][Ring2][Ring1][=N],-0.0873347143809389
456.4480000000003,2.48057,11,7,202.34999999999997,6,0.22968713650049993,6.104391046544281,2,[C][C][C][Branch1][C][O][C][C][C][C][C][Branch1][C][O][C][=C][Branch1][C][O][C][Branch1][C][O][=C][Branch1][C][O][C][Branch1][C][O][=C][Ring1][O][C][=Branch1][C][=O][O][C][Branch1][C][O][=N][C][C][C][=Branch1][C][=N][O][C][Ring2][Ring1][Branch2],-0.08745004745567544
508.52800000000036,2.2854000000000005,11,5,191.86,9,0.22787942194890473,6.124056578067879,2,[C][C][C@H1][Branch1][C][C][C][O][C][C][Branch1][C][O][=N][C][=C][Branch1][C][O][C][C][=C][Branch1][C][O][C][C][=C][Ring1][N][C][=Branch1][C][=O][O][C][Branch1][C][O][=N][C][C][=Branch1][Ring2][=N][Ring1][N][=N][C][C][C][C][=Branch1][C][=O][O],-0.08751807091109805
456.4000000000003,2.4742000000000006,11,5,197.11999999999998,5,0.2995603584040347,5.730828112851721,2,[C][C][C][C][C][C][C][Branch1][C][O][=C][C][Branch1][C][O][=C][Branch1][C][O][C][Branch1][C][O][=C][Ring1][N][C][=Branch1][C][=O][O][C@H1][Branch1][#Branch1][C][C][=Branch1][C][=O][O][C][C][=Branch1][C][=O][O][C][=Branch1][C][=O][O][C][Ring2][Ring1][O],-0.0878085553918289
495.4410000000004,2.7193000000000005,10,4,206.13,1,0.25291679412646123,4.360711661860947,2,[C][O][C][Branch1][C][O][=N][C][=C][C][=C][Branch1][C][O][C][Branch1][C][O][=C][Ring1][Branch2][C][=Branch1][C][=O][O][C][C][C][C][C][C][=Branch1][C][=O][N][=C][Branch1][C][O][C][C][C][C][=Branch1][C][=O][O][C][Branch1][C][O][=N][Ring2][Ring1][Branch2],-0.08819260923682903
512.4680000000003,2.2880000000000003,12,4,202.99999999999997,2,0.31076998102926506,4.678203103459584,2,[C][C][C][C][Branch1][C][O][=C][C][Branch1][C][O][=C][Branch1][C][O][C][Branch1][C][O][=C][Ring1][=Branch2][C][=Branch1][C][=O][O][C][C][C][C][C][Branch1][C][O][=N][C][C][=Branch1][C][=O][O][C][Branch1][C][O][=N][C][C][C][=Branch1][C][=O][O][=C][Ring2][Ring1][=Branch2],-0.08839029412780576
498.4810000000004,2.279,11,4,186.12,10,0.1597487206571904,5.211518422082165,2,[C][C][C][C][C][C][C@H1][Branch1][C][C][O][C][C][=C][C][Branch1][C][O][=C][Branch1][C][O][C][Branch1][C][O][=C][Ring1][=Branch2][C][=Branch1][C][=O][O][C][C][=Branch1][C][=O][O][C@H1][Branch1][#Branch1][C][C][=Branch1][C][=O][O][C][=Branch1][C][=O][O][C][Ring2][Ring1][Branch2],-0.08845218733304452
530.6550000000003,2.6602000000000006,10,3,148.82,11,0.2687779541930473,5.45469727094755,1,[C][C][C@H1][Branch1][C][C][C][C@H1][Branch1][C][O][C@@H1][Branch1][C][C][C@H1][Branch1][C][O][C][C][C][C][=C][C][=Branch1][C][=O][O][C@H1][Branch1][C][O][C][C][C][=Branch1][C][=O][O][=C][Branch1][Branch1][C][O][C][C][C][C][C][=Branch1][C][=O][O][C][Ring2][Ring1][Branch2],-0.08868575139220565
502.51700000000034,2.2781000000000002,11,4,193.76999999999998,11,0.23900421737313288,5.066583101782065,1,[C][C][Branch1][C][C][O][C][C][C][C][C][C][C][C][C@H1][Branch1][Ring1][C][O][C][=N][C][Branch1][C][O][=C][Branch1][=Branch1][C][=Branch1][C][=O][O][C][=Ring1][Branch2][O][C][=Branch1][C][=O][O][C][C][=Branch1][C][=O][O][C][Branch1][C][O][=N][Ring2][Ring1][Branch2],-0.08890263638385529
539.5820000000002,2.6016800000000004,11,6,222.48999999999995,10,0.10237001731515234,5.55884957635428,1,[C][C][C][C][C][C@H1][Branch1][C][O][C][C][Branch1][C][O][=N][C][C][C][C][C][C@H1][Branch1][Ring1][C][#N][C][=C][Branch1][C][O][C][Branch1][C][O][=C][Ring1][=Branch2][C][=Branch1][C][=O][O][C][C][C][=Branch1][C][=O][O][C][Branch1][C][O][C][Branch1][C][O][=N][Ring2][Ring1][Branch2],-0.08900084538924383
509.52800000000036,2.7183,11,5,186.04,11,0.09702699408128056,5.02020618236124,2,[C][C][C][C][C][C@H1][Branch1][C][O][C][=C][Branch1][C][O][C][=C][Branch1][C][O][C][Branch1][C][O][=C][Ring1][=Branch2][C][=Branch1][C][=O][O][C][C][=Branch1][C][=O][O][C][Branch1][C][O-1][C][C][Branch1][C][O][C][C][C][C][=C][C][Branch1][C][O][=C][Ring1][=Branch2],-0.08937512817333489
476.47500000000036,2.3085000000000004,12,5,181.43999999999997,13,0.11334795669766726,5.233150258156196,1,[C][O][C][Branch1][C][O][C][C][C][C][C][Branch1][C][O][C][C][C][=C][Branch1][C][O][C][Branch1][C][O][=C][Branch1][C][O][C][Branch1][C][O][=C][Ring1][=N][C][C][=Branch1][C][=O][O][C][Branch1][#Branch1][O][C][C][=Branch1][C][=O][O][C][Ring2][Ring1][Branch2],-0.08989584250675837
483.47000000000025,2.2910000000000004,11,4,177.91999999999996,4,0.3404541835705704,5.611088068555849,2,[C][C][C][C][C][C][C@H1][Branch1][C][C][O][C][=C][Branch1][C][O][C][=C][Branch1][C][O][C][=C][Ring1][N][C][=Branch1][C][=O][O][C@H1][Branch1][=Branch1][C@H1][Branch1][C][C][O][C][=Branch1][C][=O][N][C][=Branch1][C][=O][O][C][=Branch1][C][=O][O][C][Ring2][Ring1][=C],-0.0898995194647888
460.43600000000026,2.6083,12,5,185.59999999999997,2,0.37979789460570557,5.888090990932188,1,[C][C][Branch1][C][C][C][C][Branch1][C][C][O][C][=C][N][C][Branch1][C][O][C][=C][Branch1][C][O][C][Branch1][C][O][=C][Ring1][N][O][C][=Branch1][C][=O][O][C][Branch1][C][C][O][C][=Branch1][C][=O][O][C][Branch1][C][O][=N][C][Ring2][Ring1][N],-0.09021010355830389
536.5710000000005,2.6323000000000008,13,5,198.50999999999996,20,0.050043349024183836,4.571788920426426,0,[C][O][C][O][C][Branch1][C][O][=C][C][Branch1][C][O][C][Branch1][C][O][=C][Ring1][Ring1][C][C][=Branch1][C][=O][O][C][Branch1][C][O][C][C][=Branch1][C][=O][O][C][=Branch1][C][=O][O][C][C][Branch1][C][O][C][C][C][C][C][C][C][C][C],-0.09027889323646016
498.48900000000026,2.274400000000001,9,6,212.09,5,0.10689675556691883,5.087455018268014,1,[C][O][C][C][O][C][Branch1][C][O][=N][C][=C][Branch1][C][O][C][C][C][C][C][=C][Branch1][C][O][C][=C][Ring1][#C][N][C][=Branch1][C][=O][N][=C][Branch1][C][O][C][Branch1][C][O][=N][C][C][C][=Branch1][C][=O][O][C][Ring2][Ring1][Branch2],-0.09029058690694138
484.4540000000003,2.2876000000000003,11,6,200.27999999999997,14,0.0562579677945646,3.1897422964363953,1,[O][=C][Branch1][C][O][C][C][C][C][C][C][=C][C][Branch1][C][O][=C][Branch1][C][O][C][=Branch1][Ring2][=C][Ring1][Branch2][C][C][O][C][Branch1][C][O][=C][C][Branch1][C][O][=C][Branch1][C][O][C][=Branch1][C][=O][O][C][C][=Branch1][C][=O][O][C][Ring2][Ring1][=Branch1],-0.09047051488744796
512.4680000000002,2.719900000000001,11,6,217.15999999999997,8,0.07395774140747233,4.7376625520013205,2,[C][O][C][C][O][C][Branch1][C][O][=N][C][C][C][C][C][C][C][C][=C][Branch1][C][O][C][=C][Branch1][C][O][C][Branch1][C][O][=C][Ring1][=Branch2][C][=Branch1][C][=O][O][C][Branch1][C][O][=N][C][=Branch1][C][=O][O][C][Branch1][C][O][=C][Ring2][Ring1][Branch2],-0.0914262855857115
529.5910000000002,2.3257800000000017,10,5,219.13999999999996,18,0.05729774504568283,4.681354325488201,0,[C][O][C][Branch1][C][O][C][C][O][C][Branch1][C][O][=N][C][C][C][C][C][C][C][N][=C][Branch1][C][O][C][Branch1][C][O][=N][C][Branch1][Ring1][C][#N][C][Branch1][C][O][=N][C][C][C][=Branch1][C][=O][O][=C][Branch1][C][C][C][Ring2][Ring1][N],-0.09142716482534038
513.5000000000003,2.7184999999999997,11,6,220.29,4,0.10539506579361163,5.582034154389211,2,[C][C][C][C][C][C@H1][Branch1][C][O][C@H1][Branch1][C][O][C][C][C][C][C][N][=C][Branch1][C][O][C][=C][Branch1][C][O][C][Branch1][C][O][=C][Ring1][N][C][=Branch1][C][=O][O][C][=Branch1][C][=O][O][C][C][Branch1][C][O][=N][C][Ring2][Ring1][N][=N][O],-0.0914754611904199
474.5070000000003,2.6900999999999997,10,8,212.85999999999996,8,0.19006884404455177,5.421080940956542,1,[C][C][C][Branch1][C][O][C][C][C][C][C][C][C][Branch1][C][O][=C][Branch1][C][O][C][C][Branch1][C][O][=C][Branch1][C][O][C][C][C][Branch1][C][O][=N][C@H1][Branch1][Ring1][C][O][C][=Branch1][C][=O][O][C][Branch1][C][O][=N][Ring2][Ring1][Branch2],-0.09155137244192423
515.5120000000003,2.7170000000000005,11,4,190.63999999999996,6,0.23004487259229328,5.334296603001494,1,[C][C][O][C][=C][C][Branch1][C][O][=C][Branch1][C][O][C][C][C][Branch1][C][O][=C][Ring1][N][C][=Branch1][C][=O][O][C][Branch1][C][O][C][C][C][C][C][=Branch1][C][=O][N][=C][Branch1][C][O][C][C][=Branch1][C][=O][O][C][Branch1][C][C][O][=C][Ring2][Ring1][Branch2],-0.09217770107786412
546.5220000000005,2.4876999999999994,12,6,226.57999999999996,18,0.08245854799538917,4.272601094780964,1,[C][O][C][C][C][Branch1][C][O][=C][C][Branch1][C][O][=C][Branch1][C][O][C][Branch1][C][O][=C][Ring1][=Branch2][C][C][=Branch1][C][=O][O][C@H1][Branch1][#Branch1][C][C][=Branch1][C][=O][O][C][C][=Branch1][C][=O][O][C][Branch1][C][O][C][C][C][C][C][C][C][=Branch1][C][=O][O],-0.09317398958937086
454.52800000000036,2.4461000000000017,10,7,211.86,10,0.11234675664024446,5.489377532051805,1,[C][C][C][C@H1][Branch1][C][C][O][C][C][Branch1][C][O][=N][C][Branch1][C][O][=C][C][Branch1][C][O][=C][Branch1][C][O][C][C][C][C][C][N][=C][Branch1][C][N][N][=C][Branch1][C][O][C][C][Branch1][C][N][=N][Ring1][=N][C][=Branch1][C][=O][O][Ring2][Ring1][=C],-0.09346467105810537
497.59300000000036,2.26594,10,8,199.29,20,0.05374687387545606,5.030217338555014,0,[C][C][C][Branch1][C][O][C@@H1][Branch1][C][C][C][C][C][=Branch1][C][=O][N][C][=C][N][Branch1][C][O][C][=C][Branch1][C][O][C][C][=Branch1][Ring2][=N][Ring1][Branch1][C][=C][O][C][C][C][=Branch1][Ring2][=N][Ring1][Branch1][C][N][C][C][C][=Branch1][C][=O][O],-0.09374768248868869
532.4950000000003,2.6701000000000006,13,5,215.57999999999996,15,0.0721480387071965,4.379164778766107,1,[C][C][C][C][C][C][C@H1][Branch1][C][C][O][C][C][=C][C][Branch1][C][O][=C][C][Branch1][C][O][=C][Ring1][Branch2][O][C][=Branch1][C][=O][O][C@H1][Branch1][C][O][C][C][=Branch1][C][=O][O][C][=Branch1][C][=O][O][C][Branch1][C][O][C][C][=Branch1][C][=O][O][Ring2][Ring1][=N],-0.09409113507658477
543.5660000000005,2.4062,13,5,190.30999999999997,12,0.1044401962735464,5.710139305058086,2,[C][C][C@H1][Branch1][C][O][C@@H1][Branch1][C][C][C][=Branch1][C][=O][O][C][=C][Branch1][C][O][C][=C][Branch1][C][O][C][=Branch1][Ring2][=C][Ring1][N][C][C][C][C][C][C][=Branch1][C][=O][O][O][C][C@@H1][Branch1][C][O][=C][Branch1][C][O][C][C][C][C][=Branch1][C][=O][O][=N][Ring1][Branch2],-0.09486693746506296
545.4940000000003,2.567800000000001,13,7,242.09999999999994,8,0.05788093306829266,5.632980056418611,1,[C][O][C][Branch1][C][O][=N][C][=C][C][Branch1][C][O][=C][Branch1][C][O][C][C][C][C][C@@H1][Branch1][C][O][C@H1][Branch1][Branch2][C][O][C][=Branch1][C][=O][O][C][C][=Branch1][C][=O][O][C][=C][Branch1][C][O][C][Branch1][C][O][=C][Ring1][S][C][C][=Branch1][C][=O][O][=C][Ring2][Ring1][Branch2],-0.09494372303633407
547.6020000000004,2.4972000000000008,13,6,208.95999999999998,8,0.11203391949679468,5.503575463928244,1,[C][C][C][C][C][C][C][Branch1][C][C][O][C][C@H1][Branch1][C][O][=N][C][C][C][C][Branch1][C][O][=C][Branch1][C][O][C][C][C][N][=C][Branch1][Ring1][O][C][=C][Branch1][C][O][C][=Branch1][C][=O][O][C][Ring2][Ring1][Branch2][=N][O][C][=Branch1][C][=O][O],-0.09521058773056788
485.5820000000003,2.2722000000000016,8,8,199.58999999999997,18,0.027259748338421586,4.655779982740369,0,[C][C][Branch1][C][C][Branch1][C][O][=C][C][Branch1][C][O][C][C][C][C][C][Branch1][C][O][=N][C][C][Branch1][C][O][=N][C][C][C][C][C][C][Branch1][=Branch1][C][=O][O][=C][Branch1][Ring1][C][#N][C][Branch1][C][O][=N][NH1][C][Branch1][C][O][=C][Ring1][=Branch2],-0.09557389442729566
500.4970000000004,2.7394000000000016,11,6,200.27999999999997,6,0.23033018844437364,5.020226676357121,2,[C][C][C][C][C][C][O][C][Branch1][C][O][C][=C][Branch1][C][O][C][C][C][Branch1][C][O][=C][Branch1][C][O][C][Branch1][C][O][=C][Ring1][=C][C][=Branch1][C][=O][O][C@H1][Branch1][#Branch1][C][C][=Branch1][C][=O][O][C][C][C][=Branch1][C][=O][O][C][Ring2][Ring1][=C],-0.09576515877917254
486.42600000000033,2.7296,13,5,206.34999999999997,4,0.28638503785188196,5.279172062322682,2,[C][C][C][Branch1][C][O][C][C][C][C][C][C][C][C@@H1][Branch1][C][O][C][=C][C][Branch1][C][O][=C][Branch1][C][O][C][Branch1][C][O][=C][Ring1][N][C][=Branch1][C][=O][O][C][=Branch1][C][=O][O][C][=Branch1][C][=O][O][C][=Branch1][C][=O][O][Ring2][Ring1][N],-0.09576846821370782
468.4590000000003,2.6819000000000015,11,5,178.57999999999998,6,0.28569559021274354,6.2111032291337205,2,[C][O][C][C][Branch1][C][O][=C][C][Branch1][C][O][=C][Branch1][C][O][C][Branch1][C][O][=C][Ring1][N][C][C][=Branch1][C][=O][C][C][C@H1][Branch1][#Branch1][C][C][=Branch1][C][=O][O][=N][O][C][=Branch1][Branch1][=C][O][Ring1][Branch1][C][=N][C][C][C][Ring2][Ring1][Branch1],-0.0962982675025881
540.5660000000003,2.369100000000002,12,5,193.43999999999994,13,0.09960129765625815,5.496879118305596,1,[C][O][C][=C][C][Branch1][C][O][=C][Branch1][C][O][C][C][=Branch1][Ring2][=C][Ring1][Branch1][C][C][C][C][C][=Branch1][C][=O][C@@H1][Branch1][#Branch1][C][C][C][=Branch1][C][=O][O][C][C][=Branch1][C][=O][N][C][=Branch1][Branch1][=N][Ring2][Ring1][C][=C][O][C][Branch1][C][O][=C][Branch1][C][O][C][O][C],-0.09656071159638371
507.6360000000002,2.7384699999999995,10,5,192.29999999999998,10,0.23374348302257597,5.782679914729146,2,[C][C][C][C][C][C][C][C][C][C@H1][Branch1][C][O][C][C@H1][Branch1][C][O][C][C][C][C][C@H1][Branch1][C][O][C][=N][O][C][=Branch1][Ring2][=N][Ring1][Branch1][C][=N][C][Branch1][C][N][=N][C][=Branch1][Ring2][=N][Ring1][O][N][C][C][Ring2][Ring1][=Branch1][=O],-0.09660281842679319
541.5540000000003,2.6247700000000007,12,7,220.44999999999996,7,0.08124933817427979,5.920324724283274,2,[C][O][C][Branch1][C][O][=N][C][=C][C][Branch1][C][O][=C][Branch1][C][O][C][C][C][C][C][C][C@@H1][Branch1][C][C][C@@H1][Branch1][C][O][C][C][C@H1][Branch1][#Branch1][O][C][=Branch1][C][=N][O][C][=Ring1][Branch2][=N][O][C][=Branch1][C][=O][C][C][C][=Branch1][C][=O][O][Ring2][Ring1][Branch2],-0.09694198330960706
515.5120000000004,2.7297000000000002,13,6,201.30999999999997,11,0.10154496933381117,5.637748839703896,1,[C][C][C][C][C][C@H1][Branch1][C][O][C@H1][Branch1][C][O][C][C][=C][Branch1][C][O][C][=C][Branch1][C][O][C][Branch1][C][O][=C][Ring1][N][C][=Branch1][C][=O][O][C][=Branch1][C][=O][O][C@H1][Branch1][Branch2][C][C][C][C][=Branch1][C][=O][O][=N][C][Branch1][C][O][=C][Ring2][Ring1][Branch2],-0.09697640422288335
544.5540000000003,2.59589,12,5,219.98999999999995,11,0.083256119339184,5.91694452030424,1,[C][O][C][Branch1][C][O][=N][C@H1][C][C][C][C][C][Branch1][C][O][=N][C][C][C][C][C][C][C@@H1][Branch1][Ring1][C][O-1][C][C@H1][Branch1][C][O][C][=Branch1][C][=O][O][O][C][=Branch1][C][=O][O][C][=C][Branch1][C][O][C][Branch1][C][O][=C][Ring2][Ring1][=Branch1],-0.09701246517845069
494.50100000000026,2.7442800000000016,10,8,224.95999999999998,2,0.1589809366605063,5.036516317988369,1,[C][O][C][Branch1][C][O][=N][C][=C][Branch1][C][O][C][C][C][C][Branch1][C][O][=C][Branch1][C][O][C][C][C][C][=Branch1][C][=O][N][C][=C][Branch1][C][O][C][Branch1][C][O][=C][Branch1][Ring1][C][#N][C][C][C][C][=Branch1][C][=O][N][Ring2][Ring1][O],-0.09832899342513435
511.52400000000046,2.7395000000000005,11,5,192.41,5,0.20694677695989666,5.127340448095503,2,[C][C][C][C][C][C][C][C][C][C][C@H1][Branch1][C][O][C][=C][C][Branch1][C][O][=C][Branch1][C][O][C][Branch1][C][O][=C][Ring1][N][C][=Branch1][C][=O][O][C][C][=Branch1][C][=O][O][C][Branch1][C][O][=N][C][C][C][=Branch1][C][=O][O][Ring2][Ring1][=C],-0.0985334983850674
516.4960000000003,2.7338000000000005,13,7,212.66999999999996,7,0.1474166670177653,5.7529817068367635,2,[C][O][C][Branch1][C][O][C][C][=C][Branch1][C][O][C][C][=C][Branch1][C][O][C][C][C][C][C][Branch1][C][O][=C][Branch1][C][O][C][C][Branch1][C][O][=C][Ring1][N][O][C][=Branch1][C][=O][O][C@H1][Branch1][Ring1][C][O][C][=Branch1][C][=O][O][C][C][Ring2][Ring1][Branch2],-0.09916885833768622
509.5280000000004,2.25629,10,4,169.04999999999998,11,0.19600557728853077,5.566157654990956,2,[C][C@H1][C][C][C][C][O][C][=C][C][=C][Branch1][C][O][C][=C][Ring1][#Branch1][C][=Branch1][C][=O][O][C][=C][Branch1][Branch1][C][O][C][Branch1][C][O][=C][Branch1][C][O][C][C][C][=Branch1][C][=O][O][C@H1][Branch1][#Branch1][C][C][=Branch1][C][=O][O][C][Ring2][Ring1][N],-0.09932905613162767
455.46000000000026,2.3888000000000003,8,6,194.17999999999998,8,0.17960691083547753,4.688523398599807,1,[C][C][Branch1][C][C][C@H1][Branch1][C][O][C][C][=Branch1][C][=O][N][=C][Branch1][C][O][C][C][C][Branch1][C][C][=C][Branch1][C][O][C][=C][Branch1][C][O][C][Branch1][C][O][=C][Ring1][N][C][=Branch1][C][=O][O][C@@H1][Branch1][C][C][C][C][=Branch1][C][=O][O],-0.09956764936464
527.5270000000003,2.2909699999999997,12,7,231.77999999999994,5,0.09004192446808018,6.038568764878646,1,[C][O][C][Branch1][C][O][=N][C][=C][C][=C][Branch1][C][O][C][C][C][C][C][C@@H1][Branch1][C][O][C@H1][Branch1][C][O][C][=Branch1][C][=O][C@@H1][Branch1][#Branch1][O][C][=Branch1][C][=O][O][C][=N][C][C][C][C][=Branch1][Branch2][=C][O][C][Ring2][Ring1][Branch2][=N][O],-0.10010948736258755
543.5660000000004,2.6241000000000003,12,4,190.63999999999996,17,0.056162186611423005,4.147125159812273,1,[C][C][C][C][C][C][C@H1][Branch1][C][C][O][C][C][=C][C][Branch1][C][O][=C][C][Branch1][C][O][=C][Ring1][Branch2][O][C][C][=Branch1][C][=O][O][C][Branch1][C][O][C][C][=Branch1][C][=O][O][C][Branch1][C][O][=N][C][C][C][=Branch1][C][=O][O][=C][Ring2][Ring1][=C],-0.1002801826085301
547.6020000000003,2.5817000000000005,12,6,208.95999999999998,20,0.02470457327729063,4.631367154740422,0,[C][O][C][Branch1][C][O][=N][C][=C][Branch1][C][O][C][Branch1][C][O][C][=C][Ring1][Branch2][C][=Branch1][C][=O][O][C][C][C][C][C][C@H1][Branch1][C][O][C][C][C][C][=Branch1][C][=O][O][=N][O][C][Branch1][C][O][=N][C][C][C][C][C][Ring2][Ring1][Branch2],-0.10065676338925336
527.5270000000004,2.2874000000000008,12,4,206.12999999999997,6,0.22376854749220174,5.069094199229138,1,[C][C][C][C][C][C@H1][Branch1][C][O][C][C][Branch1][C][O][=N][C][C][C][=C][Branch1][C][O][C][=C][Ring1][Branch2][C][=Branch1][C][=O][O][C][C][=Branch1][C][=O][O][C][Branch1][C][O][=N][C][Branch1][C][O][=N][C][C][C][C][=Branch1][C][=O][O][Ring2][Ring1][N],-0.10130520478238042
516.5480000000002,2.260300000000001,11,6,206.45999999999995,10,0.0815670798764404,5.406131763840656,1,[C][O][C][C][C][C][Branch1][C][O][=N][C][C][C][C][C@@H1][Branch1][C][O][C][C][C][C][=C][N][Branch1][C][O][C][Branch1][C][O][=N][C][Branch1][C][O][=N][O][C][C][=Branch1][C][=O][O][C][C][Ring2][Ring1][Ring2][=C][O],-0.1014313542056891
487.4830000000003,2.2542000000000004,13,5,202.90999999999994,3,0.1365813924842103,5.306171639803715,2,[C][C][C][C][C][C][C@H1][Branch1][C][C][C][=Branch1][C][=O][C@@H1][Branch1][C][O][S][C][=C][Branch1][C][O][C][=C][Branch1][C][N][C][Branch1][C][O][=C][Ring1][=Branch2][C][=Branch1][C][=O][O][C][=Branch1][C][=O][O][C][=Branch1][C][=O][O][C][Ring2][Ring1][N][O],-0.10145700348423434
532.5430000000003,2.6969000000000016,13,6,227.65999999999997,17,0.0182327984323455,4.705678220385382,0,[C][O][C][C][C][C][Branch1][C][O][=N][C][=C][C][Branch1][C][O][=C][Branch1][C][O][C][C][C][Branch1][C][O][=C][Ring1][=Branch2][C][=Branch1][C][=O][O][C][=Branch1][C][=O][O][C][C][C][C][C@H1][Branch1][C][C][C@H1][Branch1][C][O][C][=Branch1][C][=O][O][=N][Ring2][Ring1][O],-0.10217301500885737
456.4520000000002,2.6346000000000003,10,5,195.35,5,0.3049330269405415,5.575022214955108,2,[C][C][Branch1][C][C][C][C][Branch1][C][O][C][C][C][Branch1][C][O][=N][O][C][C][C][N][=C][Branch1][C][O][C][C][C][Branch1][C][O][=N][C][Branch1][C][O][=C][Ring1][=N][C][Branch1][C][O][=N][O][C][Ring2][Ring1][=Branch1][=O],-0.10239364636538702
485.5300000000002,2.747300000000001,10,8,197.01,13,0.08258228634642825,5.3169750723561275,1,[C][C][C][C][C][C][C@H1][Branch1][C][O][C@@H1][Branch1][C][O][C][C][C][C][=C][C][Branch1][C][O][=C][Branch1][C][O][C][Branch1][C][O][=C][Ring1][N][C][=Branch1][C][=O][O][C@H1][Branch1][#Branch1][C][C][=Branch1][C][=O][O][=N][C][=Branch1][Branch1][=C][O][Ring1][=Branch2],-0.10306643488546624
496.5170000000003,2.24157,10,4,203.17999999999998,12,0.10191131350456283,5.289414131753552,1,[C][C][C][Branch1][C][C][C@H1][Branch1][C][C][O][C][=Branch1][C][=O][N][=C][Branch1][C][N][C][=Branch1][C][=O][O][C][C][=Branch1][Ring2][=N][Ring1][N][C][=C][Branch1][C][O][C][C][C][=Branch1][Ring2][=N][Ring1][Branch1][C][=C][O][C][Branch1][C][O][C][C][C][=Branch1][C][=O][O],-0.10360644545586922
519.5000000000003,2.26,14,6,202.7,14,0.06406987207496917,5.345249050553942,1,[C][O][C][Branch1][C][O][C][C][=C][Branch1][C][O][C][C][Branch1][C][O][=C][Branch1][C][O][C][Branch1][C][O][=C][Ring1][=N][C][=Branch1][C][=O][O][C][Branch1][C][O][C][C][C][=Branch1][C][=O][O][=N][O][C][C][C][C][C][=C][O][C][Ring2][Ring1][#Branch1],-0.1036194962350236
546.5460000000004,2.6154899999999994,13,7,225.02999999999994,16,0.036933644589621534,5.282077463755127,1,[C][O][C][Branch1][C][O][=N][C@H1][C][C][C][C][C][=Branch1][C][=O][O][C][=C][Branch1][C][O][C][Branch1][C][O][=C][Branch1][C][O][C][C][C][C@H1][Branch1][Ring2][C][C][Branch1][C][O][=C][Branch1][C][O][C][C][=Branch1][C][=O][O][=C][O][C][Branch1][C][O][=C][Ring1][=Branch2],-0.10392396682190362
542.4940000000004,2.3499000000000008,12,7,245.22999999999996,13,0.07649926720304256,5.323483706933159,1,[C][O][C][C][C][C][O][C][=C][C][Branch1][C][O][=C][Branch1][C][O][C][Branch1][C][O][=C][Ring1][N][C][C][=Branch1][C][=O][O][C][Branch1][C][O][=N][C][C][=Branch1][C][=O][C][C][C][Branch1][C][O][=N][C][Branch1][C][O][=C][Ring1][=Branch2][C][C][=Branch1][C][=O][O],-0.10405653148169071
472.4870000000002,2.2789,10,5,180.04999999999998,6,0.3578072106193812,5.3795137726708475,1,[C][C][Branch1][C][C][C][C@H1][Branch1][C][C][C@@H1][Branch1][C][O][C@@H1][Branch1][Branch2][C][C][C][=Branch1][C][=O][O][O][C][C][C][=Branch1][C][=O][O][C][=C][Branch1][C][O][C][=C][Branch1][C][O][C][Branch1][C][O][=C][Ring1][N][C][=Branch1][C][=O][O][C][Ring2][Ring1][Branch2],-0.10416090569882708
448.46500000000026,2.537700000000001,11,6,183.20999999999998,16,0.06702106364119413,4.213867942269671,0,[C][O][C][Branch1][C][O][C][C][O][C][C][Branch1][C][O][=C][Branch1][C][O][C][C][C][C][C][=Branch1][C][=O][C][C][=C][Branch1][C][O][C][Branch1][C][O][=C][Branch1][C][O][C][C][=Branch1][C][=O][O][C][Ring2][Ring1][Branch1],-0.10416732357126156
545.5860000000004,2.3714700000000004,13,6,209.45,11,0.16321810292482963,5.6835708939306135,1,[C][C][C][C][C][C@H1][Branch1][C][O][C][C][C][C@H1][Branch1][C][O][C][=C][Branch1][C][O][C][=C][Branch1][C][O][C][C][=Branch1][Ring2][=N][Ring1][Branch2][O][C][Branch1][C][O][=N][C@H1][Branch1][Branch2][C][C][=Branch1][C][=O][O][C][C][C][=Branch1][C][=O][O][=N][O][C][Ring2][Ring1][Branch2],-0.10466865494502216
471.4150000000002,2.7218999999999998,12,5,193.79999999999998,4,0.17433602890738134,4.659012248185611,1,[C][O][C][C][O][C][Branch1][C][O][=N][C][=C][Branch1][C][O][C][C][C][C][C][=C][Branch1][C][O][C][=C][Ring1][S][C][=Branch1][C][=O][O][C][Branch1][C][O][=C][Branch1][C][O][C][=Branch1][C][=O][O][C][Branch1][C][O][=C][Ring2][Ring1][#Branch1],-0.10557815351671926
485.4860000000004,2.2443999999999997,11,6,195.57,6,0.18330348922427478,5.946241781871267,2,[C][C][C][C][C][C][O][C][Branch1][C][O][C][C][=C][Branch1][C][O][C][=C][Branch1][C][O][C][Branch1][C][O][=C][Ring1][N][C][C][=Branch1][C][=O][O][C][Branch1][C][O][C][=Branch1][C][=O][O][C][Branch1][C][O][=N][C][C][C][Ring2][Ring1][Branch2],-0.10628095964941217
452.3680000000002,2.3799,12,8,214.43999999999997,0,0.24864729211189882,5.822047811584051,2,[C][C][=C][Branch1][C][O][C][C][Branch1][C][O][=C][C][Branch1][C][O][=C][Branch1][C][O][C][Branch1][C][O][=C][Ring1][N][C][=Branch1][C][=O][C][=C][C][Branch1][C][O][=C][Branch1][C][O][C][=Branch1][C][=O][O][C][Branch1][C][O][C][C][=C][Ring2][Ring1][Branch2][O],-0.10669147714789552
501.5730000000003,2.7677999999999994,11,6,186.34,11,0.10632837864933949,5.051868389712404,1,[C][C][C][C][C][C][C][C][C][C][C][C@H1][Branch1][C][O][C][C@H1][Branch1][C][O][C@H1][Branch1][C][O][C][C][=Branch1][C][=O][O][C][C][=C][Branch1][C][O][C][Branch1][C][O][=C][Ring1][=Branch2][C][=Branch1][C][=O][O][C][Ring2][Ring1][Ring2][=N][O],-0.10716618737269676
503.4770000000004,2.76879,13,5,198.51,14,0.13176123952629995,4.690904949891047,1,[C][C][C][C][C@H1][Branch1][C][O][=C][C][Branch1][C][O][=C][Branch1][C][O][C][Branch1][C][O][=C][Ring1][=Branch2][C][=Branch1][C][=O][O][C@H1][Branch1][Branch1][C][O][C@H1][Branch1][C][O][C][C][C][=Branch1][C][=O][O][C][C][=Branch1][C][=O][O][C][=C][Branch1][C][O][C][Ring2][Ring1][Branch2],-0.10774065329298879
544.6020000000002,2.3475699999999997,11,6,223.91,5,0.27693918083076513,5.657854648205505,1,[C][C][C][C][C@H1][Branch1][C][O][=C][C][=C][Branch1][=Branch1][O][C][C][C][C][C][C@H1][Branch1][C][O][C@H1][Branch1][C][O][C][C][=Branch1][C][=O][O][C@@H1][Branch1][C][O][C][C][C][C][=Branch1][C][=O][N][=N][O][C][Branch1][C][O][=N][C][Ring2][Ring1][Branch2][=N],-0.10805062887369091
455.46000000000026,2.3459000000000003,10,6,186.34,5,0.3359267411780274,5.795920631394074,2,[C][C][C][Branch1][C][C][Branch1][C][O][C][C][C][C][C][C][=C][Branch1][C][O][C][Branch1][C][O][=C][Branch1][C][O][C][Branch1][C][O][=C][Ring1][N][C][=Branch1][C][=O][O][C][C][Branch1][C][O][=N][C][C][=Branch1][C][=O][O][C][Ring2][Ring1][=Branch1],-0.10832698648074676
488.4900000000004,2.7646700000000015,11,4,194.25999999999996,7,0.30376808419637963,4.96081966582871,1,[O][=C][Branch1][C][O][C][C][C][C][C][C][C@H1][Branch1][C][O][C][C@H1][Branch1][C][O][N][=C][Branch1][C][O][O][C][=Branch1][C][=O][O][C][=Branch1][Ring2][=N][Ring1][Branch1][C][=C][O][C][C][C][C][C][=Branch1][C][=O][O][C][Ring2][Ring1][Branch2],-0.10834183782823739
502.52100000000024,2.229340000000001,11,7,235.39999999999995,16,0.05337125269017725,4.827340546410988,0,[C][O][C][Branch1][C][O][=N][C][=C][Branch1][C][O][C][C][C][C][Branch1][C][O][=N][C][C][C][C][C][C@@H1][Branch1][C][O][C][=Branch1][C][=N][=C][Branch1][Branch2][C][C][=Branch1][C][=O][O][C][C][=Branch1][C][=O][O][C][Branch1][C][O][=N][Ring2][Ring1][=Branch1],-0.10838134276710139
517.6200000000003,2.2432700000000003,11,6,190.99,10,0.14223010018003715,5.592477046975827,1,[C][C][C][C][C][C][C@H1][Branch1][C][O][C@H1][Branch1][C][O][C@H1][Branch1][C][O][=N][C@H1][Branch1][C][C][C][C][C][C][C@@H1][Branch1][=Branch1][C][C][C][=O][N][=C][Branch1][C][O][C][C][=Branch1][C][=O][O][C][Branch1][C][O][=N][O][C][Ring2][Ring1][Branch2][=N],-0.10857027431115766
471.4590000000002,2.2685000000000004,11,7,198.72999999999996,7,0.12430734680724968,5.307622565848503,2,[C][O][C][C][O][C][Branch1][C][O][=N][C][C][C][C][C][C][C][C][=C][Branch1][C][O][C][Branch1][C][O][=C][Branch1][C][O][C][Branch1][C][O][=C][Ring1][N][C][=Branch1][C][=O][O][=C][Branch1][C][O][C][Branch1][C][O][=C][Ring2][Ring1][=Branch1],-0.10878012099643909
536.5790000000003,2.2984000000000018,10,5,213.80999999999995,20,0.03798206283392387,4.257419358332185,0,[C][O][C][O][C][Branch1][C][O][C][C][O][C][Branch1][C][O][=N][C][C][C][C][C][C][C][C][C][N][=C][Branch1][C][O][C][Branch1][C][O][=N][C][Branch1][C][O][=N][O][C][C][C][=Branch1][C][=O][O][C][Ring2][Ring1][N],-0.10888022117905516
470.4310000000004,2.270200000000001,11,6,206.64999999999998,4,0.25931548139308314,5.278592387761643,2,[C][C][C][Branch1][C][O][C][C][C][C][C][=Branch1][C][=O][N][C][=C][Branch1][C][O][C][Branch1][C][O][=C][Branch1][C][O][C][C][Branch1][C][O][=C][Ring1][N][C][=Branch1][C][=O][O][C][=Branch1][C][=O][O][C][Branch1][C][O][=N][C][C][Ring2][Ring1][O],-0.10930045491213586
514.6240000000001,2.765170000000002,11,5,192.98000000000002,21,0.05068623469391973,4.990992033580637,0,[C][C][Branch1][C][C][C@H1][Branch1][C][O][C][C][Branch1][C][O][=N][C][C][C][C][C][C@@H1][Branch1][C][C][=C][N][Branch1][C][O][C][C][N][=C][Branch1][C][O][C][=Branch1][Ring2][=N][Ring1][Branch1][C][=N][O][C][C][C][=Branch1][C][=O][O][N][=C][Ring2][Ring1][N],-0.11002666098723617
542.5900000000001,2.6743000000000023,10,7,236.89,13,0.04480976953470398,5.639637988463015,1,[C][O][C][C][O][C][Branch1][C][O][=N][C][=C][Branch1][C][O][C][C][C][C][C][C][N][=C][Branch1][C][O][C][Branch1][C][O][=N][C][C][Branch1][C][O][=N][C][Branch1][Ring1][O][=N][C][Branch1][C][O][=N][C][C][C][C][Ring2][Ring1][N][=C][Ring1][#C],-0.11007502350669829
515.5640000000003,2.764400000000001,11,5,183.76999999999998,9,0.2258936712160658,6.232358968625789,2,[C][C][O][C][=Branch1][C][=O][N][C][=C][Branch1][C][O][C][C@H1][Branch1][C][O][C][C][C][C@@H1][Branch1][=Branch1][C][C][C][C][C][N][=C][Branch1][C][O][N][C][=Branch1][C][=O][O][=C][O][C][=Branch1][Ring2][=N][Ring1][Branch2][=N][O][C][C][Ring2][Ring1][Branch2],-0.1102457708213795
547.5740000000005,2.3597900000000003,12,5,206.34999999999997,22,0.0975403947173278,5.1142862193431196,0,[C][C][C@H1][C][C@H1][Branch1][C][C][O][C][C][=Branch1][C][=O][C@H1][Branch1][C][O][C][C@H1][Branch1][C][O][C][C][C][=Branch1][C][=O][O][C@H1][Branch1][Branch2][C][C][C][=Branch1][C][=O][O][C][C][C][=Branch1][C][=O][O][C][=C][O][C][Branch1][C][O][=C][O][Ring1][=C],-0.1104470776435492
546.6580000000004,2.6483700000000017,11,5,184.69999999999996,23,0.031677229019831374,4.787554641529595,0,[C][C][C][C][C@H1][Branch1][C][O][=C][C][=C][Branch1][=Branch1][N][C][C][C][C][C][C@H1][Branch1][C][O][C@@H1][Branch1][#Branch1][O][C][=Branch1][C][=N][O][C][=Branch1][C][=O][O][C][C][C][=Branch1][C][=O][O][C@@H1][Branch1][=Branch1][C][C][C][C][=Branch1][C][=O][O][C][Ring2][Ring1][=C],-0.11058960602154351
452.5560000000003,2.35498,8,5,175.40999999999997,12,0.1305725127730908,5.017037319850212,1,[C][C][C][C][C][C@H1][Branch1][C][O][C][C][C][C][C@H1][Branch1][C][O][=N][C][Branch1][C][O][=N][C][C][Branch1][C][O][=N][C][C][C][C][N][=C][Branch1][Ring1][C][#N][C][Branch1][C][O][=N][Ring1][=N][C][=Branch1][C][=O][O][Ring2][Ring1][N],-0.1112144802082889
496.52100000000024,2.2221199999999994,9,7,253.08999999999995,17,0.08830119167144325,4.97722154908133,0,[O][=C][Branch1][C][O][C][C@H1][Branch1][C][O][C][C][=Branch1][C][=O][N][=C][Branch1][C][O][C][C][C][C][C][C][C][C][=Branch1][C][=N][O][C][Branch1][Ring1][C][#N][N][=C][Branch1][C][O][C][Branch1][C][O][=N][C][C][C][Ring2][Ring1][Branch2][=N][Ring1][Branch1],-0.11136956885972057
484.54600000000033,2.7677800000000015,11,4,181.55999999999997,12,0.1382536363957533,4.842987445111779,0,[C][C][Branch1][C][C][Branch1][C][C][O][C][Branch1][C][C][Branch1][C][C][C][Branch1][C][C][=C][C][=C][Branch1][C][N][C][Branch1][C][O][=C][Branch1][C][O][C][C][=Branch1][C][=O][O][C][Branch1][Ring1][C][#N][O][C][C][C][=Branch1][C][=O][O][C][Branch1][C][C][O],-0.11148221834893708
500.4970000000004,2.2213000000000003,12,5,189.27999999999997,5,0.21048708688845594,5.211360216635482,2,[C][C][C][C][C][C][C][C][C@H1][Branch1][C][O][C][C@H1][Branch1][C][O][C][=C][C][Branch1][C][O][=C][Branch1][C][O][C][Branch1][C][O][=C][Ring1][N][C][=Branch1][C][=O][O][C][C][=Branch1][C][=O][O][C][=Branch1][C][=O][O][=C][O][C][Ring2][Ring1][=N],-0.11148443136151333
499.5130000000003,2.2193999999999994,10,5,188.92,15,0.10292475380477922,3.7152970112227717,1,[C][C][C][C][C][C][C@H1][Branch1][C][C][O][C][C][=Branch1][C][=O][N][C][=C][Branch1][C][O][C][=C][Branch1][C][O][C][Branch1][C][O][=C][Ring1][=Branch2][C][C][=Branch1][C][=O][O][C@H1][Branch1][#Branch1][C][C][=Branch1][C][=O][O][C][=Branch1][C][=O][O][C][Ring2][Ring1][Branch2],-0.11224422602521723
484.4100000000003,2.2304000000000004,13,8,223.66999999999996,3,0.2693318823229628,5.688217678243819,2,[C][C][C][Branch1][C][O][C][C][=C][C][Branch1][C][O][=C][Branch1][C][O][C][Branch1][C][O][=C][Branch1][C][O][C][Branch1][C][O][=C][Ring1][N][C][=Branch1][C][=O][O][C][C][=C][Branch1][C][O][C][Branch1][C][O][=C][Branch1][C][O][C][C][=Branch1][C][=O][O][C][Ring2][Ring1][Branch2],-0.11225710667926521
489.51800000000037,2.2227000000000006,11,6,195.56999999999996,4,0.25011682352582154,5.2575836054292315,1,[C][O][C][Branch1][C][O][C][C][C][C][C][Branch1][C][O][=N][C][Branch1][C][O][C][C][C][C][C][=Branch1][C][=O][O][C][C][C][=C][Branch1][C][O][C][Branch1][C][O][=C][Branch1][C][O][C][C][=Branch1][C][=O][O][C][Ring2][Ring1][N],-0.1128837264445142
487.4580000000003,2.776200000000001,13,4,190.64000000000001,4,0.2578769941864581,5.570229937288117,1,[C][C][C][C][C][C][C@H1][Branch1][C][C][O][C][=C][Branch1][C][O][C][=C][Branch1][C][O][C][Branch1][C][O][=C][Ring1][N][C][=Branch1][C][=O][O][C][=Branch1][C][=O][O][C][Branch1][C][O][C][C][=Branch1][C][=O][O][C][=Branch1][Ring2][=N][O][C][Ring2][Ring1][O],-0.11329182431226034
486.5140000000003,2.2238,11,5,180.04999999999998,9,0.13949518389014928,5.29165686238474,2,[C][C][C][C][C][C][C][C][C][C@H1][Branch1][C][O][C][C@H1][Branch1][C][O][C][C][Branch1][C][O][=C][C][Branch1][C][O][=C][Branch1][C][O][C][=Branch1][C][=O][O][=C][Ring1][N][C][=Branch1][C][=O][C@H1][Branch1][Ring1][C][O][C][=Branch1][C][=O][O][Ring2][Ring1][Branch2],-0.1137247518528836
533.5270000000004,2.268200000000001,13,6,214.02999999999994,9,0.14262901024538086,5.07416733985208,1,[C][O][C][Branch1][C][O][C][O][=C][C][Branch1][C][O][=C][Branch1][C][O][C][C][C][C][Branch1][C][O][=C][Branch1][C][O][C][C][C][C][=Branch1][C][=O][O][C][C][=C][Branch1][C][O][C][Branch1][C][O][=N][C][C][C][=Branch1][C][=O][O][C][Ring2][Ring1][Ring2],-0.1144256846866123
479.53800000000035,2.23218,9,5,208.32999999999998,7,0.20852096992135574,5.043128934666592,1,[C][C][O][C][Branch1][C][O][=N][C][C][C][C][C][C][C][Branch1][C][O][=N][C][Branch1][C][O][=N][C][C][C][C][C][N][=C][Branch1][Ring1][C][#N][C][Branch1][C][O][=N][C][Branch1][Ring1][C][O][=N][Ring2][Ring1][Branch2],-0.11467860375850386
483.47000000000037,2.2249,11,4,181.41,3,0.3410899852974349,5.9276364759212115,2,[C][C][C][C][C][C][C@H1][Branch1][C][C][O][C][C][=C][Branch1][C][O][C][=C][Branch1][C][O][C][Branch1][C][O][=C][Ring1][N][C][=Branch1][C][=O][O][C][C][=Branch1][C][=O][O][C][Branch1][C][O][=N][C][C][=Branch1][C][=O][O][C][Ring2][Ring1][=C],-0.11489893472091012
502.5170000000005,2.2123,9,8,222.94999999999996,19,0.0419989137048472,3.993559359567934,0,[O][=C][Branch1][C][O][C][C][C][C][C][=Branch1][C][=O][N][C][=C][Branch1][C][O][C][Branch1][C][O][=C][Branch1][C][O][C][=Branch1][Ring2][=C][Ring1][N][C][C][C][C][C][C][C][=Branch1][C][=O][N][O][=C][Branch1][C][O][C][C][=Branch1][C][=O][O][Ring2][Ring1][Branch2],-0.1151900497265281
474.48700000000025,2.7589700000000006,11,4,200.48999999999995,16,0.04870765190228259,5.016507187236837,0,[C][C][C][C@H1][Branch1][C][C][O][N][=C][Branch1][C][O][O][C@@H1][Branch1][C][O][C][C][C][C][C][C@@H1][Branch1][Ring1][C][#N][N][=C][Branch1][C][O][C][C][=Branch1][C][=O][O][C][=Branch1][C][=O][O][C][C@H1][Ring2][Ring1][=Branch1][O],-0.11547348795286301
484.49800000000033,2.7798000000000003,11,5,180.04999999999998,6,0.2124029652653625,5.135270422447831,2,[C][C][C][C][C][C][C][C][C][C][C][C@H1][Branch1][C][O][C][=C][Branch1][C][O][C][=C][Branch1][C][O][C][Branch1][C][O][=C][Ring1][N][C][=Branch1][C][=O][O][C][=Branch1][C][=O][O][C][C@H1][Branch1][C][O][C][=Branch1][C][=O][O][Ring2][Ring1][O],-0.11613498360098039
542.5380000000004,2.6978800000000014,13,5,217.58999999999995,8,0.09803761188762647,5.349545390494947,1,[C][O][C][C][O][C][Branch1][C][O][=N][C][=C][Branch1][C][O][C][C][C][C][C][=C][Branch1][C][O][C][Branch1][C][O][=C][Branch1][C][O][C][C][=Branch1][C][=O][O][C][C][=Branch1][C][=O][O][=C][Branch1][Ring1][C][#N][C][C][C][O][=C][Ring2][Ring1][Branch2],-0.11620225849784593
539.5380000000006,2.71288,13,5,217.22999999999996,8,0.2215406988149604,6.003271092773224,2,[C][C][C@H1][Branch1][C][O][C][C][C][C][C][Branch1][C][O][=N][C][Branch1][Ring1][C][#N][=C][Branch1][C][O][C][Branch1][C][O][=C][Ring1][N][C][=Branch1][C][=O][O][C@H1][Branch1][Branch2][C][C][C][=Branch1][C][=O][O][C][C][C][C][C][C][=Branch1][C][=O][O][=N][O][Ring2][Ring1][=N],-0.11620618262381824
536.6440000000003,2.725600000000001,12,5,186.86999999999998,6,0.14438627373226492,5.29681457396963,1,[C][C][Branch1][C][C][Branch1][C][O][=N][C][Branch1][C][N][=C][C][C@@H1][Branch1][C][O][C][C][C][C][C][C][C@@H1][Branch1][Branch2][C][C][C][=Branch1][C][=O][O][O][O][C][=Branch1][C][=O][O][C][C][C][C][=Branch1][C][=O][O][S][C][Ring2][Ring1][N],-0.11625140233132746
508.52800000000025,2.211999999999999,11,4,186.24999999999997,8,0.3011725683051275,5.876832029582563,3,[C][C][O][C][Branch1][C][O][C][C][C][C][=Branch1][C][=O][N][C][C][C][C][C][C][C@H1][Branch1][=Branch1][C][=Branch1][C][=O][O][N][C][=N][C][=Branch1][Branch1][=C][O][Ring1][Branch1][C][=N][C][=Branch1][Branch1][=C][O][Ring1][Branch1][C][O][C][Ring2][Ring1][Branch2][=O],-0.11645577330471908
488.53000000000037,2.2142999999999997,11,5,180.04999999999995,16,0.04086265964513821,4.692952576611692,0,[C][C][C][Branch1][C][O][C][Branch1][C][C][=C][C][C][C][=C][Branch1][C][O][C][C][Branch1][C][O][=C][Ring1][N][C][=Branch1][C][=O][O][C][Branch1][C][O][C][C][C][=Branch1][C][=O][O][C][Branch1][C][O][C][C][C][=Branch1][C][=O][O][=C][Ring2][Ring1][Branch2],-0.1165596928616406
499.5210000000003,2.791880000000001,11,5,202.18,6,0.33615322986434143,5.878101123193644,1,[C][C][Branch1][C][C][C][C][Branch1][C][O][C][C][=C][N][Branch1][C][O][C][=C][Branch1][C][O][C][O][N][=C][Branch1][C][O][O][C][C][Branch1][C][O][=N][O][C][C][C][C][Branch1][Ring1][C][#N][C][C][Branch1][C][O][=N][Ring2][Ring1][=Branch1],-0.11675593033332429
500.4530000000003,2.7922000000000002,13,6,201.67,5,0.2377483305954199,6.278326954470828,2,[C][O][C][Branch1][C][O][=C][C][Branch1][C][O][C][C][C][=C][Branch1][C][O][C][C][C][C][Branch1][C][O][=C][Branch1][C][O][C][C][C][=Branch1][C][=O][O][C][=Branch1][Branch1][=C][Ring1][=N][O][C][=Branch1][C][=O][O][C][Branch1][C][O][=C][O][C][Ring2][Ring1][Branch2],-0.11688351139489275
482.49400000000014,2.2203800000000022,9,6,225.42999999999995,9,0.16052409940478102,5.091243699073518,1,[C][O][C][C][O][C][Branch1][C][O][=N][C][C][C][C][C][C][C][C][N][=C][Branch1][C][O][C][Branch1][C][O][=N][C][Branch1][C][O][=N][C][C][Branch1][C][O][=N][C][Branch1][Ring1][C][#N][=C][Ring2][Ring1][Ring2][O],-0.11719989440268186
503.5050000000002,2.792700000000001,11,6,212.44999999999996,10,0.11029145112320392,4.4489016697911605,1,[C][O][C][C][O][C][Branch1][C][O][=N][C][C][C][C][C][C][C][C][C][N][=C][Branch1][C][O][C][Branch1][C][O][=C][Branch1][C][O][C][Branch1][C][O][=N][O][C][C][C][=Branch1][C][=O][O][C][=Ring2][Ring1][Ring2][=O],-0.11728966919554375
541.5500000000003,2.292,12,5,201.63999999999996,2,0.25247969079528304,5.958440314612281,2,[C][C][C][C][Branch1][C][O][=C][C][Branch1][C][O][=C][C][Branch1][C][O][=C][Ring1][Branch2][C][C][C][=Branch1][C][=O][O][C][C][Branch1][C][O][C][C][Branch1][C][O][=N][C][C][C][=Branch1][C][=O][O][=C][Branch1][C][O][C][C][C][C][=Branch1][C][=O][O][C][Ring2][Ring1][=C],-0.11759187897129679
482.4620000000003,2.21929,10,6,203.40999999999997,2,0.3148006685038047,5.121103667395904,2,[C][C@H1][C][C][C][C][C][C@H1][Branch1][C][O][C][/C][=C][/N][=C][Branch1][C][O][C][C][Branch1][C][O][=C][Branch1][C][O][C][Branch1][C][O][=C][Ring1][N][C][=Branch1][C][=O][O][C@H1][Branch1][#Branch1][C][C][=Branch1][C][=O][O][C][=Branch1][C][=O][O][Ring2][Ring2][Ring1],-0.11763512414240894
547.5980000000004,2.6731,12,7,212.30999999999997,20,0.02223284140891018,4.792654431354368,0,[C][C][C][C][C@H1][Branch1][C][O][=N][C][=C][Branch1][=Branch1][O][C][C][C][C][C@@H1][Branch1][C][O][C][C][C][C][C@@H1][Branch1][C][O][C][=Branch1][C][=O][O][C][C][=C][Branch1][C][O][C][Branch1][C][O][=C][Ring1][N][C][=Branch1][C][=O][O][C][=Branch1][C][=O][O][Ring2][Ring1][=C],-0.11771344874737187
498.5290000000003,2.7942,11,5,184.73999999999998,8,0.20075546151593138,5.04977704355856,2,[C][C][C][C][C][C][C][C@H1][Branch1][C][O][C][C@H1][Branch1][C][O][=N][C][=C][Branch1][=Branch1][O][C][C][C][C][N][=C][Branch1][C][O][C][=C][Ring1][N][C][=Branch1][C][=O][O][C][=Branch1][C][=O][O][C@H1][Ring2][Ring1][N][C][=Branch1][C][=O][O],-0.1177167692557012
504.5330000000002,2.7935000000000008,12,6,188.75999999999996,14,0.06678747954268797,5.371615166146272,1,[C][C][O][C][Branch1][C][O][=N][C][C][C][C][C][C@@H1][Branch1][C][O][C][C][C][C][C@@H1][Branch1][C][O][C][=C][Branch1][C][O][C][Branch1][C][O][=C][Branch1][C][O][C][C][=Branch1][C][=O][O][=N][O][C][=Branch1][Branch1][=C][O][Ring1][N],-0.1177495322963114
547.6460000000002,2.6750000000000007,11,6,199.72999999999996,9,0.061886847237067576,5.393493215407533,1,[C][C][Branch1][C][C][Branch1][C][O][=N][C][C][C][C][Branch1][C][O][=N][C][C][C][C][C][C][C][C@H1][Branch1][C][C][C][C@H1][Branch1][C][O][=C][Branch1][C][O][C][C][=Branch1][C][=O][O][O][C][=Branch1][C][=O][O][C][Branch1][C][O][=N][C][C][Ring2][Ring1][Branch2],-0.1182394403910984
483.51800000000037,2.2150999999999996,9,4,170.71000000000004,0,0.37705941036757357,5.573481350728357,2,[C][O][C][Branch1][C][O][C][C][=C][Branch1][C][O][C][C][Branch1][C][O][=C][Ring1][N][C][C][Branch1][C][C][C][=Branch1][C][=O][O][N][=C][Branch1][C][O][C][C][Branch1][C][O][=N][C][C][C][C][C][=Branch1][C][=O][N][Branch1][C][C][C][Ring2][Ring1][Branch2],-0.1186318123270482
513.5640000000002,2.2103900000000007,11,7,201.85999999999999,3,0.21650999010963287,6.5522374951410844,2,[C][C@@H1][C][C@H1][Branch2][Ring1][=N][O][C][C][Branch1][C][O][=N][C][C][C][C][C][C][C][C@H1][Branch1][C][O][=C][Branch1][C][O][C][Branch1][C][O][=C][Branch1][C][O][C][=Branch1][Ring2][=N][Ring1][Branch2][C][=C][Branch1][C][O][C][C][C][=Branch1][C][=O][O][C][Ring2][Ring1][=C][O],-0.11897798418194835
481.50200000000024,2.2164000000000006,12,5,178.67,7,0.2647206018865099,6.418860181443057,2,[C][C][C@H1][Branch1][C][C][C@@H1][Branch1][C][C][O][C][=C][C][Branch1][C][O][=C][Branch1][C][N][C][C][N][C][=C][Branch1][C][O][C][Branch1][C][O][=C][Ring1][N][C][=Branch1][C][=O][C@H1][Branch1][#Branch1][C][C][C][=Branch1][C][=O][O][C][=Branch1][C][=O][O][N][Ring2][Ring1][O],-0.11932031518563765
548.5900000000005,2.324800000000002,12,7,224.47999999999996,21,0.02086093210975281,4.707124312531457,0,[C][O][C][C][O][C][Branch1][C][O][C][C][C][C][Branch1][C][O][=N][C][=C][Branch1][C][O][C][C][C][C][N][=C][Branch1][C][O][C][Branch1][C][O][=N][C][C][C][C][=Branch1][C][=O][O][C][=Branch1][Branch1][=C][O][C][Ring2][Ring1][Branch2][=N][O],-0.11981301598741298
501.61700000000025,2.2002800000000002,10,6,180.7,20,0.08217660384254494,5.070580067691429,0,[C][C][C@H1][Branch1][C][C][C][C@H1][Branch1][C][O][C@@H1][Branch1][C][O][C][C][C][C][C@H1][Branch1][C][O][C][C][C][C@H1][Branch1][C][O][C@H1][Branch1][Ring1][C][#N][C@H1][Branch1][C][O][C][=Branch1][C][=O][O][C][C][=C][O][C][Branch1][C][O][=C][Ring1][=Branch2],-0.11993161092889557
545.5380000000005,2.6961000000000004,11,8,251.70999999999995,19,0.022116280460713563,4.6460630354933325,0,[C][C][=C][Branch1][C][O][C][C@H1][Branch1][C][O][C][C][Branch1][C][O][=N][C@H1][Branch1][#Branch1][C][C][=Branch1][C][=O][O][C][C][=Branch1][C][=O][O][C][C][C][C][=Branch1][C][=O][C][=C][Branch1][C][O][C][Branch1][C][O][=C][Branch1][C][O][C][C][C][C][=Branch1][C][=O][O][Ring2][Ring1][O],-0.12019846661251629
541.5060000000004,2.2818000000000005,12,4,207.70999999999998,14,0.10779569133622059,4.506949540764763,1,[C][O][C][Branch1][C][O][=N][C][=C][C][=C][Branch1][C][O][C][C][C][=C][Branch1][C][O][C][Branch1][C][O][=C][Ring1][=Branch2][C][=Branch1][C][=O][O][C@H1][Branch1][#Branch1][C][C][=Branch1][C][=O][O][C][=Branch1][C][=O][O][C][C][C][C][=Branch1][C][=O][C][C][O][=C][Ring2][Ring1][=N],-0.1204524410047389
470.4270000000002,2.2372000000000005,12,6,192.44,1,0.25929954445514203,4.2358502641599145,2,[C][O][C][=C][C][Branch1][C][O][=C][Branch1][C][O][C][Branch1][C][O][=C][Ring1][=Branch2][C][=Branch1][C][=O][O][C][C][C][C][C][Branch1][C][O][C][C][C][=C][Branch1][C][O][C][Branch1][C][O][=C][Branch1][C][O][C][=Branch1][C][=O][O][C][Ring2][Ring1][Branch2],-0.12061701254798145
497.4970000000003,2.1983999999999995,11,5,181.07999999999998,15,0.10365901021189645,4.232129403332342,1,[C][C][O][C][=C][C][Branch1][C][O][=C][Branch1][C][O][C][=C][Ring1][Branch2][/C][Branch1][C][C][C][=Branch1][C][=O][O][C][C][C][=Branch1][C][=O][O][C][Branch1][C][O][C][C][C][C][=Branch1][C][=O][N][C][=C][O][C][Branch1][C][O][=C][Ring1][P],-0.12074381821029202
511.4800000000004,2.2027,12,5,201.64,6,0.197896091175543,5.731954918676098,3,[C][C][C][C][C][C][O][C][Branch1][C][O][C][C][=C][Branch1][C][O][C][=C][Branch1][C][O][C][Branch1][C][O][=C][Ring1][N][C][=Branch1][C][=O][O][C][C][=Branch1][C][=O][C][Branch1][C][O][=N][C][Branch1][C][O][=C][C][C][=Branch1][C][=O][O][C][Ring2][Ring1][Branch2],-0.12111617563314996
523.4670000000004,2.2198900000000004,11,4,203.18999999999997,8,0.16718850310267386,5.373640208377946,2,[O][=C][Branch1][C][O][C][C@H1][C][C][C][C][=C][Branch1][C][O][C][=C][Branch1][C][O][C][Branch1][C][O][=C][Ring1][=Branch2][C][=Branch1][C][=O][O][C@H1][Branch1][#Branch1][C][C][=Branch1][C][=O][O][C][=Branch1][C][=O][O][C][C][C][C][C][=C][C][=Branch1][C][=O][O][Ring2][Ring1][O],-0.12147698667648966
513.4960000000003,2.7963000000000013,13,5,201.63999999999996,14,0.05682859081583742,4.468532236897574,1,[C][O][C][Branch1][C][O][=N][C][=C][Branch1][C][O][C][=C][Ring1][#Branch1][C][C][C][=Branch1][C][=O][O][C][Branch1][C][O][C][C][C][C][C][=Branch1][C][=O][C][=C][Branch1][C][O][C][Branch1][C][O][=C][Branch1][C][O][C][C][C][=Branch1][C][=O][O][C][Ring2][Ring1][O],-0.12155475500366147
513.4960000000003,2.7963000000000013,13,5,201.63999999999996,14,0.05682859081583742,4.4791344346997715,1,[C][O][C][Branch1][C][O][=N][C][=C][Branch1][C][O][C][=C][Ring1][#Branch1][C][C][C][C][C][=Branch1][C][=O][O][C][Branch1][C][O][C][C][C][=Branch1][C][=O][C][=C][Branch1][C][O][C][Branch1][C][O][=C][Branch1][C][O][C][C][C][=Branch1][C][=O][O][C][Ring2][Ring1][=Branch1],-0.12155475500366147
554.5010000000003,2.3642000000000003,14,6,226.57999999999998,9,0.14631658879930687,4.3179401790922665,2,[C][C][O][C][=C][C][Branch1][C][O][=C][Branch1][C][O][C][Branch1][C][O][=C][Ring1][=Branch2][C][=Branch1][C][=O][O][C][C][=Branch1][C][=O][O][C][C][C][=Branch1][C][=O][C][C][C][C][=C][Branch1][C][O][C][Branch1][C][O][=C][Branch1][C][O][C][C][C][=Branch1][C][=O][O][=C][Ring1][S],-0.12178710278186326
530.6190000000001,2.763200000000002,9,6,206.34999999999997,8,0.11780606061733466,5.461556383622116,1,[C][C][Branch1][C][C][C][O][C][Branch1][C][O][C][C][C][Branch1][C][O][=N][C][C][C][C][C][Branch1][C][O][=N][C][C][C][Branch1][C][O][=N][C][Branch1][C][O][=N][C][C][C][C][=Branch1][C][=O][O][=C][Branch1][C][O][C][C][Ring2][Ring1][Branch2],-0.1217947907096203
560.6890000000004,2.530200000000003,11,5,180.53,12,0.10238323599061674,5.816887837750673,1,[C][C][C][Branch1][C][C][C][O][C][Branch1][C][C][C][Branch1][C][O][=N][C][C][C][C][C][C@H1][Branch1][Ring2][C][C][C][Branch1][C][O][=N][C][Branch1][C][O][=N][C][C][C][=Branch1][C][=O][O][C][C][=Branch1][C][=O][O][C][Branch1][C][C][Branch1][C][O][=N][Ring2][Ring1][Branch2],-0.12197764255797137
500.4570000000004,2.8058000000000005,11,7,238.65999999999997,9,0.07946006568356304,4.82120465634654,1,[C][O][C][Branch1][C][O][=N][C][=C][C][=C][Branch1][C][O][C][C][C][C][Branch1][C][O][=C][Branch1][C][O][C][Branch1][C][O][=C][Ring1][=C][C][=Branch1][C][=O][O][C@H1][Branch1][#Branch1][O][C][=Branch1][C][=O][O][C][C][C][C][C][=Branch1][C][=O][N][Ring2][Ring1][O],-0.12232341474958934
470.4310000000002,2.76908,12,8,233.51999999999995,10,0.05744637342951028,5.067562607877092,1,[C][O][C][Branch1][C][O][=N][C][=C][Branch1][C][O][C][C][C][C][Branch1][C][O][=C][Branch1][C][O][C][C][C][C][C][Branch1][C][O][=C][Branch1][C][O][C][Branch1][C][O][=C][Ring1][=Branch2][C][=Branch1][C][=O][O][C][Branch1][Ring1][C][#N][O],-0.1228085928101123
509.5080000000004,2.8036000000000003,10,4,189.25,9,0.15469031915116654,6.059382465119931,2,[C][C][C][C][C][Branch1][C][O][=N][C][C][C][C][C@@H1][Branch1][C][O][C][=C][C][Branch1][C][O][=C][Branch1][C][O][C][=C][Ring1][N][C][=Branch1][C][=O][O][C][=Branch1][C][=O][C@@H1][Branch1][Branch2][C][C][C][=Branch1][C][=O][O][C][=Branch1][C][=O][O][C][Ring2][Ring1][Branch2],-0.12291981880884816
532.5710000000005,2.2393600000000005,11,7,235.93999999999994,18,0.04464283115238608,5.032340616424987,0,[C][C][Branch1][C][C][C][C@@H1][N][=C][Branch1][C][O][C@H1][Branch1][C][O][C@@H1][Branch1][Ring1][C][O][N][=C][Branch1][C][O][C][C][C][C][C][=Branch1][C][=O][N][O][C][=Branch1][C][=O][O][C][Branch1][C][O][=N][O][C][C][C][C][C][Ring2][Ring1][N][=N],-0.12293410307965845
496.51700000000034,2.807080000000001,10,6,217.77999999999994,2,0.14199175676407716,5.30446723639745,1,[C][O][C][Branch1][C][O][=N][C][=C][Branch1][C][O][C][C][C@@H1][Branch1][C][O][C][C][C][C][C][Branch1][C][O][=N][C][C][Branch1][C][O][=N][C][Branch1][Ring1][C][#N][=C][Branch1][C][O][C][C][C][C][=Branch1][C][=O][O][C][Ring2][Ring1][O],-0.1230293679574112
485.4860000000002,2.7996700000000003,11,8,218.05999999999997,15,0.04207204279928559,5.001841291265626,0,[C][C][C@@H1][Branch1][C][O][C@@H1][Branch1][C][C][O][C][C][=Branch1][C][=O][C][C][=C][Branch1][C][O][C][=C][Branch1][C][O][C][C][=C][Ring1][N][C][=Branch1][C][=O][O][C][C][=C][Branch1][C][O][C][Branch1][C][O][=C][Branch1][C][O][C][Branch1][C][O][=N][Ring1][N],-0.12333272967059476
530.4790000000004,2.2317,13,4,204.57999999999996,5,0.1741196767774486,5.778195073857758,2,[C][O][C][O][C][Branch1][C][O][=C][C][C][=C][Branch1][C][O][C][=Branch1][Ring2][=C][Ring1][#Branch1][C][C][C][=Branch1][C][=O][O][C][Branch1][C][O][C][C@H1][Branch1][#Branch1][C][C][=Branch1][C][=O][O][O][C][=Branch1][C][=O][O][C][C][C][C][C][=Branch1][C][=O][O][Ring2][Ring1][=N],-0.12342390434595761
561.6690000000002,2.4829,12,5,181.07999999999998,22,0.05644961562260687,5.110652344230232,1,[C][C@@H1][Branch2][Branch1][Ring2][C][C][O][C][C][C][C][C@H1][Branch1][C][O][=N][C][C][C][C][C][C][C@@H1][Branch1][C][O][=C][Branch1][C][O][C][Branch1][C][O][=C][Ring1][=Branch2][O][C][=Branch1][C][=O][O][C@H1][Branch1][#Branch1][C][C][C][=Branch1][C][=O][O][C][C][=Branch1][C][=O][O][=N][Ring2][Ring1][O],-0.1235275185697507
499.5170000000002,2.8089000000000004,11,7,211.50999999999996,12,0.1633407480531405,5.246576011471274,2,[C][C][C][C@H1][Branch1][C][O][C@@H1][Branch1][C][O][C][C][C][C][C][C][C][=C][C][Branch1][C][O][=C][Branch1][C][O][C][Branch1][C][O][=C][Ring1][N][C][=Branch1][C][=O][O][=N][C][=Branch1][Ring2][=N][Ring1][Branch2][=N][O][C][C][C][=Branch1][C][=O][O],-0.12356377606726025
502.47300000000035,2.1911700000000005,13,5,206.65,14,0.05783246479760021,4.613063287554841,1,[C][O][C][O][C][Branch1][C][O][=C][C][O][C][Branch1][C][O][=C][Branch1][C][O][C][=C][Ring1][Branch2][C][C][C][C][C][=Branch1][C][=O][O][C][Branch1][C][O][=N][C][C][=Branch1][C][=N][O][C][C][C][=Branch1][C][=O][O][=C][Ring2][Ring1][Branch2],-0.1236309748404499
550.5540000000005,2.680300000000001,12,6,226.57999999999996,21,0.030153637780206004,4.208196315094631,0,[O][=C][Branch1][C][O][C][C][C][C][C][C][C@H1][Branch1][C][O][C][C][C][=C][Branch1][C][O][C][Branch1][C][O][=C][Branch1][Ring2][O][C][Branch1][C][O][=C][Ring1][=Branch2][C][=Branch1][C][=O][O][C][C][C][=Branch1][C][=O][O][C][C@H1][Branch1][C][C][O][C][=Branch1][C][=O][O],-0.12419388899619926
515.5600000000003,2.801000000000001,11,4,191.71999999999997,8,0.07103166279977884,5.710533571001764,1,[C][O][C][Branch1][C][O][=N][C][=C][C][=C][Branch1][C][O][C][C][C][C][C][C@@H1][Branch1][C][O][C@H1][Branch1][C][C][C][C][C@H1][Branch1][#Branch1][O][C][Branch1][C][N][=O][O][C][C][=Branch1][Branch1][=N][O][C][=Branch1][C][=O][O][C][C][Ring2][Ring1][Branch2],-0.12435680278939362
528.5550000000004,2.777,12,6,196.59999999999997,5,0.22569712520380678,6.5188027745302675,3,[C][C][C][C][C][C][C][C][C][C@H1][Branch1][C][O][C][C@H1][Branch1][C][O][=N][C@H1][Branch1][C][O][C][C][=C][Branch1][Branch2][O][C][Branch1][C][O][=N][Ring1][O][C][C][=Branch1][C][=O][O][C][=C][Branch1][C][O][C][Branch1][C][O][=C][O][C][Ring2][Ring1][=C][=O],-0.12465228477649377
561.6250000000005,2.4497000000000013,13,6,201.30999999999995,15,0.032397509991133736,4.943767172483739,1,[C][C][C][C][C][C][C@H1][Branch1][C][C][C@@H1][Branch1][C][O][C@@H1][Branch1][C][O][=N][C][C][C][C][C@H1][Branch2][Ring1][Branch2][O][C][=Branch1][C][=O][O][C][O][C][=Branch1][C][=O][C][=C][C][Branch1][C][O][=C][Branch1][C][O][C][C][C][=Branch1][C][=O][O][=C][Ring2][Ring1][Branch2][O],-0.12488145138490425
541.5980000000004,2.7346000000000004,9,6,211.05999999999995,12,0.09197032580089384,6.143623517426254,1,[C][C][=C][Branch1][C][O][C][C][Branch1][C][O][C][C][Branch1][C][C][C][=N][C][Branch2][Ring1][Branch2][C][Branch1][C][O][C][C][C][Branch1][C][O][C][Branch1][C][O][=N][C][Branch1][C][O][=N][C][C][C][C][=Branch1][C][=O][O][C][Branch1][Branch2][C][C][C][=Branch1][C][=O][O][=C][Ring2][Ring1][S],-0.12540940959912125
499.51700000000034,2.18558,11,6,214.64999999999998,10,0.08414572438996712,5.269406433442141,1,[C][O][C][Branch1][C][O][C][O][C][Branch1][C][O][=N][C][Branch1][C][O][C][C][C][C][C][C][C][Branch1][C][O][=N][C][Branch1][Ring1][C][#N][=C][Branch1][C][O][C][Branch1][C][O][=C][Ring1][S][C][=Branch1][C][=O][O][C][C][C][C],-0.125771709776086
487.54600000000033,2.8097000000000003,10,6,196.84,12,0.13514839975613063,4.292622230035191,1,[C][C][Branch1][C][C][C][C][C][C][C][C][C][C@H1][Branch1][C][O][=C][C][Branch1][C][O][=C][Branch1][C][O][C][Branch1][C][O][=C][Ring1][N][C][=Branch1][C][=O][O][C][=Branch1][C][=O][O][C][C@H1][Branch1][C][O][C][C][C][=Branch1][C][=O][N][Ring2][Ring1][Branch2],-0.1263592610931229
529.5910000000006,2.7798000000000016,9,6,218.71,13,0.05147658232991772,5.047246072883754,1,[C][C][O][C][C][C][C][C][C][Branch1][C][O][=N][C][C][Branch1][C][O][=N][C][Branch2][Ring1][Branch2][C][Branch1][C][O][C][C][C][C][=Branch1][C][=O][O][C][Branch1][C][O][=N][C][Branch1][C][O][=N][C][C][C][C][C][Ring2][Ring1][Branch2][=N][O],-0.12660408968118006
529.5470000000003,2.2200700000000015,11,6,228.42999999999995,11,0.09885435548420632,5.551593698544561,1,[C][C][C][C][C][C@H1][Branch1][C][O][C][C][Branch1][C][O][=N][C][C][C][C][C][N][=C][Branch1][C][O][C][=C][Branch1][Ring1][O][C][C][Branch1][C][O][=N][O][C][=Branch1][Ring2][=N][Ring1][=N][O][C][C][=Branch1][C][=O][O][C][Branch1][C][O][=N][Ring2][Ring1][#Branch1],-0.12660896342676503
529.5470000000003,2.2200700000000007,12,6,228.42999999999995,8,0.088219036595721,5.665204725210641,1,[C][O][C][Branch1][C][O][=N][C][=C][Branch1][C][O][C][C][C][C][C][C][N][=C][Branch1][C][O][C][C@@H1][Branch1][Ring1][C][O][N][=C][Branch1][C][O][O][C][=Branch1][Ring2][=N][Ring1][Branch1][C][=N][O][C][C][C][C][=Branch1][C][=O][O][C][Ring2][Ring1][Branch2],-0.12660896342676534
489.6060000000003,2.1873800000000005,10,5,177.54,18,0.10883901566203807,4.730565875764355,0,[C][C][C@H1][Branch1][C][O][C@@H1][Branch1][C][C][C@@H1][Branch1][C][O][C@@H1][Branch1][C][O][C][C][C][C][C][C][C@H1][Branch1][C][C][=C][C][C@H1][Branch1][C][O][C][C][=Branch1][C][=O][O][C][=Branch1][C][=O][O][C@H1][Branch1][Ring1][C][O][C][#N][C@H1][Branch1][C][O][C][Ring2][Ring1][Ring2][=N],-0.12676412445167567
455.4640000000003,2.7261500000000005,10,7,216.90999999999997,6,0.13430918761425992,5.470276858552939,1,[C][C][C][C][C][C@H1][Branch1][C][O][C][C][Branch1][C][O][=N][C][C][Branch1][C][O][=C][C][Branch1][C][O][=C][Branch1][C][O][C][C][C][C][=Branch1][C][=O][O][C][Branch1][#Branch1][O][C][Branch1][C][O][=N][Ring2][Ring1][Ring1][C][#N],-0.12695208853736883
563.5970000000005,2.484,12,7,232.86999999999995,20,0.028189529931671883,4.915989606184906,0,[C][O][C][Branch1][C][O][=N][C][=C][Branch1][C][O][C][C][Branch1][C][O][=C][Ring1][Branch2][C][C@@H1][Branch1][C][C][C@H1][Branch1][C][O][C][C][C][C][=Branch1][C][=O][O][C@@H1][Branch1][C][O][C][C][C][C][C][=Branch1][C][=O][O][=C][Branch1][C][O][C][C][C][=Branch1][C][=O][O],-0.12735491210000607
554.5490000000004,2.6671999999999993,13,4,203.00000000000003,10,0.08230617419388966,5.709709295891993,3,[C][C][C][C][C][C][C][C][C][Branch1][C][O][C][=C][C][Branch1][C][O][=C][C][Branch1][C][O][=C][Ring1][Branch2][O][C][C][=Branch1][C][=O][O][C][Branch1][Branch2][C][C][=Branch1][C][=O][O][C][C][=Branch1][C][=O][O][C][Branch1][C][O][=N][C][C][Ring2][Ring1][Branch2][=N][O],-0.12796604238625242
502.46900000000034,2.8202000000000016,13,5,198.50999999999996,4,0.27785988706616094,5.990743523296739,2,[C][C][Branch1][C][C][C][C][C][Branch1][C][O][C][=C][Branch1][C][O][C][Branch1][C][O][=C][Branch1][C][O][C][C][C][C][Branch1][C][O][=C][Branch1][C][O][C][C][=Branch1][C][=O][O][C][=Ring1][Branch2][O][C][C][=Branch1][C][=O][O][C][=Branch1][C][=O][O][C][Ring2][Ring1][N],-0.12817515455032685
525.5150000000002,2.203080000000002,10,7,250.36999999999995,14,0.09824659452220826,4.501886001829993,1,[C][O][C][C][O][C][Branch1][C][O][=N][C][C][C][C][C][C][C][N][=C][Branch1][C][O][C][Branch1][C][O][=N][C][C][C][Branch1][C][O][=N][C][Branch1][Ring1][C][#N][=C][Branch1][C][O][C][Branch1][C][O][=C][Ring1][N][C][=Branch1][C][=O][O],-0.12926677347253562
514.5280000000004,2.18507,11,7,227.25999999999996,16,0.05187463362928045,4.729891665744718,1,[O][=C][Branch1][C][O][C][C][C][C][C][C][C][C][C@H1][Branch1][C][O][C][=C][Branch1][C][O][C][Branch1][C][O][=C][Ring1][=Branch2][C][=Branch1][C][=O][O][C][Branch1][C][O][=N][C][C][C][C][=Branch1][C][=O][O][=C][Branch1][C][O][C][C][Ring2][Ring1][Branch2][=N],-0.12927952629863723
486.4740000000003,2.1832999999999996,13,5,188.26,4,0.28740969454505455,5.857915611241995,2,[C][C][C][C][C][C][Branch1][C][O][=C][C][Branch1][C][O][=C][Branch1][C][O][C][C][C][C][Branch1][C][O][=C][Ring1][N][C][=Branch1][C][=O][O][C][Branch1][C][O][C][C][=Branch1][C][=O][O][=N][O][C][=Branch1][Branch1][=C][O][C][Ring2][Ring1][Branch2][=N],-0.1295362231346893
513.5440000000004,2.817700000000001,10,4,201.34,18,0.097240878594267,4.800704510043278,1,[C][C][C][C][C][C][C@H1][Branch1][C][C][O][C][C][=Branch1][C][=O][C@@H1][Branch1][C][O][N][=C][Branch1][C][O][C][C][C][C][C@H1][Branch1][C][O][C][=Branch1][C][=O][O][C][=N][C][=Branch1][Branch1][=C][O][Ring1][Branch1][C][=N][C][=Branch1][C][=O][O][Ring2][Ring1][N],-0.12993493042288576
490.45800000000025,2.1778,11,8,231.50999999999996,13,0.17312756804305154,4.45184082682302,1,[O][=C][Branch1][C][O][C][C][C][C@H1][Branch1][C][O][C][C][C][C][C][C][=C][Branch1][C][O][C][Branch1][C][O][=C][Branch1][C][O][C][Branch1][C][O][=C][Ring1][N][O][C][=Branch1][C][=O][O][C][C@H1][Branch1][Ring1][C][O][C][=Branch1][C][=O][O][Ring2][Ring1][N],-0.13028527720352745
564.6330000000003,2.4589,15,6,221.31999999999996,22,0.021220478751802063,5.511488229684342,0,[C][C][C@H1][Branch1][C][C][C][C][C][C][C@@H1][Branch1][C][O][C@H1][Branch1][C][O][C][C@@H1][Branch1][C][O][C][C][C][C][=C][N][=N][C][Branch1][Branch2][O][C][=Branch1][C][=O][O][C][C@@H1][Branch1][C][O][C][C][=Branch1][C][=O][O][=N][O][C][Ring2][Ring1][Branch2][=N][O],-0.13030722296173813
529.6110000000004,2.2097700000000007,11,8,228.44999999999996,21,0.03530296240316913,5.560017864560963,0,[C][C][C@H1][C][C@H1][Branch1][C][O][=C][C][Branch1][C][O][C][Branch1][C][O][=C][Branch1][C][O][C][C][C@@H1][Branch1][C][O][C][C][C][C@@H1][Branch1][Ring2][C][C][#N][C][Branch1][C][O][=N][C][C][C][=Branch1][C][=O][O][=N][C][Branch1][Branch2][N][=C][O][Ring1][=N],-0.1303249697793943
564.6770000000004,2.4527000000000023,14,8,236.74999999999997,24,0.027726496665723733,4.8572716971780245,0,[C][C][C][C][C@H1][Branch1][C][O][C][C][C][C][C][C@H1][Branch1][=Branch1][C][C][C][C][N][=C][Branch1][C][O][C][Branch1][C][O][=C][Branch1][Ring2][O][Ring1][Ring2][N][=N][C][C][C][C][=Branch1][C][=O][O][C][C@@H1][Branch1][C][O][C][=Branch1][C][=O][O][=N][O],-0.13073034734138878
565.6130000000004,2.476500000000001,13,6,221.86999999999995,20,0.01826213593048835,4.8351705889757,0,[C][C@@H1][Branch1][C][O][C][Branch1][C][O][=N][C][C][C][C][C][C][C][C@H1][Branch1][C][C][C][C@H1][Branch1][C][O][C][C@@H1][Branch1][C][O][C][C][=Branch1][C][=O][O][O][C][=Branch1][C][=O][O][C][=C][Branch1][C][O][C][C][C][=Branch1][C][=O][O][=C][O],-0.13156224031233352
471.41500000000025,2.7982000000000014,12,6,204.79999999999995,5,0.08547591483399147,5.038934879544529,2,[C][O][C][C][O][C][Branch1][C][O][=N][C][=C][Branch1][C][O][C][C][C][C][C][Branch1][C][O][=C][Branch1][C][O][C][=C][Branch1][C][O][C][Branch1][C][O][=C][Ring1][=C][C][=Branch1][C][=O][O][C][=Branch1][C][=O][O][C][C][Ring2][Ring1][=Branch1],-0.1322729273131886
487.54600000000045,2.1750000000000003,11,7,189.49999999999997,14,0.10856056724873793,4.968091414863741,1,[C][C][C][Branch1][C][O][C][C][C][C][C][Branch1][C][O][C][=C][Branch1][C][O][C][Branch1][C][O][=C][Branch1][C][O][C][C][=Branch1][Ring2][=N][Ring1][N][C][=C][Branch1][Branch1][C][O][C][O][C][C][C][=Branch1][C][=O][O][C][Branch1][C][C][Branch1][C][O],-0.13236467982056213
514.6640000000004,2.8234000000000012,9,5,179.54999999999998,18,0.1051443447828711,5.565657450144629,1,[C][C][C][Branch1][C][O][C][O][C][Branch1][C][C][C][Branch1][C][O][=N][C][C][C][C][C][C][Branch1][C][O][C][C][C][C][Branch1][Ring2][C][C][Branch1][Ring1][Branch1][=N][C][=N][O][C][=Branch1][Ring2][=N][Ring1][N][C][C][C][C][=Branch1][C][=O][O],-0.1326429085326471
505.5170000000004,2.831800000000001,12,8,215.46999999999994,17,0.04705733568769994,4.495491274461551,0,[C][O][C][Branch1][C][O][C][C][O][C][C][C][C][=Branch1][C][=O][N][C][=C][Branch1][C][O][C][Branch1][C][O][=C][Branch1][C][O][C][C][C][C][Branch1][C][O][=C][Branch1][C][O][C][C][=Branch1][C][=O][O][C][=C][Branch1][C][O][C][Ring2][Ring1][Branch2],-0.133177879379423
566.5640000000003,2.5119,11,5,226.08999999999992,17,0.0602406952365478,4.914499493165357,2,[C][O][C][Branch1][C][O][=N][C][=C][C][=C][Branch1][C][O][C][C][C][C][C@H1][Branch1][C][O][C][C][=Branch1][C][=O][N][=C][Branch1][C][O][C][C][O][C][=Branch1][Ring2][=N][Ring1][Branch1][C][=C][O][C][=Branch1][Ring2][=N][Ring1][Branch1][C][O][C][C][C][C][=Branch1][C][=O][O],-0.13321306986928932
514.5720000000003,2.1745900000000016,9,4,190.52999999999997,8,0.27563935594937655,5.361404168375225,1,[C][C@H1][C][C][C][C][C@H1][Branch1][C][C][O][C][/C][Branch1][C][O][=N][\C@@H1][Branch1][C][O-1][C][C][C][C][N][=C][Branch1][C][O][C][Branch1][C][O][=C][Ring1][N][C][=Branch1][C][=O][O][C][C@H1][Branch1][Branch2][C][C][C][=Branch1][C][=O][O][O][Ring2][Ring1][=N],-0.13338680456476898
531.6030000000003,2.795370000000001,11,4,189.54999999999998,15,0.08033168673299301,5.167016926608542,1,[O][=C][Branch1][C][O][C][C][C][C][C][C][Branch1][C][O][=N][C][C][C][C][C][C@H1][Branch1][C][O][C][C][C@H1][Branch1][#Branch1][O][C][=N][O][C][=Branch1][C][=N][O][C][C][C][=Branch1][C][=O][O][C][C][O][C][Ring2][Ring1][=Branch1],-0.13399234433354829
485.48600000000033,2.1727,10,6,195.56999999999996,8,0.27564075445741404,6.157910268442295,2,[C][C][Branch1][C][C][C][C][Branch1][C][C][O][C][C][Branch1][C][O][C][C][=C][C][Branch1][C][O][=C][Branch1][C][O][C][Branch1][C][O][=C][Ring1][N][C][=Branch1][C][=O][O][C@@H1][Branch1][Branch2][C][C][C][=Branch1][C][=O][O][C][Branch1][C][O][=N][O][C][Ring2][Ring1][Branch2],-0.13409948241510844
485.5340000000003,2.1726,12,7,196.31999999999994,7,0.1584546768915909,5.817503176790262,2,[C][C][C][C][C][C][Branch1][C][O][C][C][C][=C][Branch1][C][O][C][Branch1][C][O][=C][Branch1][C][N][C][Branch1][C][O][=C][Ring1][N][C][=Branch1][C][=O][O][C][Branch1][=Branch1][C][C][C][C][C][=Branch1][C][=O][O][=N][O][C][=Branch1][Ring2][=N][Ring1][Branch2],-0.1341177923468768
497.49700000000036,2.8362000000000016,10,5,192.40999999999997,8,0.15340805657167764,4.683954903401499,2,[C][C][Branch1][C][C][C][C][C][C][C][C][C@H1][Branch1][C][O][C][C][C][=C][C][Branch1][C][O][=C][Branch1][C][O][C][Branch1][C][O][=C][Ring1][=Branch2][C][=Branch1][C][=O][O][C][Branch1][C][O][=N][C][=Branch1][C][=O][O][C][C][=Branch1][C][=O][O][Ring2][Ring1][Branch2],-0.13457314158479086
539.6260000000003,2.772000000000001,11,5,179.49999999999997,8,0.07685321008399086,5.6405568151973915,2,[C][C][C][C][C][C@H1][Branch1][C][O][C][C][Branch1][C][O][=N][C][C][C][C][C][C@@H1][Branch1][C][O][=N][C][C][C][C][=Branch1][C][=O][O][C][=Ring1][Branch1][C][=N][O][C][=Branch1][C][=O][O][C@H1][Branch1][Ring1][C][O][C][C][=C][Ring2][Ring1][O],-0.13460430715248378
496.50900000000036,2.836100000000001,11,6,183.20999999999998,5,0.3295112611240801,4.643984063320527,2,[C][C][C][Branch1][C][O][C][C][C][C][C][C][C][=C][C][Branch1][C][O][=C][C][Branch1][C][O][=C][Ring1][Branch2][O][C][C][Branch1][C][O][=C][Branch1][C][O][C][Branch1][C][O][=C][Ring1][N][C][=Branch1][C][=O][O][C][C][=Branch1][C][=O][O][C][Ring2][Ring1][N],-0.13462117932925746
517.5280000000005,2.1746999999999996,11,5,201.63999999999996,9,0.1292593738550997,5.019811263309457,2,[O][=C][Branch1][C][O][C][C][C@H1][Branch1][C][O][C@@H1][Branch2][Ring2][C][C][Branch1][C][O][=N][C][C][C][C][=Branch1][C][=O][O][C][C@H1][Branch1][C][O][C][C][C][C][C][C][C][C][=Branch1][C][=O][O][C][Ring1][=C][O][C][Branch1][C][O][=C][Ring2][Ring1][=N][O],-0.13475955452582983
475.4910000000004,2.8145000000000007,11,6,195.57,4,0.25823564943938204,5.402853664239953,1,[C][C][C@H1][Branch1][C][O][C@@H1][Branch1][C][C][C][=Branch1][C][=O][C@H1][Branch1][C][C][O][C][=C][Branch1][C][O][C][Branch1][C][O][=C][Branch1][C][O][C][C][C][C][C][C@H1][Branch1][C][O][C][Branch1][C][O][=N][O][C][=Branch1][C][=O][O][C][Ring2][Ring1][Branch2],-0.13501260801865875
544.5100000000003,2.2461000000000007,13,6,230.73999999999995,9,0.08035252397155768,6.147143141084175,3,[C][C][O][C][Branch1][C][O][=N][C][C][C][C][C][C][C@H1][Branch1][C][C][=C][C][Branch1][C][O][=C][Branch1][C][O][C][Branch1][C][O][=C][Ring1][N][C][=Branch1][C][=O][O][=N][C@H1][Branch1][Branch2][C][C][C][=Branch1][C][=O][O][C][=Branch1][C][=O][O][C][=Branch1][C][=O][O][Ring2][Ring1][Branch2],-0.13505181968414962
545.6300000000002,2.7504000000000026,10,5,196.56999999999996,7,0.23286009191498683,5.35329992293078,1,[C][C][C][C][C][C@H1][Branch1][C][O][C][C][Branch1][C][O][=N][C@H1][Branch1][C][C][C][C][C][C][C@@H1][Branch1][C][O][=N][C@H1][Branch1][Branch2][C][C][C][=Branch1][C][=O][O][C][=Branch1][C][=O][O][C][Branch1][C][O][=N][C][C][C][=Branch1][C][=O][O][C][Ring2][Ring1][S],-0.135500602212685
513.4520000000003,2.832700000000001,13,4,207.70999999999998,5,0.10420413331102783,5.243362152400921,1,[C][O][C][Branch1][C][O][=N][C@H1][Branch1][C][C][C][C][C][C][=C][Branch1][C][O][C][Branch1][C][O][=C][Branch1][C][O][C][=C][Ring1][Branch2][C][=Branch1][C][=O][O][C][=Branch1][C][=O][O][C][C][=Branch1][C][=O][C][=C][Branch1][C][O][C][C][C][=Branch1][C][=O][O][Ring2][Ring1][Branch2],-0.1357722785254786
510.63600000000025,2.164600000000001,11,5,166.32000000000002,15,0.10279331908423478,5.261991661587894,2,[C][C][Branch1][C][C][C][C@@H1][Branch1][C][O][C][C][Branch1][C][O][=N][O][C][C][C][N][C][C][C@@H1][Branch1][=Branch1][C][C][C][C][N][=C][Branch1][C][O][C][=Branch1][Ring2][=N][Ring1][Branch1][C][=C][O][C][=Branch1][Ring2][=N][Ring1][Branch1][C][=N][O][C][Ring2][Ring1][Ring1],-0.1358359436379043
488.5540000000003,2.164890000000001,11,4,153.01,16,0.18666483637741926,4.921600327551423,1,[C][C][C][C][C][C][C@H1][Branch1][C][C][O][C][C@H1][Branch1][C][O][=N][C][C][=C][Branch1][C][O][C][Branch1][C][O][=C][Ring1][=Branch2][C][=Branch1][C][=O][O][=C][Branch1][Branch1][C][O][C][C][C][=Branch1][C][=O][O][C@H1][Ring2][Ring1][Branch2][C][Branch1][C][O],-0.13598469619777018
472.49100000000027,2.1887999999999996,11,7,204.51999999999998,8,0.20126831155643277,5.258568865558516,1,[C][C][Branch1][C][C][Branch1][C][C][C][Branch1][C][O][=C][C][Branch1][C][O][C][=C][Branch1][C][O][C][C][C][C][Branch1][Ring1][C][O][=C][Branch1][C][O][C][Branch1][C][O][=C][Branch1][C][N][O][C][C][C][=Branch1][C][=O][O][C][Branch1][C][O][=N][Ring1][N],-0.1360964757956648
540.5220000000002,2.2263,13,6,217.15999999999997,3,0.17246367244915733,6.000820919289869,2,[C][O][C][Branch1][C][O][=N][C][=C][C][=C][Branch1][C][O][C][C][C][=Branch1][Ring2][=N][Ring1][Branch1][C][Branch1][C][C][C][C][C][Branch1][C][O][C][=C][Branch1][C][O][C][Branch1][C][O][=C][Branch1][C][O][C][C][=Branch1][C][=O][O][C][Branch1][C][O][C][C][=Branch1][C][=O][O][=C][Ring2][Ring1][Branch2],-0.13621306962255877
536.6260000000003,2.7892000000000006,12,4,159.10999999999999,17,0.10032870679322985,5.378992863578166,2,[C][C][Branch1][C][O][C][C@H1][Branch1][C][C][C][C][C@H1][Branch1][C][O][C][C][=C][N][Branch1][C][O][C][C][C][=Branch1][Ring2][=N][Ring1][Branch1][C][=C][O][C][=Branch1][Ring2][=N][Ring1][Branch1][C][=C][O][C][C][C][=Branch1][C][=O][O][C][Branch1][C][C][=C][N][C][Branch1][C][O],-0.1369223060863355
431.4380000000003,2.5187,10,5,185.84000000000003,13,0.055137136433216896,4.477618462350031,0,[C][C][C][C][C][C][C@H1][Branch1][C][C][O][C][=C][Branch1][C][O][C][=C][Branch1][C][O][C][Branch1][C][O][=C][Ring1][N][C][=Branch1][C][=O][O][C][=Branch1][C][=O][O][C@H1][Branch1][C][O][C][C][=Branch1][C][=O][N][Ring2][Ring1][Branch2],-0.1373278623440992
473.5190000000003,2.8185700000000002,11,6,186.82999999999998,2,0.3254896123753407,5.0329548735408105,1,[C][C][C][C@H1][Branch1][C][C][O][C][C][C][C][C@H1][Branch1][C][O][=C][Branch1][C][O][C][C][C][Branch1][C][O][=C][Branch1][C][O][C][C][C][=Branch1][C][=O][O][C][Branch1][C][O][=C][Ring1][N][C][=Branch1][C][=O][O][C][Ring2][Ring1][N][=N],-0.13799590076520377
510.5480000000002,2.841380000000002,7,5,214.42999999999995,14,0.13164320058468412,4.701219510161794,1,[C][O][C][C][O][C][Branch1][C][O][=N][C][C][C][C][C][C][C][C][N][=C][Branch1][C][O][C][Branch1][C][O][=N][C][Branch1][C][O][=N][C][Branch1][C][O][=N][C][C][C][C][=Branch1][Ring2][=C][O][Ring1][Branch1][C][#N],-0.13817195779173216
485.4420000000003,2.8378700000000006,13,7,216.28999999999996,6,0.12501797650398755,5.214553929105352,1,[C][O][C][Branch1][C][O][C][C][C][C][C][Branch1][C][O][=C][Branch1][C][O][C][=C][Branch1][C][O][C][C][=Branch1][C][=O][C][Branch1][C][O][=C][Branch1][C][O][C][Branch1][C][C][=C][Ring1][#C][C][=Branch1][C][=O][O][C][Branch1][C][O][=C][O][C][Ring2][Ring1][=Branch1][=N][Ring1][Branch2],-0.138248773448447
485.4420000000003,2.8379,12,7,218.45999999999998,5,0.22018263382488565,4.715996471034684,1,[C][C][C][Branch1][C][C][=C][C][C][Branch1][C][O][=C][C][Branch1][C][O][=C][Branch1][C][N][O][C][Branch1][C][O][=C][Branch1][Ring1][O][C][C][C][=Branch1][C][=O][O][C][C][Branch1][C][O][=C][Branch1][C][O][C][Branch1][C][O][=C][Ring2][Ring1][Branch2][C][=Branch1][C][=O][O],-0.13826050432426445
531.5550000000005,2.807800000000001,12,7,212.30999999999995,18,0.044599236924591536,4.894341394150723,1,[C][C][C][C][C][C][C@H1][Branch1][C][C][C@@H1][Branch1][C][O][C@H1][Branch1][C][O][=N][C][C][=C][Branch1][C][O][C][C][=Branch1][C][=O][O][C][Branch1][C][O][=C][Branch1][C][O][C][C][C][C][=Branch1][C][=O][O][C][=Ring1][Branch1][C][O][C][=Branch1][C][=O][O][Ring2][Ring1][O],-0.13835247196924327
546.6140000000004,2.756500000000001,12,4,190.28000000000003,13,0.11447348441322218,5.1491895362229005,1,[O][=C][Branch2][Branch1][Ring1][C][C][C][C][C][C][=Branch1][C][=O][C][C][C][C][C][C][C][C@@H1][Branch1][C][O][C@@H1][Branch1][Ring1][C][O][O][O][C][=Branch1][C][=O][O][C][Branch1][C][O][=N][C][C][C][C][C][C][=Branch1][C][=O][O][=N][Ring2][Ring1][Branch2],-0.13862979471960638
490.45800000000037,2.8438000000000008,13,5,198.50999999999996,15,0.042719028451129945,4.384277976051406,0,[C][C][C][C][C][C][O][C][Branch1][C][O][C][=C][Branch1][C][O][C][=C][Branch1][C][O][C][Branch1][C][O][=C][Ring1][N][C][=Branch1][C][=O][O][C][C][C][=Branch1][C][=O][O][C][=Branch1][C][=O][O][C][Branch1][C][O][=C][O][C][Ring2][Ring1][Branch2],-0.13883785310930177
499.5130000000004,2.1515000000000004,10,6,203.40999999999997,19,0.022194251854202384,4.4697021539516015,0,[O][=C][Branch1][C][O][C][C][C][C][C][C][C@H1][Branch1][C][O][C][=Branch1][C][=O][C][=C][Branch1][C][O][C][=C][Branch1][Branch1][C][O][C][Branch1][C][O][=C][Ring1][N][C][=Branch1][C][=O][O][C][C][=C][N][=C][Branch1][C][O][C][Branch1][C][O][=C][Ring2][Ring1][#Branch2],-0.1394034026700925
516.5440000000003,2.839200000000001,10,6,218.42999999999998,19,0.02786143125368224,4.147469599534936,0,[C][O][C][C][O][C][Branch1][C][O][=N][C][=C][Branch1][C][O][C][C][C][C][C][=C][Branch1][C][O][C][Branch1][C][O][=C][Ring1][N][C][=Branch1][C][=O][O][C@H1][Branch1][=Branch1][C][=Branch1][C][=O][O][C][C][C][C][C][C][=Branch1][C][=O][N][Ring2][Ring1][O],-0.13965628573036062
502.55700000000036,2.1501,11,5,180.04999999999998,6,0.2651470153245831,5.63148985412545,1,[C][C][C@H1][Branch1][C][C][C@H1][Branch1][C][C][C@@H1][Branch1][C][O][C@H1][Branch1][C][O][C][C][=C][Branch1][C][O][C][C][=Branch1][C][=O][O][=C][Branch1][C][O][C][C][Branch1][C][O][=C][Ring1][=Branch2][C][C][C][=Branch1][C][=O][O][C][C@H1][Branch1][C][C][C][=Branch1][C][=O][O][Ring2][Ring1][Branch2],-0.14005339908763367
511.52400000000034,2.1543,11,7,203.07999999999998,10,0.10448435517724362,5.03334057653849,2,[C][C][C][C][C][C@H1][Branch1][C][O][C][=C][Branch1][C][O][C][C][C][C][=C][C][Branch1][C][O][=C][Branch1][C][O][C][Branch1][C][O][=C][Ring1][=Branch2][C][=Branch1][C][=O][O][C@H1][Branch1][#Branch1][C][C][=Branch1][C][=O][O][=N][C][C][=Branch1][C][=O][O][=C][Ring2][Ring1][Branch2],-0.14018761965309212
486.5180000000003,2.8442000000000007,10,6,198.69999999999996,5,0.3139603310047753,5.079181086750742,1,[C][C][C][Branch1][C][O][C][C][C][C][C][Branch1][C][O][=N][C][C][C][C][C][Branch1][C][O][=C][Branch1][C][O][C][Branch1][C][O][=C][Ring1][N][C][=Branch1][C][=O][O][C][Branch1][C][O][=N][C][C][C][=Branch1][C][=O][O][C][Ring2][Ring1][O],-0.1402955441060052
498.48100000000045,2.1492000000000004,11,4,186.11999999999998,6,0.1473629056973168,4.433140313320527,2,[C][C][C][C][C][C@H1][Branch1][C][O][C][C][=C][Branch1][C][O][C][=C][Branch1][C][O][C][Branch1][C][O][=C][Ring1][=Branch2][C][=Branch1][C][=O][O][C@H1][Branch1][#Branch1][C][C][=Branch1][C][=O][O][C][=Branch1][C][=O][O][C][C][C][C][=Branch1][C][=O][O][C][Ring2][Ring1][=N],-0.14035288327640422
472.4910000000003,2.8235,10,5,179.86,11,0.17037873784702778,5.270557823190519,1,[C][C][O][C][C][C][O][C][Branch1][C][O][C][=C][Branch1][C][O][C][=C][Branch1][C][O][C][Branch1][C][O][=C][Ring1][N][C][=Branch1][C][=O][O][C@H1][Branch1][=Branch1][C][C][C][C][C][N][=C][Branch1][C][O][C][Branch1][C][O][=N][Ring2][Ring1][=Branch1],-0.14061059819231242
527.4790000000005,2.1759800000000005,13,7,244.29999999999995,15,0.04028293340645028,4.341612574408757,0,[C][O][C][=C][C][Branch1][C][O][=C][Branch1][C][O][C][Branch1][C][O][=C][Branch1][Ring1][C][#N][C][Branch1][C][O][=C][Branch1][C][C][C][Branch1][C][O][=C][Ring1][=C][C][=Branch1][C][=O][O][C@H1][Branch1][#Branch1][C][C][=Branch1][C][=O][O][C][=Branch1][C][=O][O][C][C][C][C][C][O],-0.1407786042976704
533.6390000000005,2.1894700000000005,12,7,204.85,22,0.02680558918106045,5.401565137458588,0,[C][C][C@H1][Branch1][C][O][C][C@H1][Branch1][C][C][C][C@@H1][Branch1][C][O][=N][C@H1][Branch1][C][C][O][C][C][C][C][C][C@@H1][Branch1][C][O][=C][C][Branch1][C][O][=C][Branch1][C][O][C][C][C][=Branch1][C][=O][O][C][Branch1][C][O-1][=C][O][C][Ring2][Ring1][N][=N][Ring1][#C],-0.14126199144851412
570.5480000000003,2.5344000000000007,14,4,212.22999999999996,6,0.26723516233913974,5.687363141770458,2,[C][O][C][Branch1][C][O][=C][C][=C][Branch1][C][O][C][Branch1][C][O][=C][Ring1][Branch2][C][C][=Branch1][C][=O][O][C][Branch1][C][O][C][C][C][C][C@H1][Branch1][#Branch1][C][C][=Branch1][C][=O][O][C][=N][O][C][=Branch1][Branch1][=N][O][C][C][C][C][C][=Branch1][C][=O][O][C][Ring2][Ring1][=N],-0.14176536536122003
561.6250000000005,2.6752000000000002,12,5,198.14999999999998,8,0.2142175372038947,5.588328879107017,1,[C][C][C@H1][Branch1][C][O][C@@H1][Branch1][C][C][C][C][C@@H1][Branch1][C][O][=N][C@H1][Branch1][C][C][C][C@H1][Branch1][C][O][C][C][C][=Branch1][C][=O][O][C@H1][Branch1][Branch2][C][C][C][=Branch1][C][=O][O][C][C][C][=Branch1][C][=O][O][C][=C][Branch1][C][O][C][O][C][Ring2][Ring1][=N][=O],-0.1417807070796314
510.5400000000004,2.851100000000002,11,5,187.69999999999996,9,0.13348763696407642,5.863006166764897,2,[C][C][Branch1][C][C][C][C][C][C][C][C][Branch1][C][O][=N][C][C][=N][C][=Branch2][Ring1][Branch2][=C][C][Branch1][C][O][=C][Branch1][C][O][C][Branch1][C][O][=C][Ring1][N][C][=Branch1][C][=O][O][=C][C][Branch1][C][O][C][C][=Branch1][C][=O][O][=C][Ring2][Ring1][Branch2][O],-0.1420132388194856
459.5400000000002,2.7924,8,7,187.91999999999996,9,0.15555855366216242,5.177947703405762,1,[C][C][O][C][Branch1][C][O][C][C][C][C][Branch1][C][O][=N][C][C][C][C][C][C][C][C][C@@H1][Branch1][Ring1][C][O][=N][=C][Branch1][C][O][C][Branch1][C][O][=C][Branch1][C][O][C][Branch1][C][O][=N][Ring2][Ring1][Ring2][=N][=N][Ring1][Branch2],-0.1422240767240201
543.5220000000004,2.7815000000000003,13,5,210.86999999999998,5,0.11897643359915268,4.900838522840166,2,[C][O][C][=C][C][Branch1][C][O][=C][Branch1][C][O][C][Branch1][C][O][=C][Ring1][=Branch2][C][=Branch1][C][=O][O][C@H1][Branch1][C][O][C][C][C][C][C][C@H1][Branch1][C][C][C@@H1][Branch1][Branch2][C][C][=Branch1][C][=O][O][O][C][Branch1][C][O][=N][C][C][C][=Branch1][C][=O][O][=C][Ring2][Ring1][#Branch1],-0.1423215301210613
528.5070000000004,2.826900000000002,13,5,198.50999999999996,6,0.14601210156489638,5.624475502495594,2,[C][C][O][C][C][C][O][C][Branch1][C][O][C][C][=C][Branch1][C][O][C][=C][Branch1][C][O][C][Branch1][C][O][=C][Ring1][N][C][C][=C][Branch1][C][O][C][=Branch1][C][=O][O][C][=Branch1][C][=O][O][C][C][C][C][C][=Branch1][C][=O][O][=C][Ring2][Ring1][O],-0.14264912826933188
541.5500000000003,2.790300000000003,12,5,200.35999999999999,10,0.09546387728001153,4.69735793717157,2,[C][C][Branch1][C][C][C][C][C][C][C][C][C][C][C@H1][Branch1][C][O][=N][C][=C][Branch1][C][O][C][=C][Branch1][C][O][C][Branch1][C][O][=C][Ring1][=Branch2][C][=Branch1][C][=O][O][C][C][=Branch1][C][=O][O][C][=Branch1][C][=O][O][C][Branch1][C][O][C][C][Ring2][Ring1][Branch2][=O],-0.1427916818305617
474.45900000000023,2.833500000000001,11,6,200.27999999999997,5,0.19352747570659415,4.912484873540811,1,[C][O][C][Branch1][C][O][=C][C][Branch1][C][O][=C][Branch1][C][O][C][C][C][C][C][C@@H1][Branch1][C][C][=C][C][Branch1][C][O][=C][Branch1][C][O][C][=Branch1][C][=O][O][C@H1][Branch1][#Branch1][C][C][=Branch1][C][=O][O][C][=Branch1][C][=O][O][C][Ring2][Ring1][Branch2],-0.14284582851452135
529.4950000000005,2.1741,12,4,204.22,18,0.06612388489579661,4.64605760043108,1,[C][O][C][Branch1][C][O][=C][C][=C][Branch1][C][O][C][Branch1][C][O][=C][Ring1][Branch2][C][C][=Branch1][C][=O][O][C@@H1][Branch1][#Branch1][C][C][=Branch1][C][=O][O][C][C][C][C][=Branch1][C][=O][C][C][C@H1][Branch1][C][C][C][C][=Branch1][C][=O][N][O][O][C][Ring2][Ring1][Branch2][=O],-0.1430858123644692
531.5150000000002,2.178,13,6,218.18999999999997,2,0.17111865830550246,5.495176648818385,1,[C][O][C][Branch1][C][O][=N][C][=C][C][=C][Branch1][C][O][C][C][C][C][Branch1][C][O][=C][Branch1][C][O][C][C][C][=Branch1][C][=O][O][C][Branch1][C][O][C][Branch1][C][O][=N][C][C][C][C][C][=Branch1][C][=O][O][=N][O][C][Ring2][Ring1][N],-0.1433953308165927
502.5130000000003,2.1415999999999995,12,5,189.27999999999997,16,0.03936883732600822,4.474549384381529,0,[C][O][C][Branch1][C][O][=C][C][=C][Branch1][#Branch1][C][=Branch1][C][=O][O][C][C@H1][Branch1][C][O][C][C][C][C][C][=C][Branch1][C][O][C][Branch1][C][O][=C][Ring1][N][C][=Branch1][C][=O][O][C][C][C][C][=Branch1][C][=O][O][=C][Branch1][C][O][C][Ring2][Ring1][Branch2],-0.1434480751909905
500.55300000000017,2.8596700000000013,10,6,210.99999999999997,3,0.24787378602809135,5.11388558924343,1,[C][C][Branch1][C][C][Branch1][C][C][O][C][Branch1][C][O][=N][C][C][C][C][C][C][C][C][C][N][=C][Branch1][C][O][C][Branch1][C][O][=N][C][Branch1][C][O][=N][C][C][C][=Branch1][C][=O][O][=N][O][C][Ring2][Ring1][Branch2][=N],-0.1438722511813871
545.5900000000004,2.2213000000000016,11,6,227.93999999999997,7,0.06819101342328893,5.5010640807438005,1,[C][O][C][Branch1][C][O][C][C][O][C][Branch1][C][O][=N][C][C][C][C][C][C][C][N][=C][Branch1][C][O][C][Branch1][C][O][=N][C][Branch1][C][O][=N][C][C][C][C][=Branch1][C][=O][O][=C][Branch1][C][C][C][C][Ring2][Ring1][Branch2][=N][O],-0.1440193834176497
501.53300000000036,2.1375,10,6,211.05999999999997,10,0.08432870391249579,5.421471066054769,1,[C][C][Branch1][C][C][C@@H1][Branch1][C][O][C][C][C][C][=Branch1][C][=O][N][=C][Branch1][C][O][C][Branch1][C][O][C][C][C][=Branch1][Ring2][=N][Ring1][N][O][C][Branch1][C][O][=N][C][C][C][C][=Branch1][C][=O][O][C][Branch1][C][O][=C][Branch1][C][O][C][C][=Ring2][Ring1][Branch2],-0.14503241139828016
488.4420000000004,2.8580000000000005,12,9,234.66999999999996,10,0.09315877687657562,5.378902823723447,1,[C][O][C][Branch1][C][O][C][C][=C][Branch1][C][O][C][Branch1][C][O][=C][C][Branch1][C][O][=C][Branch1][C][O][C][C][C][C][C][Branch1][C][O][=C][Branch1][C][O][C][=Branch1][C][=O][O][C][Branch1][C][O][=C][Ring1][=N][C][C][C][=Branch1][C][=O][O],-0.1450537467837354
475.49100000000027,2.1579,11,7,206.56999999999996,15,0.0347112150564814,4.262542018415381,0,[C][C][Branch1][C][C][C][C][C][Branch1][C][O][C][=C][C][Branch1][C][O][=C][Branch1][C][O][C][C][C][N][=C][Branch1][C][O][C][Branch1][C][O][=C][Branch1][C][O][C][C][=Branch1][C][=O][O][C][Branch1][Ring1][Ring1][O][C][=Branch1][C][=O][O][Branch1][C][O][Ring2][Ring1][Branch2],-0.14535456623030432
532.5430000000003,2.825800000000002,11,8,239.15999999999994,19,0.029900789642290433,4.01586386769662,0,[C][O][C][C][C][C][C][Branch1][C][O][=N][C][C][Branch1][C][O][=N][C][C][C][C][C][C][=Branch1][C][=O][O][C][Branch1][Ring1][C][O][=C][Branch1][C][O][C][Branch1][C][O][=C][Branch1][C][O][C][Branch1][C][O][=C][Ring1][N][C][C][=Branch1][C][=O][O],-0.1456691106446397
529.6070000000004,2.83336,10,5,196.02999999999997,9,0.16817511774234503,5.244186989868565,1,[O][=C][Branch1][C][O][C][C@H1][C][C][C@H1][Branch1][C][O][C][C][C][C][C][C@H1][Branch1][C][O][=C][Branch1][C][O][C][=Branch1][C][=O][O][C@H1][Branch1][#Branch1][C][C][=Branch1][C][=O][O][C][=Branch1][Branch1][=N][O][C][C][C][C][C][C][C][Ring2][Ring1][N][=N],-0.14590037742240453
529.4950000000003,2.166,14,7,225.03,15,0.02361520340778214,5.097106343766953,1,[C][O][C][Branch1][C][O][=C][C][=C][Branch1][C][O][C][C][Branch1][C][O][=C][Ring1][Branch1][C][C][=Branch1][C][=O][O][=C][Branch1][C][O][C][Branch1][C][O][C][C][=Branch1][C][=O][O][C][C][C][C][=C][C][Branch1][C][O][=C][Branch1][C][O][C][C][Ring2][Ring1][Branch2][=N][O],-0.14604376090747626
500.4530000000003,2.1346,12,5,206.34999999999997,7,0.19306298971774433,5.331486314401829,2,[C][C][C][C][C][C][C][C][C@H1][Branch1][C][O][C@H1][Branch1][C][O][C][C][=C][C][Branch1][C][O][=C][Branch1][C][O][C][=C][Ring1][=Branch2][C][=Branch1][C][=O][O][C@H1][Branch1][#Branch1][O][C][=Branch1][C][=O][O][C][=Branch1][C][=O][O][C][=Branch1][C][=O][O][Ring2][Ring1][N],-0.1461628079779532
545.5380000000005,2.2138999999999998,12,8,243.86999999999995,12,0.07592849291119505,5.497024202180941,1,[C][C][C][Branch1][C][O][C][C@H1][Branch1][C][O][C][C][C][C][C][=C][C][Branch1][C][O][=C][Branch1][C][O][C][Branch1][C][O][=C][Ring1][N][O][C][=Branch1][C][=O][O][C][=Branch1][C][=O][C][C][C][C@H1][Branch1][Ring1][C][O][N][=C][Branch1][C][O][C][=Branch1][C][=O][O],-0.1462578250077588
559.5850000000005,2.2874899999999996,13,5,206.34999999999997,3,0.1457305092437747,5.570409086207736,1,[C][C@@H1][C][C][C][C@H1][Branch1][C][O][=C][C][C][C@H1][Branch1][C][O][=C][Branch1][C][O][C][C][=C][Branch1][C][O][C][C][C][=Branch1][C][=O][O][C][C@H1][Branch1][Branch2][C][C][=Branch1][C][=O][O][C][C][=Branch1][C][=O][O][C][=Branch1][C][=O][O][C][Ring2][Ring2][Ring1][=C][O],-0.14638022037147047
505.58900000000045,2.1345899999999998,10,7,194.68999999999997,14,0.06038849133457438,5.529766560806775,1,[C][C][Branch1][C][C][C@@H1][N][C][=Branch1][C][=O][O][C@H1][Branch1][C][O][C][C][C@H1][Branch1][C][O][C][Branch1][C][O][=N][O][C][C][C][C][C][C][C][C][C][C][C@@H1][Branch1][C][O][=N][C][Branch1][C][O][=N][O][Ring1][N],-0.1465907997795225
513.5600000000004,2.861600000000001,11,4,175.04,15,0.0832602741086779,5.722501165407358,1,[C][O][C][Branch1][C][O][C][C][=C][Branch1][C][O][C][C][=C][Branch1][C][O][C][Branch1][C][O][=C][Ring1][N][C][=Branch1][C][=O][O][C][Branch1][=Branch1][C][C][C][C][=Branch1][C][=O][O][C][Branch1][C][O-1][C][Branch1][C][O][C][C][C][C][C][=C][C],-0.1471605381887419
442.4170000000003,2.7295000000000007,11,5,180.04999999999998,2,0.3132347848851235,5.177944784492341,2,[C][C][C][C][C][C][C][C@H1][Branch1][C][O][C][=C][Branch1][C][O][C][C][Branch1][C][O][=C][Branch1][C][O][C][C][=Branch1][C][=O][O][C][Branch1][C][O][=C][Ring1][N][C][=Branch1][C][=O][O][C][=Branch1][C][=O][O][C][Ring2][Ring1][N],-0.1472767719499579
541.5540000000004,2.8040700000000003,12,6,220.77999999999997,15,0.05812673316789952,4.483321878042868,1,[C][O][C][Branch1][C][O][=N][C][=C][C][=C][Branch1][C][O][C][C][C][Branch1][C][O][=C][Ring1][Branch2][C][=Branch1][C][=O][O][C][C][C][C][C][=Branch1][C][=O][O][C][Branch1][C][O][C][Branch1][C][O][=N][C][C][C][C][C][=Branch1][C][=N][O][C][Ring2][Ring1][Branch2],-0.14731025099428813
469.4430000000002,2.8417700000000012,11,6,203.89999999999998,15,0.05498734411520349,3.35463181462889,1,[O][=C][Branch1][C][O][C][C][C][C][C][C][C][C][C][=C][C][Branch1][C][O][=C][Branch1][C][O][C][Branch1][C][O][=C][Ring1][=Branch2][C][=Branch1][C][=O][O][C][C][=Branch1][C][=O][O][C][Branch1][C][O][=C][O][C][=Branch1][Ring2][=N][Ring1][Branch2],-0.1497464465688588
514.5760000000004,2.8679000000000014,9,5,203.19,10,0.09539941686762307,5.0432766869175785,1,[C][C][C][C][C][C][O][C][Branch1][C][O][C][Branch1][C][O][=N][C][C][C][C][C][N][=C][Branch1][C][O][C][Branch1][C][O][=N][C][C][C][C][C][=Branch1][C][=O][O][C][Branch1][#Branch1][C][C][=Branch1][C][=O][O][=N][Ring2][Ring1][Branch2],-0.15001968105552088
554.6410000000003,2.757500000000001,12,5,203.19,9,0.20958785389356346,6.105382738331253,2,[C][C][C][Branch1][C][O][C][Branch1][C][C][C][C][Branch1][C][O][C][C][C][C][C][C][C][Branch1][Ring2][N][=N][Ring1][Branch1][C][=N][C][C][Branch1][C][O][=C][Branch1][C][O][C][C][Branch1][C][O][=N][C][C][=Branch1][C][=O][O][=C][Branch1][C][C][C][O][C][Ring2][Ring1][Branch2][=O],-0.1501717534158812
556.6330000000005,2.7469900000000003,12,6,199.73,10,0.09999962672233853,6.409307802990664,2,[C][C][Branch1][C][C][C@H1][C][C][C][C][C][C][C][C@H1][Branch1][C][O][=C][C][Branch1][C][O][=C][Branch1][C][O][C][C][=Branch1][Ring2][=N][Ring1][Branch2][O][C][C][=Branch1][C][=O][O][C][C@@H1][Branch1][C][O][C][C][C][C][=Branch1][C][=O][O][=N][C][Ring2][Ring1][Branch2][=N][O],-0.15029915625844426
530.5750000000003,2.8454000000000015,11,4,201.42,5,0.30224636914501407,5.208324665464563,1,[C][C][C][C][C][C@H1][Branch1][C][O][C][Branch1][C][O][=N][C][C][C][C][C@@H1][Branch1][C][C][O][N][=C][Branch1][C][O][C][C][C][=Branch1][C][=O][O][C][Branch1][C][O][=N][C][Branch1][C][O][=N][C][C][C][=Branch1][C][=O][O][=C][Ring2][Ring1][=N],-0.1510877496688604
513.5840000000003,2.8724800000000013,11,5,186.76999999999998,7,0.2487028858190046,5.522247676346458,1,[C][C][C][C@H1][Branch1][C][O][C][C][C][C][C@H1][Branch1][=Branch1][C][C][C][C][#N][C@H1][Branch1][C][O][C@H1][Branch1][C][O][C][C][=C][C][Branch1][C][O][=C][Ring1][Branch2][O][C][=Branch1][C][=O][O][C@H1][Branch1][C][O][C][C][C][=Branch1][C][=O][O][Ring2][Ring1][=C],-0.1514487249467627
498.48100000000034,2.879200000000001,12,7,203.43999999999997,10,0.07635367925716666,5.394064925603404,1,[C][O][C][Branch1][C][O][C][O][=C][C][Branch1][C][O][=C][Branch1][C][O][C][C][C][C][=C][Branch1][C][C][C][=C][Branch1][C][O][C][Branch1][C][O][=C][Ring1][N][C][=Branch1][C][=O][O][C][=Branch1][C][=O][C][C][=C][Branch1][C][O][C][Branch1][C][O][=C][Ring1][=Branch2],-0.15171042101319243
433.45400000000024,2.3176000000000005,10,7,189.5,7,0.17809419007466806,5.194335382248403,1,[C][O][C][Branch1][C][O][C][C][C][C][C][Branch1][C][O][C][C][C][C][C][Branch1][C][O][=C][Branch1][C][O][C][Branch1][C][O][=C][Branch1][C][O][C][C][C][=Branch1][C][=O][O][C][Branch1][C][O][=N][Ring2][Ring1][Ring2],-0.15177826611211448
488.53800000000024,2.1245699999999994,9,7,216.55999999999997,16,0.04188984317413454,4.611481965540179,0,[C][C][Branch1][C][C][C@H1][Branch1][C][O][C][C][=Branch1][C][=O][N][=C][N][Branch1][C][O][C][C][C][C][C][C][Branch1][C][O][=N][C][Branch1][Ring1][C][O][=C][Branch1][C][O][C][C][C][C][=Branch1][C][=O][O][C][Branch1][C][O][=N][Ring2][Ring1][Branch2],-0.15191161693563812
517.5320000000004,2.8697,11,8,234.44999999999996,6,0.18823018310040357,5.338587569178174,1,[C][C][C][Branch1][C][O][C][C][C][C][C][C][C][Branch1][C][O][=C][Branch1][C][O][C][Branch1][C][O][=C][Branch1][C][O][C][C][N][=C][Branch1][C][O][C][C][N][=C][Branch1][C][O][O][C][Branch1][C][O][=N][C][C][=Branch1][C][=O][O][Ring2][Ring1][N],-0.15198019113029185
457.45200000000034,2.8154900000000014,11,4,169.05,3,0.36291290560698897,5.4628656501142245,1,[C][C@H1][C][C][C][C][C@H1][Branch1][C][C][O][C][=C][Branch1][C][O][C][=C][Branch1][C][O][C][Branch1][C][O][=C][Ring1][N][C][=Branch1][C][=O][O][C][=Branch1][C][=O][O][C][C@@H1][Branch1][C][O][C][C][C][=Branch1][C][=O][O][Ring2][Ring1][N],-0.15220630615056666
526.5870000000004,2.1419000000000006,10,5,205.85,8,0.17804776449326284,5.575921829004666,1,[C][C][Branch1][C][C][C][C][Branch1][C][O][N][=C][O][C][C][Branch1][C][O][=N][C][Branch1][C][O][C][C][C][C][C][C][Branch1][=Branch1][C][Branch1][C][N][=O][=C][O][C][Branch1][C][O][=N][C][C][C][=Branch1][C][=O][O][C][Branch1][C][C][=C][Ring2][Ring1][Branch2],-0.15279126897830264
504.53300000000047,2.1148,12,4,182.43999999999997,18,0.07020510644732304,5.343560338484467,1,[O][=C][Branch1][C][O][C][C][C][C@H1][Branch1][C][O][=N][C@H1][Branch2][Ring1][#Branch2][N][=C][C][Branch1][C][O][C][C][C][C][C][C][C][C][C][=Branch1][C][=O][O][C][=C][O][C][Branch1][C][O][=C][Ring1][=Branch2][O][C][=Branch1][C][=O][O][Ring2][Ring1][=Branch1][O],-0.1543464892895204
519.5150000000004,2.1259699999999997,13,6,219.86999999999995,5,0.17633797867282908,6.668975454299704,2,[C][C][=C][Branch1][C][O][C][C@H1][Branch1][C][O][C][C@H1][Branch1][C][C][C][=C][Branch1][C][N][/C][=C][/N][=N][C][Branch1][C][N][=N][C][=Branch1][Branch1][=C][O][Ring1][Branch1][C][=Branch1][C][=O][O][C][C][C][C][=Branch1][C][=O][O][N][=C][Branch1][C][O][C][Ring2][Ring1][Branch2][=N],-0.1546191820053389
478.49800000000045,2.871850000000001,11,4,187.23,2,0.1509900639447375,5.108407071215085,1,[C][C][Branch1][C][C][C@H1][Branch1][C][O][C][C][=Branch1][C][=O][O][C][=C][Branch1][C][O][C][=C][Branch1][Ring1][C][#N][C][=Branch1][Branch1][=C][Ring1][N][O][C][=Branch1][C][=O][O][C][C][C][C][C][C][C][C][=Branch1][C][=N][O][C][Ring2][Ring1][N][=O],-0.15483194636766684
492.56900000000047,2.8853800000000014,10,3,147.34,15,0.23015906921831247,4.817217378882362,2,[C][C][Branch1][C][C][C][C][C][C][C][C][C][C@@H1][Branch1][C][O][=N][C][=C][Branch1][Branch1][O][C][=C][Ring1][=Branch2][O][C][C][C][=Branch1][C][=O][O][C][C@@H1][Branch1][C][O][C][C][C][=Branch1][C][=O][O][C][=Ring1][Branch1][C][#N],-0.15486677548137995
558.5330000000004,2.755000000000001,14,6,226.57999999999993,15,0.0454289365963541,4.210439469353468,1,[C][C][C][C][C][C@H1][Branch1][C][O][C][C][=C][Branch1][C][O][C][=C][Branch1][C][O][C][=C][Ring1][Branch2][C][=Branch1][C][=O][O][C@H1][Branch1][C][O][C][C][=Branch1][C][=O][O][C][=Branch1][C][=O][O][C][Branch1][C][O][=C][Branch1][C][O][C][C][C][C][=Branch1][C][=O][O][=C][Ring2][Ring1][=C],-0.1552689549008437
513.4960000000002,2.8823,12,7,215.79999999999995,5,0.09281658820119351,5.607694870992194,1,[C][O][C][Branch1][C][O][=N][C][=C][C][=C][Branch1][C][O][C][C][C][C][C@H1][Branch1][C][C][O][C][=Branch1][C][=O][C@H1][Branch1][C][O][C][C][C][=C][Branch1][C][O][C][Branch1][C][O][=C][Branch1][C][O][C][Branch1][C][O][=C][Ring1][=Branch2][C][=Branch1][C][=O][O][Ring2][Ring1][Branch2],-0.15528391566417948
519.6320000000003,2.1239,10,5,175.33999999999997,6,0.25805353902076,5.291247676346458,1,[C][C][C][C][C][C][C@H1][Branch1][C][C][C@@H1][Branch1][C][O][C@@H1][Branch1][C][O][C][C][C][C@H1][Branch1][C][O][=C][Branch1][C][O][C][C][C][Branch1][C][O][=N][C][C][=Branch1][C][=O][O][=C][Branch1][C][O][C][C][C][=Branch1][C][=O][O][C][Ring2][Ring1][O],-0.15547943689118526
544.6020000000004,2.1799999999999997,12,6,212.08999999999995,10,0.1331607697433336,6.179582181967936,1,[C][C][C@H1][Branch1][C][O][C@@H1][Branch1][C][C][C][C][C@@H1][Branch1][C][O][=N][C@H1][Branch1][C][C][C][C][Branch1][C][O][=N][O][C][C][C][C][C@@H1][Branch1][#Branch1][C][C][=Branch1][C][=O][O][C][=N][O][C][=Branch1][Branch1][=C][O][Ring1][Branch1][C][=N][O][C][Ring2][Ring1][Branch2][=O],-0.15601715808205258
486.4740000000004,2.1158,10,7,218.93,10,0.07788634159452797,4.745989051198002,1,[C][O][C][Branch1][C][O][C][C][C][C][Branch1][C][O][=C][C][Branch1][C][O][=C][Branch1][C][O][C][Branch1][C][O][=C][Ring1][N][C][=Branch1][C][=O][O][C][C][C][C][=Branch1][C][=O][N][=C][Branch1][C][O][C][Branch1][C][O][=N][C][C][C][Ring2][Ring1][Branch2],-0.15604279254102044
524.5230000000004,2.8716000000000017,11,3,182.76999999999998,10,0.23230010094322293,4.885280776511842,3,[O][=C][Branch1][C][O][C][C][C][C][C][C][C][C][=C][C][Branch1][C][O][=C][C][Branch1][C][O][=C][Ring1][Branch2][O][C][C][=Branch1][C][=O][O][C][Branch1][C][O][=N][C][C][=Branch1][Branch1][=N][O][C][C][C][C][=Branch1][C][=O][O][C][Ring2][Ring1][Branch2],-0.15652271309941018
532.6310000000004,2.8583700000000007,12,6,199.18999999999997,9,0.11098606498845884,5.34542078720506,1,[C][C][Branch1][C][C][C][C][C][C][C][C][C][C][C][C@H1][Branch1][C][O][C@@H1][Branch1][C][O][C@@H1][Branch1][C][O][C][C][C][=Branch1][C][=N][O][C][=Branch1][C][=O][O][C][C][=Branch1][C][=O][O][=C][Branch1][C][O][C][C][C][Ring2][Ring1][Branch2][=N][O],-0.1575048499189793
488.4900000000002,2.8908699999999996,12,7,219.41999999999996,16,0.031818990884938704,4.502280317188529,0,[C][C][O][C][Branch1][C][O][=N][C][C][C][C][C][C][C@@H1][Branch1][C][O][C][C][C][=C][Branch1][C][O][C][Branch1][C][O][=C][Branch1][C][O][C][=Branch1][C][=O][O][C][=C][Branch1][C][O][C][=Branch1][C][=O][O][C][Ring2][Ring1][Branch1][=N],-0.15803359612436824
558.6050000000002,2.7653000000000025,13,4,216.15999999999994,16,0.018371415031878748,5.381657657748727,0,[C][O][C][Branch1][C][O][=N][C][=C][C][Branch1][C][O][=C][C][C][C][C][C][C@H1][Branch1][C][C][C@H1][Branch1][C][C][C@H1][Branch1][C][O][=C][Branch1][C][N][N+1][Branch1][C][O-1][C][C][=Branch1][C][=O][O][C][=Branch1][C][=O][O][C][Branch1][C][C][=C][C][=Branch1][C][=O][O][=C][Ring2][Ring1][S],-0.15811273984091329
498.4810000000004,2.8953000000000007,11,3,175.12,7,0.266159898500134,5.88056905131309,2,[C][C][C][C][C][C][C][O][C][=C][C][Branch1][C][O][=C][Branch1][C][O][C][Branch1][C][O][=C][Ring1][N][C][=Branch1][C][=O][O][C@H1][Branch1][Branch2][C][C][C][=Branch1][C][=O][O][C][C][=Branch1][C][=O][O][C][Branch1][C][C][C][=Branch1][C][=O][O][Ring2][Ring1][Branch2],-0.15814918224259042
506.5930000000004,2.1051,11,3,165.70000000000002,18,0.08235246109477627,4.789018847843783,0,[C][C][Branch1][C][C][C][C][Branch1][C][C][O][C][C][Branch1][C][C][=N][O][C][Branch2][Ring1][O][C][Branch1][C][O][C][O][C][Branch1][C][O][C][C][C][C][=Branch1][C][=O][O][C][Branch1][C][O][=N][C][C][C][C][=Branch1][C][=O][O][=C][Ring2][Ring1][Branch2],-0.15850940727918958
509.5120000000004,2.8938700000000006,12,4,189.54999999999998,4,0.3236822284396265,6.095884683960318,2,[C][C][C][C][C][C@H1][Branch1][C][O][C][C][Branch1][C][O][=N][C][C][=C][Branch1][C][O][C][=C][Branch1][C][O][C][C][=C][Ring1][N][C][=Branch1][C][=O][O][C][Branch1][C][O][=N][C][C][=Branch1][C][=N][O][C][C][=Branch1][C][=O][O][C][Ring2][Ring1][=C],-0.15869242225134794
437.4490000000001,2.2553799999999997,9,5,185.19,5,0.3175563146031119,5.390934002333324,2,[C][C][O][C][Branch1][C][O][C][C][C][C][C][C][Branch1][C][O][=N][C][C][C][C][C][Branch1][Ring1][C][#N][=C][Branch1][C][O][C][Branch1][C][O][=C][Ring1][=Branch2][C][=Branch1][C][=O][O][C][Branch1][C][O][=N][Ring2][Ring1][Branch2],-0.15882298797088523
515.5600000000002,2.8898,10,6,211.05999999999995,6,0.1316628994333586,5.515008979564035,1,[C][C][C][C][Branch1][C][O][=N][C][C][C][C][C][Branch1][C][O][=N][C][C][C][C][C][C][Branch1][=Branch1][C][C][=Branch1][C][=O][O][=C][Branch1][C][O][C][Branch1][C][O][=C][Branch1][C][O][C][C][=Branch1][C][=O][O][C][Branch1][C][O][=N][Ring2][Ring1][=N],-0.1589952854646956
502.5170000000004,2.1016000000000004,11,6,204.43999999999997,16,0.0342687305090897,4.200970170145934,0,[C][C][O][C][Branch1][C][O][=N][C][C][C][C][C][=Branch1][C][=O][N][C][=C][C][Branch1][C][O][=C][Branch1][C][O][C][Branch1][C][O][=C][Ring1][N][C][C][=Branch1][C][=O][O][=C][Branch1][C][O][C][C][C][C][=Branch1][C][=O][O][C][Ring2][Ring1][Branch2],-0.15943948932432003
442.4170000000003,2.2243000000000004,11,4,169.04999999999998,2,0.28086195310539525,5.079439643047623,2,[C][C][O][C][Branch1][C][O][C][C][C][C][C][C][C][=C][C][Branch1][C][O][=C][Branch1][C][O][C][Branch1][C][O][=C][Ring1][N][C][=Branch1][C][=O][O][C][=Branch1][C][=O][O][C][C][=Branch1][C][=O][O][C][Ring2][Ring1][N],-0.1594518295787158
514.4840000000003,2.1079000000000008,12,6,217.15999999999997,6,0.22174738744732797,5.183686812791704,2,[C][O][C][C][C][C][C][C][C][Branch1][C][O][=N][C][Branch1][C][O][=N][C][C][C][O][C][=C][Branch1][C][O][C][Branch1][C][O][=C][Branch1][C][O][C][Branch1][C][O][=C][Ring1][N][C][=Branch1][C][=O][O][C][C][=Branch1][C][=O][O][C][Ring2][Ring1][=N],-0.15949272906311415
467.4750000000003,2.8653700000000004,9,6,202.31999999999996,3,0.33721631208785957,5.224187392083165,2,[C][O][C][C][C][C][C][C][C][C][N][=C][Branch1][C][O][C][C][Branch1][C][O][=C][Branch1][C][O][C][Branch1][C][O][=C][Ring1][N][C][=Branch1][C][=O][N][=C][Branch1][C][O][C][C][C][=Branch1][C][=O][O][C][Ring2][Ring1][N][=N],-0.15997106114544582
497.5210000000003,2.9003900000000007,11,5,184.21,6,0.20756254648391662,5.291059886080241,1,[C][C][C][C][C][C@H1][Branch1][C][O][C][C][=Branch1][C][=O][N][C][=C][Branch1][C][O][C][C][=C][Branch1][C][O][C][Branch1][C][O][=C][Ring1][N][C][=Branch1][C][=O][O][C][C][C][C][=Branch1][C][=O][O][C@H1][Ring2][Ring1][=Branch2][C][=N][C@H1][Branch1][C][O],-0.1602327248098842
519.5440000000004,2.8911000000000007,13,6,201.30999999999997,4,0.23393494826043779,5.374862760954668,1,[C][C][C][C@H1][Branch1][C][C][C@@H1][Branch1][C][O][C][C][=Branch1][C][=O][O][C][=C][Branch1][C][O][C][Branch1][C][O][=C][Branch1][C][O][C][C][C][C][C][C][C][C@H1][Branch1][C][O][C][=Branch1][C][=O][O][=N][O][C][=Branch1][C][=O][O][C][Ring2][Ring1][=N],-0.1612493266466566
481.5100000000002,2.8930800000000003,10,7,239.56,12,0.12376626268577787,5.914506186074393,1,[C][C][C][Branch1][C][O][C][C][C][C][Branch1][C][O][=N][C][C][Branch1][C][O][=C][Branch1][C][O][C][C][C][C][Branch1][C][O][=N][C][C][N][=N][C][Branch1][Ring1][C][#N][C][Branch1][C][O][=N][C][Branch1][C][O][=N][Ring1][=N][C],-0.161522203501562
502.5130000000003,2.0957,12,6,200.27999999999997,16,0.04488054713522804,4.391599138882347,0,[C][C][C][C][C][C@H1][Branch1][C][O][C@@H1][Branch1][C][O][C][C][=C][Branch1][C][O][C][=C][Branch1][C][O][C][C][=Branch1][C][=O][O][C][C][=C][Branch1][C][O][C][Branch1][C][O][=C][Ring1][=Branch2][C][=Branch1][C][=O][O][=C][C][=Branch1][C][=O][O][C][Ring2][Ring1][Branch2],-0.16179808118763342
579.6160000000003,2.5821899999999998,13,6,226.57999999999996,22,0.03562051496555742,4.75872587541804,0,[C][C@@H1][C][C][C@H1][Branch1][C][O][=C][C][Branch1][C][O][=C][Branch1][C][O][C][C][C][C][C@@H1][Branch1][C][O][=C][Branch1][Ring1][O][C][C][C][=Branch1][C][=O][O][C][=Branch1][C][=O][O][C][C][=Branch1][C][=O][O][C@H1][Branch1][C][O][C][C][C][C][C][=Branch1][C][=O][O],-0.1625904708154823
458.46000000000026,2.1497,11,5,180.04999999999998,6,0.22344452984776417,5.297471584403523,2,[C][C][C][C][C][C@H1][Branch1][C][O][C][C][C][C][C@H1][Branch1][C][O][C@H1][Branch1][C][O][C][C][=C][Branch1][C][O][C][Branch1][C][O][=C][Ring1][N][C][=Branch1][C][=O][O][C][=Branch1][C][=O][O][C][=Branch1][C][=O][O][C][Ring2][Ring1][Branch2],-0.16289843707046392
470.4270000000003,2.1187,11,5,197.11999999999998,11,0.1277430796781224,4.3063747126874,1,[O][=C][Branch1][C][O][C][C][C][C][C][C][=C][Branch1][C][O][C][=Branch1][Ring2][=C][Ring1][#Branch1][C][=C][Branch1][Ring2][C][Branch1][C][O][=C][C][Branch1][C][O][=C][Branch1][C][O][C][=Branch1][C][=O][O][C][=Branch1][C][=O][O][C][C][=Branch1][C][=O][O][C][Ring2][Ring1][Branch2],-0.16358667340587352
501.4850000000003,2.0910000000000006,11,6,212.63999999999996,7,0.12801364088650233,5.222688052875339,1,[C][O][C][Branch1][C][O][=N][C][=C][Branch1][C][O][C][C][C][C][C][C][C@H1][Branch1][C][O][C][C][=C][Branch1][C][O][C][Branch1][C][O][=C][Ring1][=Branch2][C][=Branch1][C][=O][O][C@H1][Branch1][#Branch1][C][C][=Branch1][C][=O][O][C][=Branch1][C][=O][O][C][Ring2][Ring1][Branch2],-0.16362695652000597
522.5950000000005,2.8933800000000005,10,3,164.41,8,0.3169491399710599,6.395784236925677,3,[C][C][C][C][C][C][C@H1][Branch1][C][C][O][C][C@H1][Branch1][C][O][=N][C][=C][Branch1][Branch1][O][C][=C][Ring1][=Branch2][C][C][=Branch1][C][=O][O][C][C@H1][Branch1][Branch2][C][C][C][=Branch1][C][=O][O][C][C][=Branch1][C][=O][O][C][=Branch1][Branch1][C][C][#N][C][Ring2][Ring1][=N],-0.1637125163327476
483.38200000000035,2.0991999999999997,12,6,221.86999999999995,2,0.18824343554807627,5.597698542786991,2,[C][O][C][Branch1][C][O][=N][C][=C][C][=C][Branch1][C][O][C][C][=Branch1][Ring2][=C][Ring1][#Branch1][C][=C][Branch1][C][O][C][C][Branch1][C][O][=C][Branch1][C][O][C][C][=Branch1][C][=O][O][C][Branch1][#Branch1][O][C][=Branch1][C][=O][O][C][=Branch1][C][=O][O][C][Ring2][Ring1][Branch2],-0.16372884320119038
555.5330000000004,2.1988799999999995,13,8,255.29999999999995,18,0.030117344137019653,5.194792778187621,0,[C][=C][C][C][C@H1][Branch1][C][C][O][C][C][Branch1][C][O][=C][Branch1][Ring1][C][#N][C][=Branch1][C][=O][O][C][=C][Branch1][C][O][C][Branch1][C][O][=C][Branch1][C][O][C][C][=Branch1][C][=O][C@H1][Branch1][Ring1][C][O][C][=C][Branch1][C][O][C][Branch1][C][O][C][C][C][=Branch1][C][=O][O],-0.16383948565593157
549.5330000000002,2.1735800000000003,12,6,239.55999999999995,14,0.04560541970371455,5.138049098215172,1,[C][O][C][Branch1][C][O][=N][C][=C][C][C][=C][Branch1][C][O][C][=Branch1][Ring2][=C][Ring1][#Branch1][C][C][C][=Branch1][C][=O][O][C][Branch1][C][O][C][C][C][C][=Branch1][C][=O][N][=C][Branch1][Ring1][C][#N][C][Branch1][C][O][=C][Branch1][C][O][C][Branch1][C][O][C][C][C][Ring2][Ring1][#Branch1][=O],-0.16389653742529178
437.58500000000015,2.7655700000000003,8,6,142.55,18,0.06398363576599686,4.988528412934518,1,[C][C][C][C][C][C@H1][Branch1][C][O][C][C][C][C][Branch1][C][O][=N][C][=C][Branch1][Branch1][O][C][Branch1][C][O][C][N][C][C][C][C][=C][N][C][Branch1][Ring2][C][=N][Ring1][Branch1][C][=N][Ring2][Ring1][Ring1][N][=O][N][C][Branch1][C][O],-0.16391130798087103
440.4530000000003,2.781950000000001,9,7,220.04,13,0.09661567923032134,4.584401028460588,0,[C][O][C][Branch1][C][O][=N][C][=C][Branch1][C][O][C][C][C@@H1][Branch1][C][O][C][C][Branch1][C][O][=C][Branch1][C][O][C][C][C][C][C][C][=Branch1][C][=O][N][=C][Branch1][Ring1][C][#N][C][Branch1][C][O][=N][Ring2][Ring1][=Branch2],-0.16402045371233412
541.5100000000003,2.1452,12,5,226.35999999999999,2,0.2501918494699309,5.811830878996721,2,[C][C][C][C][Branch1][C][O][C][C][C][Branch1][C][O][=N][C][=C][Branch1][C][O][C][Branch1][C][O][=C][Ring1][N][C][=Branch1][C][=O][O][C][C][C][Branch1][C][O][=N][C][C][C][=Branch1][C][=O][O][C][Branch1][C][O][=N][C][C][C][=Branch1][C][=O][O][=C][Ring2][Ring1][N],-0.16441899768579088
443.5450000000003,2.2012000000000005,8,6,171.84999999999997,8,0.3119667428610006,5.620870059217617,1,[C][C][Branch1][C][C][C][C][C][C][Branch1][C][C][Branch1][C][O][=N][C][Branch1][C][C][C][C][C][Branch1][C][O][=N][C][Branch1][Ring1][C][O][=N][O][C][Branch1][C][O][=N][C][C][C][C][Branch1][C][O][=N][Ring2][Ring1][Ring1][C][=N][O],-0.16441927654627306
510.4960000000003,2.9077000000000015,12,8,218.59999999999997,4,0.15542562179571823,5.928399659502281,2,[C][C][C][C][C][Branch1][C][O][=N][C][=C][C][=C][Branch1][C][O][C][C][Branch1][C][O][=C][Ring1][Branch2][C][=Branch1][C][=O][O][C][C][Branch1][C][O][=C][C][Branch1][C][O][=C][Branch1][C][O][C][C][C][=Branch1][C][=O][O][C][Branch1][C][C][Branch1][C][O][=N][Ring2][Ring1][O],-0.16442551646262277
545.5380000000002,2.1558,13,6,221.86999999999995,11,0.07206481011221115,5.1392732861537755,2,[C][C][O][C][Branch1][C][O][=N][C][C][C][C][C][C][C][C][C][C][C@H1][Branch1][Ring1][C][O][=C][Branch1][C][O][C][Branch1][C][O][=C][Branch1][C][O][C][Branch1][C][O][=C][Ring1][=Branch2][C][=Branch1][C][=O][O][C][C][=Branch1][C][=O][O][C][=Branch1][C][=O][O][Ring2][Ring1][Branch2],-0.16507761864044462
531.5110000000004,2.8817700000000004,13,5,211.35999999999996,21,0.02108884522898953,4.792205897891996,0,[C][O][C][=C][C][Branch1][C][O][=C][C][=C][Branch1][#Branch1][O][C][C][C][=Branch1][C][=O][O][C][C][Branch1][C][O][=C][Branch1][C][O][C][C][C][C][C][C][=Branch1][C][=O][O][C][Branch1][#Branch1][O][C][Branch1][C][O][=N][O][C][C][Ring2][Ring1][=Branch1][=O],-0.16520140964289667
581.5550000000005,2.57059,13,5,244.63999999999993,22,0.057987712509611204,4.546535783961573,2,[O][=C][Branch1][C][O][C][C@H1][C][C][C][C][C][C@H1][Branch1][C][O][=N][C][=N][O][C][=Branch1][Ring2][=N][Ring1][Branch1][C][=C][O][C][=Branch1][Ring2][=N][Ring1][Branch1][C][=C][O][C][C][C][C][=Branch1][C][=O][O][C][C@H1][Branch1][#Branch1][C][C][=Branch1][C][=O][O][C][=Branch1][C][=O][O],-0.16553592901844705
573.6400000000002,2.309100000000001,11,5,217.12999999999997,8,0.09324531871286716,5.328648112475428,1,[C][C][Branch1][C][C][C][Branch1][C][O][C][C][Branch1][C][O][=N][C][C][C][C][C][C@@H1][Branch1][C][O][C][C][C][=Branch1][C][=O][O][C][Branch1][C][O][=N][C][C][C][C][C][=Branch1][C][=O][O][C][Branch1][C][O][=N][C][C][C][=Branch1][C][=O][O][=C][Ring2][Ring1][O],-0.16589830619991297
527.5230000000005,2.8922000000000008,11,5,198.14999999999998,9,0.13601917800390875,5.098177699042623,2,[O][=C][Branch1][C][O][C][C][C][C][C][C][C][C][=C][C][Branch1][C][O][=C][C][Branch1][C][O][=C][Ring1][Branch2][O][C][=Branch1][C][=O][O][C][C][Branch1][=Branch1][C][=Branch1][C][=O][O][C][=Ring1][Branch2][=N][O][C][C][C][C][C][=Branch1][C][=O][O][Ring2][Ring1][#Branch1],-0.16625701944880464
485.4900000000003,2.0907,10,6,211.05999999999997,9,0.09195216468266387,5.448275934935954,1,[C][C][C][Branch1][C][C][C][C][C][Branch1][C][O][=C][C][Branch1][C][O][=C][Branch1][C][O][C][C][=Branch1][Ring2][=N][Ring1][N][C][=Branch1][C][=O][O][C][Branch1][C][O][C][Branch1][C][O][=N][C][Branch1][C][O][=N][C][C][C][C][=Branch1][C][=O][O][=C][Ring2][Ring1][N],-0.166272062596216
542.5820000000003,2.1418999999999997,12,7,221.58999999999995,10,0.05640529005719031,5.082338185821736,2,[C][C][C][C][C][C@H1][Branch1][C][O][C][C][Branch1][C][O][=N][C][C][C][C][C][C@@H1][Branch1][C][N][=C][Branch1][C][O][C][O][C][=Branch1][C][=O][O][C][C][=C][Branch1][C][O][C][=C][Branch1][C][O][C][Branch1][C][O][=C][Ring1][=Branch2][C][=Branch1][C][=O][O][Ring2][Ring1][Branch2],-0.16664514543184314
550.6700000000002,2.1689000000000016,12,5,190.91999999999996,2,0.24998274844688267,5.557007532531865,1,[C][C][C@H1][Branch1][C][O][C@@H1][Branch1][C][C][O][C][C][C][C][C][C][C][C@H1][Branch1][C][C][O][C@H1][Branch1][C][O][C][C][C][C@H1][Branch1][C][O][C][=C][Branch1][C][N][N+1][Branch1][C][O-1][C][O][=N][C][=Branch1][C][=O][O][=C][O][C][Ring2][Ring1][P],-0.16676375265626492
517.5320000000004,2.907800000000001,12,5,205.79999999999998,17,0.0161940288503936,4.739841084529688,0,[C][C][C][C][C][C][C@@H1][Branch1][C][C][O][C][C][Branch1][C][O][=N][C][=C][Branch1][C][O][C][=C][Ring1][Branch2][C][=Branch1][C][=O][O][N][C][=Branch1][C][=O][O][C][Branch1][C][O][C][C][C][C][=Branch1][C][=O][O][C][Ring2][Ring1][N][=N][O],-0.16684609224072394
531.5350000000003,2.8890000000000002,11,7,241.98999999999995,18,0.03369725163981451,4.192090790773543,0,[C][O][C][Branch1][C][O][=N][C][C][C][C][Branch1][C][O][=N][C][C][C][C][C][C][C][C][Branch1][C][O][=C][Branch1][C][O][C][C][Branch1][C][O][=C][Branch1][C][O][C][=Branch1][C][=O][O][C][Branch1][C][O-1][=C][Ring1][#C][C][C][=Branch1][C][=O][O],-0.1678963516578014
558.5330000000005,2.1984999999999997,13,6,226.57999999999998,17,0.040230019556000404,4.030500477025042,1,[C][C][C][Branch1][C][O][C][C][=C][C][Branch1][C][O][=C][Branch1][C][O][C][=C][Ring1][Branch2][O][C][=Branch1][C][=O][O][C][C][=Branch1][C][=O][O][C][C][Branch1][C][O][C][C][C][=Branch1][C][=O][O][C][=C][Branch1][C][O][C][C][C][C][C][=Branch1][C][=O][O][Ring1][O],-0.16807381817522993
426.4660000000003,2.2958800000000004,9,5,172.82999999999998,13,0.12808008484322508,5.15002576951114,1,[C][C][C][Branch1][C][C][C][O][C][Branch1][C][C][C][Branch1][C][O][=N][C@H1][Branch1][C][O][C][C][Branch1][C][O][C][Branch1][C][O][=C][Branch1][C][O][C][C][C][C][C][=Branch1][C][=O][O][C][=Ring1][Branch1][C][#N][C][C][Branch1][C][O][=N][C],-0.16821234356610043
441.54900000000015,2.8039000000000005,7,4,162.64999999999998,2,0.3801404599439683,5.040269688296492,1,[C][C][Branch1][C][C][Branch1][C][C][C][Branch1][C][O][=N][C][C][Branch1][C][O][=N][C][C][C][C][C][C][C][C][C][C][C@H1][Branch1][C][O][C][Branch1][C][O-1][C][Branch1][C][O][=N][C][Branch1][C][O][=N][Ring2][Ring1][=Branch1][O],-0.16865026298230304
545.5420000000004,2.1449699999999994,11,7,248.84999999999997,21,0.02083231383767333,4.755711550344818,0,[O][=C][Branch1][C][O][C][C][C@H1][Branch1][C][O][C][/C][=C][\C][Branch1][C][O][=N][/O][C][C][C][C][=Branch1][C][=O][O][C@H1][Branch1][C][O][C][C][C][C][C][C][=Branch1][C][=O][N][=C][O][C][Branch1][C][O][=C][Ring1][P][C][Branch1][C][O][=N][Ring2][Ring1][#Branch2],-0.16871189406796488
497.5490000000002,2.9227000000000007,9,6,198.14999999999998,3,0.1926657381844179,5.343249149909567,1,[C][C][=C][Branch1][C][O][C][O][C][Branch1][C][O][=N][C][C][C][C][C][C][C][N][=C][Branch1][C][O][C][N][=C][Branch1][C][O][C][Branch1][C][O][=N][C][C][C][=Branch1][C][=O][O][=N][C][=Branch1][Branch1][=C][Ring1][=Branch2][C][Ring2][Ring1][Branch2][=O],-0.16915104493913152
471.5550000000001,2.0992700000000033,10,8,214.06999999999996,12,0.0903289196917261,5.0952190462160125,1,[C][C][C][C@H1][Branch1][C][O][C][C][C][C][Branch1][C][O][=N][C][C][C][C][C][C@H1][Branch1][C][C][=C][Branch1][C][N][C][Branch1][C][O][=C][Branch1][C][O][N][C][=Branch1][Ring2][=N][Ring1][N][C][=Branch1][C][=O][O][C][Branch1][C][O][=N][Ring2][Ring1][=C][O],-0.17008820465864044
516.5440000000006,2.0825,12,6,193.10999999999999,15,0.0804206497760329,4.439471468431501,1,[C][C][Branch1][C][C][C@H1][Branch1][C][O][C][C][C][=Branch1][C][=O][N][C][=C][O][C][=C][Branch1][C][O][C][Branch1][C][O][=C][Ring1][=Branch2][C][=Branch1][C][=O][O][C][C][C][C][C][C@H1][Branch1][C][C][O][C][=Branch1][C][=O][O][=N][C][Ring2][Ring1][#Branch1][O],-0.17024633841583808
526.5390000000002,2.9045000000000005,10,6,207.92999999999998,5,0.1008313721944668,5.056700420807234,1,[C][O][C][C][O][C][Branch1][C][O][=N][C][=C][C][=C][Branch1][C][O][C][C][=Branch1][Ring2][=C][Ring1][N][C][C][C@@H1][Branch1][C][O][C][C][C][C][=Branch1][C][=O][N][=C][Branch1][C][O][C][Branch1][C][O][=C][Branch1][C][O][C][C][=Branch1][C][=O][O][=C][Ring2][Ring1][O],-0.17028362834988017
560.6650000000004,2.798760000000001,11,8,222.21999999999994,10,0.04841441822414285,5.900818906642521,1,[O][=C][Branch1][C][O][C][C@H1][C][C][C][C][C][C@H1][Branch1][C][O][=N][C@H1][Branch1][#Branch1][C][C][=Branch1][C][=N][O][C][=Branch1][Branch1][=N][O][Ring1][O][C][C@@H1][Branch1][Ring2][C][C][C][C][C][C][=Branch1][C][=O][O][O][=C][Branch1][C][O][C][C][C][C][Ring2][Ring1][=C][O],-0.1703002493127955
513.5440000000004,2.0765000000000002,10,5,196.57,9,0.0759676638715767,5.43740478375984,1,[C][O][C][Branch1][C][O][=N][C][=C][C][=C][Branch1][C][O][C][C][C][C][C][C@@H1][Branch1][C][O][C@H1][Branch1][#Branch1][C][C][=Branch1][C][=O][O][C][=Branch1][C][=O][O][C][=Branch1][Branch1][=N][O][C][C][C][C][C][C][=Branch1][C][=O][N][Ring2][Ring1][Branch2],-0.17155209046817244
540.5220000000004,2.8782000000000005,12,5,213.99999999999997,5,0.19329403836361572,5.225745185648618,2,[C][C][C][C][C][C][C][C][O][C][=C][C][Branch1][C][O][=C][Branch1][C][O][C][Branch1][C][O][=C][Ring1][N][C][=Branch1][C][=O][O][C][Branch1][C][O][=N][C][C][C][C][=Branch1][C][=O][O][C][Branch1][C][O][=N][C][C][=Branch1][C][=O][O][=C][Ring2][Ring1][S],-0.17162100202481104
509.5160000000004,2.0734800000000004,11,7,229.05999999999995,15,0.07794604179046113,4.414520933914842,1,[C][C][O][C][Branch1][C][O][=N][C][C][C][C][C][=Branch1][C][=O][N][C][=C][N][Branch1][C][O][C][C][C][C][C][Branch1][Ring1][C][#N][C][=N][C][Branch1][C][O][=C][Branch1][C][O][C][Branch1][C][O][=C][Ring1][=Branch2][C][=Branch1][C][=O][O][Ring2][Ring1][=Branch2],-0.17166626543383523
574.5760000000002,2.7129000000000003,12,5,223.41999999999996,21,0.05752299576171864,4.270573364294228,1,[O][=C][Branch1][C][O][C][C][C][C][C][C][C][C][=C][C][Branch1][C][O][=C][Branch1][Branch1][C][O][C][Branch1][C][O][=C][Ring1][=Branch2][C][=Branch1][C][=O][O][C][=Branch1][C][=O][O][C][C][=Branch1][C][=O][O][C][Branch1][C][O][C][C][C][C][C][C][=Branch1][C][=O][O][Ring2][Ring1][N],-0.171751403790479
517.6160000000002,2.9204,10,6,186.34,22,0.014342080276589555,4.960278150025898,0,[C][=C][C][C][Branch1][C][C][C][C][C][Branch1][C][O][C][C][C][C][C@H1][Branch1][C][O][C][C][C][C@H1][Branch1][C][O][C@@H1][Branch1][C][O][C][C][C][=Branch1][C][=O][O][C][=C][Branch1][C][O][C][Branch1][C][O][=N][O][C][Ring2][Ring1][=Branch1][=O],-0.17181117374606347
455.5520000000003,2.8675700000000006,7,6,183.03,18,0.045807914975315604,4.420889561989888,0,[C][C][C][C][C][C][C@H1][Branch1][C][C][C][=Branch1][C][=O][N][O][=C][Branch1][C][O][C][C][=C][Branch1][C][O][C][C][=Branch1][Ring2][=N][Ring1][N][C][=C][Branch1][=Branch1][C][=Branch1][C][=O][O][C][C][C][C][=Branch1][C][=O][N][Ring2][Ring1][Branch2],-0.17181307167965992
490.50200000000024,2.928,12,6,192.43999999999997,13,0.09580042281089253,4.610783889780129,1,[C][O][C][Branch1][C][O][C][C][O][C][Branch1][C][O][C][C][C][C][C][C][C][C][C][=C][Branch1][C][O][C][Branch1][C][O][=C][Branch1][C][O][C][Branch1][C][O][=C][Ring1][N][C][=Branch1][C][=O][O][C][=Branch1][C][=O][O][C][Ring2][Ring1][N],-0.1722506546170434
527.5670000000005,2.9081000000000015,10,6,203.40999999999997,16,0.056581935776471436,4.55789406653923,1,[C][C][C][C][C][C][C][Branch1][C][C][=C][C][Branch1][C][O][C][Branch1][C][O][=C][C][Branch1][C][O][=C][Ring1][=Branch2][C][C][=Branch1][C][=O][O][C][C][Branch1][C][O][=N][C][Branch1][Branch2][C][C][C][=Branch1][C][=O][O][C][C][=Branch1][C][=O][O][=C][Ring2][Ring1][=C][O],-0.1722993196620355
473.48300000000023,2.089200000000002,9,8,232.86999999999995,12,0.06798063802873042,5.579745853621627,1,[C][O][C][Branch1][C][O][C][C][C][C][Branch1][C][O][=N][C][C][C][C][Branch1][C][O][=N][C][Branch1][C][O][=C][Branch1][C][O][C][C][C][C][N][=C][Branch1][C][O][C][Branch1][C][O][=N][C][Branch1][C][O][=N][Ring1][N],-0.17266634749133852
548.4940000000005,2.142000000000001,14,8,249.96999999999994,18,0.04013924146761743,4.683067674516007,0,[C][O][C][Branch1][C][O][C][O][=C][C][Branch1][C][O][=C][Branch1][C][O][C][C][=Branch1][C][=O][O][C][C][C][=C][Branch1][C][O][C][=Branch1][Ring2][=C][Ring1][Branch2][C][Branch1][C][O][=C][Branch1][C][O][C][C][=Branch1][C][=O][O][C][Branch1][C][O][=C][Ring1][#C][C][C][C][=Branch1][C][=O][O],-0.17295349705628996
510.4960000000004,2.0696800000000004,12,6,219.35999999999996,9,0.08626909069972895,5.464631314372085,2,[C][O][C][C][C][C][O][C][Branch1][C][O][C][Branch1][C][O][=N][C][C][C][C][C][C][Branch1][Ring1][C][#N][=C][Branch1][C][O][C][Branch1][C][O][=C][Ring1][=Branch2][C][C][=Branch1][C][=O][O][C][Branch1][C][O][=C][Branch1][C][O][C][C][Ring2][Ring1][=Branch1][=O],-0.17340332305927697
518.5560000000004,2.0753999999999992,12,5,181.44,7,0.10893175488874281,5.260081706836763,1,[C][O][C][Branch1][C][O][C][O][=C][C][=C][Branch1][C][O][C][=Branch1][Ring2][=C][Ring1][#Branch1][C][C][C][=Branch1][C][=O][O][C][C][Branch1][C][O][=C][Branch1][C][O][C][C][C][C][C][=Branch1][C][=O][O][=C][Branch1][C][O][C][C][C][O][C][Ring2][Ring1][Branch2],-0.1738474220228766
556.4970000000004,2.1693899999999995,12,6,246.77999999999994,18,0.026929498095458027,5.268543952677172,1,[O][=C][Branch1][C][O][C][C@@H1][C][C][C][C][=C][C][=Branch1][Ring2][=N][Ring1][Branch1][C][=C][Branch1][=Branch1][C][=Branch1][C][=O][O][C][C@H1][Branch1][C][O][C][C@@H1][Branch1][#Branch1][O][C][=Branch1][C][=O][O][C][C][=Branch1][C][=O][O][C][=C][Branch1][C][O][C][C][C][=Branch1][C][=O][O][O],-0.17394286295217817
500.5410000000003,2.06508,11,5,180.04999999999998,14,0.13377851512469793,5.351956874286158,1,[C][C][C@H1][C][C@H1][Branch1][C][C][C][C][C@@H1][Branch1][C][O][C][C][=Branch1][C][=O][O][C@H1][Branch1][C][C][=C][Branch1][C][O][C][=C][Branch1][C][O][C][Branch1][C][O][=C][Ring1][=Branch2][C][C][=Branch1][C][=O][O][C@H1][Branch1][C][O][C][=Branch1][C][=O][O][C@H1][Ring2][Ring1][=C][C],-0.17397136473569436
530.5270000000004,2.9091000000000014,12,8,231.31999999999996,17,0.03385821364706453,5.334998402203565,0,[C][O][C][Branch1][C][O][=N][C][=C][Branch1][C][O][C][Branch1][C][O][C][C][C][C][Branch1][C][O][=C][Branch1][C][O][C][C][=Branch1][Ring2][=C][Ring1][Branch1][C][N][=C][Branch1][C][O][C][C][C][=Branch1][C][=O][O][C][Branch1][C][O][C][=C][O][C][Branch1][C][O][=C][Ring1][S],-0.1746586399695139
529.5870000000004,2.0888000000000004,11,4,189.05999999999995,8,0.2674966971274513,5.8568498727039,3,[O][=C][Branch1][C][O][C][C][C][C][C][C][Branch1][C][O][C][C][=Branch1][C][=N][O][C][C][C][Branch1][C][O][=N][C][C][C][C][C][C][C][=Branch1][C][=O][O][=C][Branch1][Ring1][C][O][C][O][=C][Branch1][C][O][C][Ring2][Ring1][Branch2][=N][Ring1][#Branch1],-0.17480055113185441
497.49700000000047,2.0628,11,5,192.41,3,0.2829823026911971,6.406887945842463,2,[C][C][C][Branch1][C][O][C][Branch1][C][C][C][C][C][C][=C][C][Branch1][C][O][=C][Branch1][C][O][C][Branch1][C][O][=C][Ring1][N][C][C][=Branch1][C][=O][O][C][C][=Branch1][C][=O][O][C][Branch1][C][O][=N][C][C][C][=Branch1][C][=O][O][=C][Ring2][Ring1][O],-0.17495163456224114
529.5830000000003,2.9118000000000013,11,5,192.40999999999997,17,0.027178143285486685,5.101825342231807,0,[C][O][C][Branch1][C][O][=N][C][=C][C][=C][Branch1][C][O][C][C][C][C][C@@H1][Branch1][C][C][C@H1][Branch1][C][O][C][=C][Branch1][C][O][C][=Branch1][C][=O][O][C@H1][Branch1][C][O][C][C][=Branch1][C][=O][C@H1][Branch1][C][C][C][C][C][=Branch1][C][=O][O][=C][Ring1][#C],-0.17502369541293614
497.5450000000003,2.938200000000001,11,5,179.5,3,0.2892879583324216,6.185898378236168,2,[C][C][Branch1][C][C][Branch1][C][C][O][C][=Branch1][C][=O][N][C][Branch1][C][O][C][C][C][C][C][C][C][C][=C][Branch1][C][O][C][Branch1][C][O][=C][Branch1][C][O][C][C][=Branch1][Ring2][=N][Ring1][N][C][=N][O][C][C][=Branch1][C][=O][O][C][Ring2][Ring1][Branch2],-0.17534875676776307
487.5460000000003,2.0652999999999997,11,6,175.01,11,0.10885602548179461,6.049889197786607,2,[C][C][C][C][C][C][C@H1][Branch1][C][C][O][C][=Branch1][C][=O][C@@H1][Branch1][C][O][C][=C][Branch1][C][O][C][=C][Branch1][C][O][C][C][C][C@H1][Branch1][C][O][=C][Branch1][C][O][C@@H1][Branch1][Ring2][C][Ring1][Branch2][=N][O][C][=Branch1][C][=O][O][=C][Ring1][=C],-0.1756549539978876
539.6260000000004,2.8922000000000017,11,3,175.83999999999995,10,0.2112820986989134,5.174596461696182,2,[O][=C][Branch1][C][O][C][C][C][C][C][C][C][C][C][C@H1][Branch1][Branch2][C][C][=Branch1][C][=O][O][N][=N][O][C][C][Branch1][=Branch1][C][C][=O][O][=N][C][=Branch1][Branch1][=C][O][Ring1][Branch1][C][=N][C][C][C][C][C][C][=Branch1][C][=O][O][Ring2][Ring1][N],-0.17576181014088454
539.5340000000004,2.8925,12,5,209.48,7,0.23350989169897352,5.187173940790804,1,[O][=C][Branch1][C][O][C][C@H1][Branch1][C][O][C][C@H1][Branch1][C][O][C][=Branch1][C][=O][C][=C][N][=C][Branch1][C][O][C][=Branch1][Ring2][=C][Ring1][Branch2][O][C][C][C][C][C][C][C][C][C][=Branch1][C][=O][C][=C][Branch1][C][O][C][Branch1][C][O][=C][O][C][Ring2][Ring1][=Branch1][=O],-0.1757860876861424
533.5990000000003,2.9061400000000006,10,8,252.38999999999993,20,0.028327679188013863,5.089997258315723,0,[C][C][C][C][C][C@H1][Branch1][C][O][C@H1][Branch1][C][O][C][C][C][C][C][C][C][C@H1][Branch1][C][O-1][C][Branch1][C][O][=N][C@@H1][Branch1][Branch2][C][C][C][=Branch1][C][=N][O][C][Branch1][C][O][=N][O][C][=Branch1][C][=O][O][C][Branch1][C][O][=N][Ring2][Ring1][Branch1],-0.17580535583422977
492.50500000000034,2.9385900000000014,9,4,180.78,5,0.3522471376770786,5.681084765088418,2,[C][C][Branch1][C][C][C@H1][O][C][C][C][C][=Branch1][C][=O][N][=C][Branch1][C][O][C][C][=C][Branch1][C][O][C][Branch1][C][O][=C][Ring1][N][C][=N][C][=Branch1][Branch1][=C][O][Ring1][Branch1][C][=Branch1][C][=O][O][C][C][C][C][C][=Branch1][C][=O][N][Ring2][Ring1][N],-0.17607524015602014
528.5550000000002,2.08338,12,6,219.35999999999996,18,0.04948650712350588,4.658279400243639,1,[C][C][O][C][Branch1][C][O][=N][C][C][C][C][C][C@@H1][Branch1][C][O][C][C][C][C][C@H1][Branch1][C][O][=C][Branch1][C][O][C][Branch1][C][O][=C][Branch1][C][O][C][C][C][=Branch1][C][=O][O][C][C][=Branch1][C][=O][O][C][=Ring1][Branch1][C][#N],-0.17616216393993359
501.4410000000004,2.941200000000002,12,5,215.21999999999994,12,0.06957860935090956,3.463143611441481,1,[O][=C][Branch1][C][O][C][C][C][C][C][C][C@H1][Branch1][C][O][C][=C][Branch1][C][O][C][=C][Branch1][C][O][C][=Branch1][Ring2][=C][Ring1][Branch2][N][C][=Branch1][C][=O][O][C][C][C][=Branch1][C][=O][O][C][=Branch1][C][=O][O][C][=Branch1][C][=O][O][C][Ring2][Ring1][Branch2],-0.1765035306275778
519.5520000000002,2.0679000000000016,12,6,207.48999999999995,7,0.12360598617276986,5.437713456148348,1,[C][O][C][C][O][C][Branch1][C][O][=N][C][=C][Branch1][C][O][C][C][C][C][C][C@@H1][Branch1][C][C][=C][N][Branch1][C][O][N][=C][Branch1][C][O][O][C][Branch1][C][O][=N][C][C][C][C][=Branch1][C][=O][O][=N][C][Ring2][Ring1][#Branch1],-0.17720831926295055
487.50600000000026,2.93914,12,7,215.19999999999996,5,0.1301194364703175,6.120774021733106,1,[C][C][C@H1][Branch1][C][O][C@@H1][Branch1][C][C][C@H1][Branch1][C][O][C@H1][Branch1][C][O][C][C][C][=C][Branch1][C][O][C][=C][Branch1][C][O][C][C][C][C@H1][Branch1][#Branch1][O][C][=Branch1][C][=N][O][C][=N][O][C][=Branch1][C][=O][O][C][Ring2][Ring1][Branch2][=N][Ring1][O],-0.17742443597204977
491.52100000000024,2.942160000000001,11,6,197.60999999999996,0,0.2778191235408419,6.545718684540687,2,[C][C@@H1][C][C][C][C][C@H1][Branch1][C][O][C@@][Branch1][C][O][C][C][C][=C][Branch1][C][O][C][=Branch1][Ring2][=N][Ring1][N][C][=N][N][=C][Branch1][C][O][C][=Branch1][Ring2][=N][Ring1][Branch1][C][=C][O][C][C][C][=Branch1][C][=O][O][C][Branch1][C][O][=C][Ring2][Ring2][C],-0.17767511998026103
484.49800000000033,2.9374000000000002,10,6,191.04999999999998,7,0.17679375765044758,5.15859576086354,2,[C][C][C][C][C][C][C][C][C@H1][Branch1][C][O][C][C@@H1][Branch1][C][O][C][=C][C][Branch1][C][O][=C][Branch1][C][O][C][Branch1][C][O][=C][Ring1][N][C][=Branch1][C][=O][O][C][=Branch1][C][=O][O][C@H1][Branch1][#Branch1][C][C][=Branch1][C][=O][O][C][Ring2][Ring1][N],-0.17768581714925924
454.4800000000001,2.11795,9,6,197.60999999999999,4,0.21068693439233543,5.625515463086287,1,[C][C][Branch1][C][C][C@@H1][N][=C][Branch1][C][O][C@H1][C][O][C][C][C][C@@H1][Branch1][C][O][C][C][C][N][=C][Branch1][C][O][C][=C][Branch1][C][O][C][=Branch1][Ring2][=N][Ring1][Branch2][C][Branch1][C][O][=N][O][C][Ring2][Ring1][#Branch1][=O],-0.17788264108675692
511.5280000000003,2.9416700000000002,10,8,233.54999999999995,12,0.08248615622215534,5.404850751945334,1,[C][C][C][C][C][C@H1][Branch1][C][O][C][C][=C][Branch1][C][O][C][C][C][=C][Branch1][C][O][C][Branch1][C][O][=C][Ring1][N][C][=Branch1][C][=O][O][C][Branch1][C][O][=N][C][C][=Branch1][Ring2][=N][Ring1][Branch2][C][N][=C][Branch1][C][O][C][C][=Branch1][C][=O][O],-0.17816610609204003
508.5240000000003,2.9436800000000005,11,5,199.12999999999997,2,0.20857121658085714,5.55181969741761,1,[C][O][C][Branch1][C][O][=N][C][=C][C][=C][Branch1][C][O][C][C][C][C][C@H1][Branch1][C][C][C][C@H1][Branch1][Ring1][C][#N][C][=C][Branch1][C][O][C][Branch1][C][O][=C][Ring1][=Branch2][C][=Branch1][C][=O][O][C][C@H1][Branch1][C][O][C][=Branch1][C][=O][O][C][Ring2][Ring1][=N],-0.17828893708808768
503.54500000000024,2.0545999999999998,11,5,192.40999999999997,13,0.06165666113943184,4.856965712256697,1,[C][C][C][C][C][C@H1][Branch1][C][O][C][C][Branch1][C][O][=N][C][C][C][C][C][C@H1][Branch1][C][C][=C][Branch1][C][O][C][Branch1][C][O][=C][Ring1][=Branch2][C][=Branch1][C][=O][O][C][=Branch1][C][=O][O][C@H1][Branch1][C][O][C][=Branch1][C][=O][O][C][Ring2][Ring1][O],-0.1783010199073467
530.5470000000004,2.919500000000001,12,5,207.62999999999997,15,0.030251997592702622,5.221946726976311,1,[C][O][C][C][C][Branch1][C][O][=N][C][=C][Branch1][C][O][C][C][C][C][C][C][C@@H1][Branch1][C][C][C@@H1][Branch1][Ring1][C][O-1][C][=Branch1][C][=O][O][O][C][=Branch1][C][=O][O][C][Branch1][C][O][C][C][=C][Branch1][C][O][C][Branch1][C][O][=C][Ring1][=Branch2],-0.17857580137297507
504.48500000000024,2.9463,13,6,209.50999999999996,6,0.1746978734322038,5.13810291959583,1,[C][C][C][C][C][C][C][Branch1][C][O][C][=C][Branch1][C][O][C][C][C][O][C][=Branch1][C][=O][O][C][Branch1][C][O][C][Branch1][C][O][=C][Branch1][C][O][C][C][=Branch1][C][=O][O][C][Branch1][C][O][=C][Branch1][C][O][C][C][Ring2][Ring1][Branch2][=O],-0.17874521336248417
558.5570000000005,2.1623900000000003,13,4,204.21999999999997,13,0.0840732036327211,5.224396509422943,1,[O][=C][Branch1][C][O][C][C@@H1][C][C][C][C][C][C@H1][Branch1][C][O][=N][C][=C][Branch1][C][O][C][Branch1][C][O][=C][Ring1][=Branch2][C][=Branch1][C][=O][O][C][=Branch1][C][=O][O][C][C@H1][Branch1][#Branch1][C][C][C][=Branch1][C][=O][O][C][C][C][C][=Branch1][C][=O][O][C][Ring2][Ring1][Branch2],-0.17875282076655513
487.4580000000003,2.942500000000001,13,6,204.79999999999995,1,0.2953123021151535,4.428260342002425,1,[C][C][O][C][Branch1][C][O][=N][C][C][C][C][C][C][Branch1][C][O][=C][C][Branch1][C][O][=C][Branch1][C][O][C][C][Branch1][C][O][=C][Branch1][C][O][C][Branch1][C][O][=C][Ring1][N][C][=Branch1][C][=O][O][C][C][=Branch1][C][=O][O][C][Ring2][Ring1][=C],-0.17876858520444827
555.6490000000002,2.1489900000000013,12,5,184.01999999999998,8,0.21956851840777838,6.784291324703612,3,[C][C][C@H1][Branch1][C][O][C@@H1][Branch1][C][C][C@@H1][Branch1][C][O][C@H1][Branch1][C][C][C][C][C][C@@H1][Branch1][Ring1][=N][C@H1][Branch1][C][O][C][C][=C][Branch1][C][O][C][=Branch1][Ring2][=N][Ring1][Branch1][C][=N][O][C][C][C][=Branch1][C][=O][O][N][=C][Branch1][C][O][C][C][O][C][Ring2][Ring1][Branch2],-0.17916620222575447
525.5110000000004,2.9308000000000014,11,5,217.12999999999997,5,0.15200484736470754,5.342167547996876,1,[C][O][C][Branch1][C][O][=C][C][=C][Branch1][C][O][C][C][C][Branch1][C][O][=C][Ring1][N][C][C][Branch1][C][O][=N][C@@H1][Branch1][C][C][C][C][=Branch1][C][=O][O][C][Branch1][C][O][=N][C][C][C][C][=Branch1][C][=O][N][=C][Branch1][C][C][O][C][Ring2][Ring1][Branch2][=O],-0.1797148488133362
564.6290000000002,2.187400000000002,12,8,224.33999999999997,24,0.0210053772379534,5.030781474316774,0,[C][C][C][C][C@H1][Branch1][C][O][=N][C@H1][Branch1][C][O][C][C][C][C][C][C@H1][Branch1][C][C][Branch1][C][O][=N][C@H1][Branch1][Branch2][O][C][C][=Branch1][C][=O][O][C][C][=Branch1][C][=O][O][C][=C][Branch1][C][O][C][Branch1][C][O][=C][Ring1][N][C][C][=Branch1][C][=O][O],-0.17984057429846004
501.4890000000003,2.9499700000000004,12,6,219.49999999999997,6,0.22837555492331238,5.046809111510636,1,[C][C][C][C][C@H1][Branch1][C][O][=N][C][C][=C][Branch1][C][O][C][C][C][C][Branch1][C][O][=C][Branch1][C][O][C][C][C][=Branch1][C][=O][O][C][Branch1][#Branch1][C][C][=Branch1][C][=O][O][=N][O][C][=Branch1][C][=O][O][C][Ring2][Ring1][N][=N],-0.18001263463435022
490.55000000000035,2.9486000000000008,10,5,179.85999999999996,10,0.07626075793168662,5.705271254444294,1,[C][C][C][C][C][C][C@@H1][Branch1][C][C][C][Branch1][C][O][=N][C][Branch2][Ring1][Branch2][C][Branch1][C][O][C][C@@H1][Branch1][C][O][C][C][C][C][=Branch1][C][=O][O][C][Branch1][C][O][=N][C][C][C][=Branch1][Branch2][=C][O][Ring1][N][C][=Branch1][C][=O][O][O][Ring2][Ring1][Branch2],-0.18043260126706617
473.47500000000025,2.93117,11,7,207.05999999999997,10,0.08062916509033065,5.044604017879619,1,[C][C][C][C][C][C][C@H1][Branch1][C][O][C@H1][Branch1][C][O][C][C][C][C][=C][C][Branch1][C][O][=C][Branch1][C][O][C][Branch1][C][O][=C][Ring1][N][C][=Branch1][C][=O][O][=C][O][C][=Branch1][Ring2][=N][Ring1][N][O][C][=Branch1][C][=O][O],-0.18044254909527277
498.4850000000004,2.0483999999999996,12,4,185.92999999999998,13,0.16532784771916204,4.869791232290145,2,[C][C][Branch1][C][C][C][C][Branch1][C][O][C][=C][C][Branch1][C][O][=C][C][Branch1][C][O][=C][Ring1][=Branch2][C][Branch1][C][O][C][=Branch1][C][=O][O][C][C][Branch1][C][O][=N][C][=Branch1][Branch1][=N][O][Ring1][Branch1][C][O][C][C][C][C][C][=Branch1][C][=O][O],-0.1806654103584858
496.5090000000003,2.9519,11,7,194.20999999999998,7,0.2021930651408054,6.078980415478091,2,[C][C][C][Branch1][C][O][C][C][C][C][C][Branch1][C][O][C][C][C][C][=C][C][Branch1][C][O][=C][Branch1][C][O][C][Branch1][C][O][=C][Ring1][N][C][=Branch1][C][=O][O][C][C][=Branch1][C][=O][O][C][Branch1][C][O][=C][C][Branch1][C][O][=C][Ring2][Ring1][Branch2],-0.18089479241813466
545.5380000000004,2.1082000000000014,13,6,218.37999999999997,19,0.02604357040453863,4.121174392835768,1,[C][C][O][C][=C][C][Branch1][C][O][=C][Branch1][C][O][C][Branch1][C][O][=C][Ring1][Branch2][C][C][=Branch1][C][=O][O][C][C][C][C][C][C][C][C@H1][Branch1][#Branch1][C][C][=Branch1][C][=O][O][=N][O][C][=Branch1][C][=O][C][C][=Branch1][C][=O][O][C][Ring2][Ring1][N][O],-0.1812622304177016
544.5540000000004,2.104400000000001,14,6,230.31999999999996,7,0.1990582584802815,5.466215904066109,1,[C][C][C@H1][Branch1][C][O][C@@H1][Branch1][C][C][O][C][/C][=C][\C][=C][Branch1][C][N][C][Branch1][C][O][=C][Branch1][C][O][C][C][C][C][C][C@@H1][Branch1][#Branch1][C][=Branch1][C][=O][O][=N][O][C][=Branch1][C][=O][O][C][=C][Branch1][C][O][C][O][C][Ring2][Ring1][O][=O],-0.1816043316223488
531.5310000000003,2.0742000000000007,11,5,220.17999999999995,16,0.14230694982939837,5.018345609015244,1,[O][=C][Branch1][C][O][C][C][C][C][C][C][C][C][C@H1][Branch1][Ring1][C][O-1][O][C][=Branch1][C][=O][O][C][C@@H1][Branch1][Branch2][C][C][C][=Branch1][C][=O][O][C][C][=Branch1][C][=O][O][C][=C][Branch1][C][O][C][Branch1][C][O][=C][Ring1][P][C][Branch1][C][O],-0.18161970775221498
526.5470000000003,2.0649800000000025,9,5,218.88999999999996,16,0.03724482446862523,4.1984915147554425,0,[C][O][C][C][O][C][Branch1][C][O][=N][C][=C][Branch1][C][O][C][C][C][C][C][=Branch1][C][=O][N][C][=C][N][Branch1][Ring1][C][#N][C][Branch1][C][O][=N][C][Branch1][C][O][=N][C][C][C][C][C][=Branch1][C][=O][O][C][Ring2][Ring1][N],-0.18192788928583684
501.5290000000003,2.9561,11,6,195.56999999999996,7,0.12980096700139446,4.880688390243604,1,[C][O][C][C][C][C][Branch1][C][O][=N][C][C][C][C][C@H1][Branch1][C][O][C][C][C][C][C][=Branch1][C][=O][O][C][=C][Branch1][C][O][C][Branch1][C][O][=C][Branch1][C][O][C][Branch1][C][O][=C][Ring1][=Branch2][C][=Branch1][C][=O][O][C][Ring2][Ring1][=Branch2],-0.18246562680132394
501.5730000000003,2.0427999999999997,11,4,172.17999999999998,6,0.13866752558001202,5.517213448222354,1,[C][=C][C][C][C@@H1][Branch1][C][C][=C][C][C@H1][Branch1][C][C][C@H1][Branch1][C][C][C@@H1][Branch1][C][O][C][C][=Branch1][C][=O][O][C][C@H1][Branch1][C][O][C][C][=Branch1][C][=O][O][=C][Branch1][C][O][C][C][C][=Branch1][C][=O][O][C][Ring2][Ring1][Branch2][=N][O],-0.18290705758936707
526.5430000000005,2.9388700000000005,14,4,190.57999999999998,4,0.23916594825409543,6.585412184537736,2,[C][=C][C][C][C][C@H1][Branch1][C][O][C][C][=C][Branch1][C][O][C][=Branch1][Ring2][=N][Ring1][#Branch1][N][=C][O][C][Branch1][C][O][C][C][C][C][=Branch1][C][=O][O][C][C@H1][Branch1][C][C][C@H1][Branch1][C][C][O][C][=Branch1][C][=O][O][=N][O][C][Ring2][Ring1][N][=N],-0.18339908314928996
488.5340000000003,2.955300000000001,10,6,198.7,16,0.027419381221976537,4.576271391600075,0,[C][C][C][C][C][C@H1][Branch1][C][O][C][C][Branch1][C][O][=N][C][C][C][C@@H1][Branch1][C][O][C][C][=C][Branch1][C][O][C][Branch1][C][O][=C][Ring1][=Branch2][C][=Branch1][C][=O][O][C][=Branch1][C][=O][O][C][C][Branch1][C][O][=N][C][Ring2][Ring1][Branch2],-0.18355808623975176
474.4590000000004,2.941200000000001,12,7,203.43999999999997,7,0.12310747307577723,5.13607575513113,2,[C][O][C][Branch1][C][O][C][C][C][C][C][C][C][Branch1][C][O][=C][Branch1][C][O][C][Branch1][C][O][=C][Branch1][C][O][C][Branch1][C][O][=C][Ring1][N][C][=Branch1][C][=O][O][C][=Branch1][C][=O][O][C][Branch1][C][O][C][C][C][C][Ring2][Ring1][Branch2],-0.18372414409652338
517.6160000000003,2.0490999999999993,11,7,186.01,7,0.1934692454907879,5.3609763048608,1,[C][C][C][C@H1][Branch1][C][C][C@H1][Branch1][C][O][C@@H1][Branch1][C][O][=N][C][C][C][C][C][C][C@@H1][Branch1][C][O][=C][Branch1][C][O][C][C][C][C][C][=Branch1][C][=O][O][C][=C][O][C][Branch1][C][O][=C][Branch1][C][O][C][Ring2][Ring1][Branch2][=O],-0.18376894031364535
526.4910000000003,2.9400000000000004,12,7,220.51,14,0.05692856762149627,4.563524938615978,1,[C][O][C][Branch1][C][O][=C][C][=C][Branch1][C][O][C][C][=C][Ring1][Branch2][C][Branch1][C][O][C][C][=Branch1][C][=O][O][C][C][C][C][C][C][=Branch1][C][=O][C][=C][Branch1][C][O][C][Branch1][C][O][=C][Branch1][C][O][C][Branch1][C][O][=C][Ring1][N][C][=Branch1][C][=O][O],-0.1838017745398562
514.6200000000002,2.953800000000001,12,4,177.77999999999997,6,0.1362916406660267,5.613059622791559,1,[C][C][C][C][C][C@H1][Branch1][C][O][C][C][Branch1][C][O][=N][C@H1][Branch1][C][O][C][C][C][C][C@@H1][Branch1][C][C][C@H1][Branch1][C][O][C][/C][=C][/O][C][C][=Branch1][Ring2][=N][=N][Ring1][Branch1][C][=N][O][C][=Branch1][C][=O][O][C][Ring2][Ring1][O],-0.18385996845425648
485.5300000000003,2.0458999999999996,10,7,197.33999999999997,10,0.10398535309597129,5.927566064900578,1,[C][C][C@H1][Branch1][C][O][C@H1][Branch1][C][C][C][=Branch1][C][=O][C@@H1][Branch1][C][O][C][/C][=C][/C@@H1][Branch1][C][C][C][=C][Branch1][C][O][C][Branch1][C][O][=C][Branch1][C][O][C][C][C][C][=Branch1][C][=O][O][=C][Branch1][C][O][C][C][Branch1][C][O][=N][Ring1][N],-0.18393100119338238
526.5390000000002,2.9403000000000015,11,6,207.92999999999998,6,0.21885570227412765,5.7253057031878605,2,[C][C][C][Branch1][C][C][O][C][Branch1][C][O][C][C][C][C][C][C][C][=C][C][Branch1][C][O][=C][Branch1][C][O][C][Branch1][C][O][=C][Ring1][N][C][=Branch1][C][=O][O][C][Branch1][C][O][=N][C][Branch1][C][O][=N][C][C][C][=Branch1][C][=O][O][=C][Ring2][Ring1][N],-0.18394436246865586
512.5120000000004,2.0432,12,6,207.92999999999998,7,0.09556107232914313,6.372407769844373,2,[O][=C][Branch1][C][O][C][C][C][C][C][C][Branch1][C][O][C][/C][=C][/C][C][C@H1][Branch1][C][O][=C][Branch1][C][O][C][=Branch1][Ring2][=N][Ring1][Branch1][C][=C][Branch1][C][O][C][C][=Branch1][C][=O][O][C][C][Branch1][C][O][=C][O][C][Ring2][Ring1][Branch2][=N][O],-0.1844255919768187
463.43900000000036,2.923700000000001,11,5,179.77999999999997,1,0.3051023799524776,6.268765859625345,3,[C][O][C][Branch1][C][O][=C][C][=C][Branch1][C][O][C][C][C][=C][Branch1][C][O][C][Branch1][C][O][=C][Ring1][N][C][=Branch1][C][=O][C][=C][O][C][=Branch1][Ring2][=N][Ring1][Branch1][C][Branch1][C][=C][Branch1][C][O][C][C][C][C][=Branch1][C][=O][O][C][Ring2][Ring1][Branch2],-0.18458141099254835
559.5730000000003,2.853670000000001,14,7,259.15999999999997,8,0.07439932189935039,6.030096011128731,1,[C][O][C][Branch1][C][O][=N][C][=C][Branch1][C][O][C][C][C][C][Branch1][C][O][=C][Branch1][C][O][C][C][C][C@H1][Branch1][C][O][C][C][C][=Branch1][C][=N][N][=N][C][Branch1][Ring1][O][=N][C][C][C][=Branch1][C][=O][O][=C][Branch1][C][C][O][C][Ring2][Ring1][=Branch1][=O],-0.18495665530064137
524.5230000000004,2.948450000000001,12,7,238.6899999999999,16,0.05067020329288008,4.806896232944254,0,[C][C][C][C@H1][Branch1][C][O][C][=C][C][Branch1][C][O][=C][Branch1][C][O][C][C][=Branch1][Ring2][=N][Ring1][Branch1][C][=C][Branch1][Ring1][C][#N][C][C][Branch1][C][O][=C][Branch1][C][O][C][C][=Branch1][C][=O][O][C@@H1][Branch1][Branch2][C][C][C][=Branch1][C][=O][O][C][=Branch1][C][=O][O][C][Ring2][Ring1][=C],-0.18596422913022878
491.5340000000003,2.0369699999999997,11,7,207.05999999999997,18,0.028056055725315696,4.588360645632972,0,[C][C][C][C][C][C@H1][Branch1][C][O][C][C][C][O][C][=C][Branch1][C][O][C][Branch1][C][O][=C][Ring1][N][C][=Branch1][C][=O][O][C@H1][Branch1][Ring1][C][O][C@H1][Branch1][C][O][C][C][C][C][=Branch1][C][=O][O][C][Branch1][C][O][=N][Ring2][Ring1][Branch2],-0.18598434764248314
513.5000000000002,2.9615,10,7,231.28999999999996,8,0.10782242929432424,5.50197636931714,2,[C][C][C][C][C][C][C][Branch1][C][O][C][Branch1][C][O][=N][C][C][C][C][C][C][Branch1][C][O][=C][Branch1][C][O][C][Branch1][C][O][=C][Ring1][=Branch2][C][=Branch1][C][=O][O][C][Branch1][C][O][=N][C][=Branch1][C][=O][O][C][Branch1][C][O][=N][C][Ring2][Ring1][Branch2],-0.186564090864239
487.4580000000003,2.0367,11,5,201.64,9,0.10424298334347969,4.888411251817091,1,[C][C][Branch1][C][O][C][C][O][C][C][C][C][C][C][=C][C][Branch1][C][O][=C][Branch1][C][O][C][Branch1][C][O][=C][Ring1][N][C][=Branch1][C][=O][O][C][Branch1][C][O][=N][C][=Branch1][C][=O][O][C][C][=Branch1][C][=O][O][C][Ring2][Ring1][=N],-0.1870099180685344
512.6080000000002,2.9635000000000007,11,7,204.43999999999997,14,0.07950079850403055,5.414591423159328,2,[C][C][C][C][C][C][Branch1][C][O][C][C][C][C][Branch1][C][O][=N][C][C][C][C][C][C][Branch1][C][O][=C][Branch1][C][O][C][C][=Branch1][Ring2][=N][Ring1][Branch2][C][Branch1][Ring2][N][=N][C][Branch1][C][O][=N][C][C][Branch1][C][O][=N][O][Ring1][=C],-0.18710693909099183
514.5480000000003,2.9639000000000006,11,6,209.39999999999998,20,0.020314571635941716,4.184448720414058,0,[O][=C][Branch1][C][O][C][C][C][C][C][C][C@@H1][Branch1][C][O][C][/C][=C][\C][Branch1][C][O-1][=N][/O][C][C][C][C][C][O][C][=Branch1][C][=O][C][=C][Branch1][C][O][C][Branch1][C][O][=C][Branch1][C][O][C][Branch1][C][O][=C][Ring1][=Branch2],-0.18782728985959452
517.5720000000002,2.9618,12,5,184.57000000000002,2,0.2059652919597901,5.533164737428773,1,[C][C][C][Branch1][C][C][C@H1][Branch1][C][O][C@@H1][Branch1][C][O][=C][C][C][C][C][C][=Branch1][C][=O][O][C@@H1][Branch1][C][O][C@H1][Branch1][C][C][O][C][C][C][=C][C][Branch1][C][O][=C][Branch1][C][O][C][C][=Branch1][C][=O][O][C][Ring2][Ring1][=N][=N][O],-0.18803345217274522
553.6610000000005,2.8874000000000013,12,6,205.8,11,0.07352657806379596,6.759790180613042,2,[C][C][Branch1][C][C][C][C][C][C][C][C][Branch1][C][O][C][Branch1][C][O][=N][C][Branch1][C][O][C][C][C][Branch1][C][O][=N][C][C][C][C][Branch1][Branch2][C][C][N][=C][O][Ring1][O][=N][C][Branch1][C][O][=N][C][C][C][Ring2][Ring1][Ring2][=N][=N][O],-0.18849565852825464
516.5000000000002,2.0324000000000004,12,9,238.82999999999996,9,0.09231537526026962,5.586224767899411,1,[C][O][C][Branch1][C][O][=N][C][=C][Branch1][C][O][C][C][C][C][C][C@H1][Branch1][C][O][C][=C][Branch1][C][O][C][Branch1][C][O][=C][Branch1][C][O][C][Branch1][C][O][=C][Ring1][N][C][=Branch1][C][=O][C@@H1][Branch1][Branch2][C][C][C][=Branch1][C][=O][O][=N][O][C][Ring2][Ring1][Branch2],-0.18992883298751656
496.46900000000034,2.9745800000000013,13,4,197.35999999999996,3,0.2533922510567798,5.178457824224571,2,[C][O][C][C][O][C][Branch1][C][O][=N][C][=C][Branch1][C][O][C][C][C][C][C][C@@H1][Branch1][Ring1][C][#N][C][Branch1][C][O][=C][Branch1][C][O][C][Branch1][C][O][=C][Ring1][N][C][=Branch1][C][=O][O][C][=Branch1][C][=O][O][C][C][C][Ring2][Ring1][=N],-0.18996331242637401
483.4700000000003,2.0290999999999997,11,3,166.92,6,0.30757158792540956,5.076217149703535,3,[C][C][C][C][C][C][O][C][=C][C][Branch1][C][O][=C][Branch1][C][O][C][=C][Ring1][Branch2][C][C][=Branch1][C][=O][O][C@H1][Branch1][C][O][C][C][=Branch1][C][=O][O][C][=Branch1][C][=O][O][C][C][C][C][=Branch1][C][=O][N][Ring2][Ring1][Branch2],-0.19123925643026332
500.5010000000003,2.02087,11,6,204.92999999999998,14,0.05078788424017787,4.63329541547809,1,[C][C][C][C][C][Branch1][C][O][=C][C][=C][Branch1][C][O][C][=C][Ring1][#Branch1][C][=Branch1][C][=O][O][C@H1][Branch1][C][O][C][C][C][=Branch1][C][=O][O][C@H1][Branch1][C][O][C][C][C][C][C][=Branch1][C][=O][N][O][C][Branch1][C][O][=N][Ring2][Ring1][Branch1],-0.19165461932340688
479.48200000000037,2.968500000000002,11,4,164.33999999999997,9,0.3055784219872073,4.209626389201622,2,[C][C@H1][Branch1][C][C][O][C][C][C][=C][C][=C][Branch1][C][O][C][=Branch1][Ring2][=C][Ring1][#Branch1][C][=C][Branch1][C][O][C][C][Branch1][C][O][=C][Branch1][C][O][C][C][=Branch1][C][=O][O][C][=Branch1][Ring2][=N][Ring1][N][C][C][C][=Branch1][C][=O][O][C][Ring2][Ring1][Branch2][O],-0.19184033281872773
526.5150000000004,2.961990000000001,12,4,190.63999999999996,1,0.22218799541152054,6.426406834189015,2,[C][C@H1][C][C][C][C][C@H1][Branch1][C][C][O][C][C][C@H1][Branch1][C][O][C][=C][C][Branch1][C][O][=C][Branch1][C][O][C][C][=C][Ring1][#C][C][=Branch1][C][=O][O][C][Branch1][C][O][=N][O][C][=Branch1][C][=O][O][C][C][C][=Branch1][C][=O][O][Ring2][Ring2][Ring1][=N],-0.19225436930275536
496.44500000000033,2.0187,12,6,218.62999999999997,1,0.18677427389567092,5.697846800231789,2,[C][O][C][Branch1][C][O][=N][C][=C][C][=C][Branch1][C][O][C][=Branch1][Ring2][=C][Ring1][#Branch1][C][C][C][C][C][Branch1][C][O][=C][Branch1][C][O][C][C][Branch1][C][O][=C][Branch1][C][O][C][C][=Branch1][C][=O][O][C][Branch1][C][O-1][C][=Branch1][C][=O][O][C][Ring2][Ring1][N],-0.1926512457784792
531.5110000000005,2.9556999999999993,14,7,225.02999999999994,15,0.01858208916791922,4.843624394033517,1,[C][O][C][Branch1][C][O][C][O][C][Branch1][C][O][=C][C][Branch1][C][O][=C][Ring1][=Branch2][C][=Branch1][C][=O][O][C][Branch1][C][O][C][C][C][C][C][C][C][C][C][=Branch1][C][=O][C][=C][Branch1][C][O][C][Branch1][C][O][=C][Branch1][C][O][C][Ring2][Ring1][Branch2][=N][O],-0.19286723641925302
495.5770000000003,2.9828800000000006,8,4,189.68,19,0.0524674592579199,4.572967490568321,0,[C][O][C][Branch1][C][O][C][C][O][C][C][Branch1][C][O][=N][C][C][C][C][C][C][C][C][C][N][=C][Branch1][Ring1][C][#N][C][Branch1][C][O][=N][C][Branch1][C][O][=N][C][=Branch1][Branch1][=C][Ring1][=Branch2][C][=Branch1][C][=O][O][C][Ring2][Ring1][=Branch1],-0.19335445901245746
563.6450000000003,2.1355699999999995,14,5,198.44999999999996,10,0.14758323328543838,5.845440030534205,1,[C][C][C][C@H1][Branch1][C][C][C@H1][Branch1][C][O][C@H1][Branch1][C][O][=N][C][C][C][C][C][C@H1][Branch1][Branch2][O][C@H1][Branch1][C][O][C][C][C][C][=Branch1][C][=N][O][C][=N][O][C][=Branch1][C][=O][O][C][C][C][C][=Branch1][C][=O][O][=C][O][Ring2][Ring1][N],-0.1935257607761825
487.5100000000002,2.0202000000000013,8,7,229.70999999999995,16,0.03203826669088413,4.78428366706446,0,[C][C][O][C][Branch1][C][O][C][Branch1][C][O][=N][C][C][C][C][C][Branch1][C][O][=N][C][C][C][C][C][N][=C][Branch1][C][O][C][Branch1][C][O][=N][C][Branch1][C][O][=N][C][=Branch1][Branch1][=C][O][Ring1][Ring2][C][Ring1][#Branch1][=O],-0.19353885088012632
515.5120000000004,2.0217999999999994,12,4,190.64,15,0.08167714887231507,4.448965973926006,1,[C][O][C][Branch1][C][O][=C][C][=C][Branch1][C][O][C][Branch1][C][O][=C][Ring1][Branch2][C][C][=Branch1][C][=O][O][C][C][C][Branch1][C][O][C][C][Branch1][C][O][=N][C@H1][Branch1][#Branch1][C][=Branch1][C][=O][O][C][C][C][=Branch1][C][=O][O][C][C][C][C][Ring2][Ring1][#Branch2],-0.19377958348598065
514.4880000000004,2.9803700000000015,10,10,265.80999999999995,13,0.056062259635185345,4.394389321001764,0,[C][O][C][Branch1][C][O][=N][C][=C][Branch1][C][O][C][=C][Branch1][C][O][C][C][C][=Branch1][C][=O][N][C][=C][Branch1][C][O][C][Branch1][C][O][=C][Branch1][C][O][C][C][C][C][C][C][=Branch1][C][=O][N][=C][Branch1][C][O][C][Branch1][C][O][=N][Ring1][Branch2],-0.19432051482023271
515.5320000000003,2.980690000000001,11,5,197.11999999999998,3,0.27238797321425345,5.435922216521192,1,[C][C@@H1][C][C][C@H1][Branch1][C][O][=C][C][Branch1][C][O][=C][Branch1][C][O][C][C][C][C][C@@H1][Branch1][=Branch1][C@@H1][Branch1][C][C][O][C][=Branch1][C][=O][O][C@H1][Branch1][#Branch1][C][C][=Branch1][C][=O][O][C][C][=Branch1][C][=O][O][C][=Branch1][C][=O][O][C][Ring2][Ring2][Ring1][=C],-0.19476917690435566
575.7000000000002,2.807899999999999,13,8,202.55999999999997,21,0.04308465378600027,5.488209752324505,1,[C][C][C@H1][Branch1][C][C][C@@H1][Branch1][C][O][O][C][C][C][C@H1][Branch1][C][O][=N][C][C][C@H1][Branch1][C][O][C][C][C][C][C@@H1][Branch1][Ring1][C][O][=N][C][=Branch1][Ring2][=N][Ring1][Branch1][C][=C][O][C][=Branch1][C][=O][O][C][Branch1][C][O][=C][Branch1][C][O][C][C][C],-0.19516748089781763
502.5210000000003,2.0119000000000016,10,6,215.57999999999998,8,0.09323214805641196,5.306135064510059,1,[C][O][C][C][O][C][Branch1][C][O][=N][C][=C][Branch1][C][O][C][C][C][C][C][C][N][=C][Branch1][C][O][C][Branch1][C][O][=N][C][Branch1][C][O][=N][C][C][C][C][=Branch1][C][=O][O][=C][Branch1][C][O][C][Ring2][Ring1][Branch1],-0.19530509303138963
501.5810000000003,2.0116,9,6,193.38,21,0.04451810703574758,4.280823636484262,0,[O][=C][Branch1][C][O][C][C][C][C][C][C][C][C][C@H1][Branch1][C][O][C][C][=Branch1][C][=O][N][C][=C][N][Branch1][C][O][N][=C][Branch1][C][O][C][C][C][C][N][=C][Branch1][Ring2][N][O][C][=Branch1][C][=O][O][C][Ring2][Ring1][Branch2],-0.19538558760563685
476.43100000000027,2.975100000000001,13,6,209.50999999999996,13,0.07428443227992865,3.8500833530904277,0,[C][C][O][C][C][Branch1][C][O][=C][C][Branch1][C][O][=C][Branch1][C][O][C][C][C][C][=Branch1][C][=O][O][C][C][Branch1][C][O][=C][Branch1][C][O][C][C][Branch1][C][O][=C][Ring1][N][C][=Branch1][C][=O][O][C][=Branch1][C][=O][O][C][Ring2][Ring1][Branch2],-0.1957988576166882
529.4990000000004,2.9671700000000003,12,8,259.84999999999997,14,0.040301295937018485,4.308322818745571,0,[C][C][C][C][C][Branch1][C][O][=C][C][Branch1][C][O][=C][Branch1][C][O][C][C][C][Branch1][C][O][=C][Ring1][N][C][=Branch1][C][=O][O][C][Branch1][C][O][=N][C][C][C][=Branch1][C][=N][O][C][=Branch1][C][=O][C][Branch1][C][O][=N][C][C][C][=Branch1][C][=O][O][Ring2][Ring1][Branch2],-0.19596023430277923
487.5100000000002,2.987370000000001,10,7,222.35999999999999,6,0.1263015637774452,5.3350980362257285,1,[C][C][C][C][Branch1][C][O][=N][O][C][C][C][C][C][C][C][N][=C][Branch1][C][O][C][N][=C][Branch1][C][O][C][Branch1][C][O][=C][Branch1][C][O][C][O][N][=C][Branch1][C][O][C][O][C][Ring2][Ring1][Branch2][=N][Ring1][=N],-0.1965419118254429
541.5540000000004,2.0543,12,6,216.79999999999995,18,0.048485457909377104,4.827225616278883,1,[C][C][=C][Branch1][C][O][C][=C][Branch1][C][O][C][=C][Ring1][#Branch1][C][C][=Branch1][C][=O][O][C@H1][Branch1][C][O][C][C][C][C][C@H1][Branch1][C][O][C][=Branch1][C][=O][N][C][C][=Branch1][C][=N][O][C][=Branch1][Branch1][=N][O][Ring1][Branch1][C][C][C][C][C][=Branch1][C][=O][O],-0.19669951210920716
531.5990000000003,2.0323,12,5,184.56999999999996,18,0.07541639160677624,4.9732315989970495,1,[C][C][C@H1][Branch1][C][O][C][O][C][=Branch1][C][=O][C@H1][Branch1][C][C][=C][Branch1][C][O][C][C][C][C][C@H1][Branch1][C][C][=C][Branch1][C][O][C][Branch1][C][O][=C][Branch1][C][O][C][=Branch1][Ring2][=N][Ring1][Branch2][C][=C][O][C][C][C][=Branch1][C][=O][O][=C][O][C][Ring2][Ring1][=C],-0.1974662340857293
527.5230000000004,2.0241000000000002,12,4,190.63999999999996,11,0.18624197444382215,5.18547568261245,2,[C][C][O][C][C][C][C][C][C][C][C][C][C][=C][C][Branch1][C][O][=C][C][Branch1][C][O][=C][Ring1][Branch2][O][C][C][=Branch1][C][=O][O][C][Branch1][C][O][C][=Branch1][C][=O][O][C][Branch1][C][O][=N][C][C][=Branch1][C][=O][O][Ring2][Ring1][Branch2],-0.19815900614405604
533.5750000000002,2.0339000000000014,11,5,209.29,9,0.21372299381342913,5.38183456560321,1,[C][C][Branch1][C][C][Branch1][C][C][O][C][Branch1][C][O][C][C][C][Branch1][C][O][C][C][C][C][C][C][C][N][=C][Branch1][C][O][C][Branch1][C][O][=N][O][C][C][=Branch1][C][=O][O][C][Branch1][#Branch1][C][C][=Branch1][C][=O][O][=N][O][C][Ring2][Ring1][Branch2],-0.1981640635937804
511.5240000000004,2.0071999999999997,11,6,203.41,8,0.12885283095436842,5.122516665371313,2,[C][C][C][C][C][C][C@H1][Branch1][C][C][C][=Branch1][C][=O][C@@H1][Branch1][C][O][C][C@H1][Branch1][C][O][C][=C][Branch1][C][O][C][=C][Branch1][C][O][C][Branch1][C][O][=C][Ring1][=Branch2][C][=Branch1][C][=O][O][C][Branch1][C][O][=N][C][C][C][=Branch1][C][=O][O][C][Ring2][Ring1][Branch2],-0.1984628547209782
547.6980000000003,2.93527,14,7,207.34,23,0.04279340655413688,5.242689657548646,1,[C][C][C][C][C][C@H1][Branch1][C][O][C][C][C@H1][Branch1][C][O][=N][C][Branch1][C][N][C][C][C][C@@H1][Branch1][C][O][C][C][C][C@@H1][Branch1][=Branch1][C][C][C][N][=N][O][C][=Branch1][C][=O][O][=N][O][C][=Branch1][Ring2][=N][=N][Ring1][Branch1][C],-0.19852957583191508
481.45800000000014,2.01215,12,7,226.13999999999996,1,0.1627008185088665,5.420875087789788,2,[C][O][C][Branch1][C][O][=N][C][=C][Branch1][C][O][C][C][C][C][C][C@@H1][Branch1][C][O][C][C][C@H1][Branch1][C][O][C][C][=Branch1][C][=N][O][C][Branch1][Ring1][C][#N][=C][Branch1][C][O][C][Branch1][C][O][=C][Ring1][N][C][=Branch1][C][=O][O][Ring2][Ring1][=N],-0.19863243102776534
500.4530000000003,2.9970000000000008,12,6,209.51,14,0.08774602312052608,3.8907077469998548,1,[C][C][C][C][Branch1][C][O][=C][C][Branch1][C][O][=C][C][Branch1][C][O][=C][Ring1][Branch2][O][C][C][=Branch1][C][=O][O][C][C][C][C][=Branch1][C][=O][O][C][C][Branch1][C][O][=C][Branch1][C][O][C][Branch1][C][O][=C][Ring1][=Branch2][C][C][=Branch1][C][=O][O][Ring2][Ring1][#Branch1],-0.19880206446614213
502.46900000000045,2.9970000000000008,13,4,195.35,1,0.23214966508678544,4.992516274858987,1,[C][C][C][C][C][C][C@H1][Branch1][C][C][O][C][=C][Branch1][C][O][C][=C][Branch1][C][O][C][Branch1][C][O][=C][Ring1][N][C][=Branch1][C][=O][O][C][=Branch1][C][=O][O][C][=Branch1][C][=O][O][C][C@H1][Branch1][Ring1][C][O][C][C][=Branch1][C][=O][O][Ring2][Ring2][Ring1][O],-0.19886131811893468
532.5470000000003,2.9716700000000005,13,9,257.46999999999997,14,0.02966055637805613,4.759564351203393,0,[C][C][C][C][C][C][Branch1][C][O][C][C][Branch1][C][N][=C][C][C][Branch1][C][O][=C][Branch1][C][O][C][C][C][Branch1][C][O][=C][Branch1][C][C][N][C][=Branch1][Ring2][=N][Ring1][#Branch1][O][C][=Branch1][C][=O][O][C][C][=Branch1][C][=O][O][C][Branch1][C][O][=N][O][Ring2][Ring1][#Branch1],-0.19958167015034256
469.48700000000036,2.0246,10,6,186.34,4,0.33257994529380036,5.327396430013504,2,[C][C][C][Branch1][C][O][C][C][C][C][C][C][C][Branch1][C][O][C][=C][C][Branch1][C][O][=C][Branch1][C][O][C][Branch1][C][O][=C][Ring1][N][C][=Branch1][C][=O][O][C][Branch1][C][O][=N][C][C][C][=Branch1][C][=O][O][C][Ring2][Ring1][O],-0.19971228874558503
487.5020000000003,2.0044999999999997,10,5,192.41,14,0.1041002908580283,4.793991399430079,1,[C][C][C][C][C@H1][Branch1][C][O][=C][C][=C][Branch1][C][O][C][=C][Ring1][#Branch1][C][=Branch1][C][=O][O][C@@H1][Branch1][C][O][C][C][C][C][=Branch1][C][=O][O][C@H1][Branch1][C][O][C][Branch1][C][O][=N][C@H1][Branch1][C][C][C][C][=Branch1][C][=O][O][Ring2][Ring1][Ring2],-0.19976996775291328
545.5860000000004,2.9475700000000007,11,7,231.77999999999997,19,0.023696245931691444,5.126138374595593,0,[C][O][C][Branch1][C][O][=N][C][=C][C][=C][Branch1][C][O][C][C][C][C][C@H1][Branch1][C][O][C][C@@H1][Branch1][C][O][C][C][Branch1][C][O][=N][C][C][C][C][C][=Branch1][C][=N][=C][Branch1][Ring1][O][C][C][=Branch1][C][=O][O][C][=Branch1][C][=O][O][Ring2][Ring1][Branch2],-0.200906342279183
574.6000000000004,2.836590000000001,13,6,226.30999999999992,21,0.0407960617981869,5.077908603045754,1,[C][C@H1][C][C][C][C][C@H1][Branch1][C][O][C@H1][Branch1][C][O][C@H1][Branch1][C][O][C][C][C][C@@H1][Branch1][Branch2][C][C][C][=Branch1][C][=O][O][C@H1][Branch1][C][O][C][C][C][=Branch1][C][=O][O][C][=C][O][C][=Branch1][Ring2][=N][Ring1][Branch1][C][=C][O][C][=Branch1][C][=O][O][O],-0.20096639643482772
429.42200000000025,2.1417,10,5,171.85000000000002,0,0.2835802551154959,5.205620852333874,1,[C][C][C][C][C][C][C@H1][Branch1][C][C][O][C][=C][Branch1][C][O][C][=C][Branch1][C][O][C][Branch1][C][O][=C][Ring1][N][C][=Branch1][C][=O][O][C][=Branch1][C][=O][O][C][Branch1][C][O][C][C][=Branch1][C][=O][N][Ring2][Ring1][=N],-0.20116072861271864
402.4400000000002,2.3746,9,4,142.75,15,0.06171319928269361,4.396265921642925,0,[C][C][C][C][C][C][O][C][Branch1][C][O][C][=C][Branch1][C][O][C][=C][Branch1][C][O][C][Branch1][C][O][=C][Ring1][N][C][=Branch1][C][=O][O][C@H1][Branch1][Branch1][C][C][O][C][=Branch1][C][=O][O][C][=Branch1][C][=O][O][C][Branch1][C][C][C][C][C][Ring2][Ring1][=N],-0.20146424000303334
562.5650000000004,2.8951000000000002,12,7,229.73999999999998,21,0.04615446884806199,5.151332023767322,0,[C][C][C@H1][Branch1][C][O][C@@H1][Branch1][C][C][C][=Branch1][C][=O][O][C@H1][Branch1][C][O][C][=C][O][C][Branch1][C][O][=C][Branch1][C][O][C][C][C][C][C@H1][Branch1][Branch2][O][C][C][=Branch1][C][=O][O][C][=C][O][C][Branch1][C][O][=C][Ring1][N][C][C][C][=Branch1][C][=O][O],-0.20157916186947555
514.5480000000003,2.998890000000001,10,6,199.92,16,0.05811845387648834,4.913708028629955,0,[C][C][Branch1][C][C][C@H1][C][C][C][C][C][=Branch1][C][=O][N][C][=C][Branch1][C][O][C][=C][Branch1][C][O][C][Branch1][C][O][=C][Ring1][N][C][=Branch1][C][=O][C@H1][Branch1][C][C][O][C][=Branch1][C][=O][C@H1][Branch1][C][C][C@H1][Branch1][C][O][C][O][C][=Branch1][C][=O][O],-0.2016659970148667
546.6140000000004,2.9475000000000007,12,3,182.76999999999998,7,0.24232253930799724,5.043127368516924,1,[C][C][Branch1][C][C][Branch1][C][C][O][C][C][C][C][C][C][N][=C][Branch1][C][O][C][Branch1][C][O][C][C][C][C][C][=Branch1][C][=O][O][C][Branch1][C][O][=N][C][C][C][=Branch1][C][=O][O][=C][Branch1][C][O][C][C][O][C][Ring2][Ring1][Branch2][=O],-0.20182284306787535
472.5350000000003,2.01438,10,6,203.56,17,0.0785764230171676,4.546813341808061,0,[C][C][C][C][C][C][C][C][C@H1][Branch1][C][O][C@@H1][Branch1][C][O][=C][C][Branch1][C][O][=C][Branch1][C][O][C][C][=Branch1][C][=O][O][C][C@@H1][Branch1][#Branch1][O][C][Branch1][C][N][=O][C@H1][Branch1][C][O][/C][=C][/C][#N][C@H1][Branch1][C][O][=N][C][Ring2][Ring1][Branch2],-0.20186527785629685
488.4500000000003,1.9983000000000017,11,6,224.80999999999995,11,0.0810034454826342,4.893626389201621,1,[C][O][C][C][O][C][Branch1][C][O][=N][C][=C][Branch1][C][O][C][C][C][C][C][N][=C][Branch1][C][O][C][Branch1][C][O][=C][Branch1][C][O][C][C][=Branch1][C][=O][O][C][Branch1][C][O][=N][C][C][Branch1][C][O][=N][Ring1][N],-0.2020051296378379
505.51700000000034,1.9956699999999996,13,5,202.12999999999997,7,0.19149730387058558,5.064003131615238,1,[C][C][C][C][C@H1][Branch1][C][O][=C][C][Branch1][C][O][=C][Branch1][C][O][C][C][C][C][C][C@H1][Branch1][C][O][C@@H1][Branch1][Branch2][O][C][=Branch1][C][=O][O][C][C][=Branch1][C][=O][O][=C][O][C][=Branch1][Ring2][=N][Ring1][N][C][=Branch1][C][=O][O][C][Ring2][Ring1][Branch2],-0.20203353429567103
475.60300000000024,2.0094,9,5,158.27,3,0.4114579752176888,5.760379864029526,1,[C][C][C@H1][Branch1][C][C][C@H1][Branch1][C][O][C@@H1][Branch1][C][O][C][C][C][C][C][C@H1][Branch1][C][C][C@@H1][Branch1][C][O][C][C][Branch1][C][O-1][=C][O][C][C][Branch1][C][O][=N][C][C][C][C@@H1][Branch1][C][O][=N][Ring2][Ring1][=Branch2][O],-0.20221521217752134
555.5810000000005,2.922500000000001,11,4,202.64,2,0.1687408039146052,5.078523502882895,1,[C][O][C][Branch1][C][O][=N][C][=C][C][=C][Branch1][#Branch1][C][C][C][C][=Branch1][C][=O][O][N][=C][Branch1][C][O][C][C][C][C][=Branch1][C][=O][O][C][Branch1][C][O][C][C][C][C][C][C][C][C][=Branch1][C][=O][N][O][C][Ring2][Ring1][#Branch2][=O],-0.2022819572873477
443.5570000000003,2.0782,8,3,136.35,18,0.16636081063779845,4.347504958563288,1,[C][C][Branch1][C][C][C][C][C][C][C][C][C@H1][Branch1][C][O][C][C][C@H1][Branch1][C][O][C][C][C][=Branch1][C][=O][O][C@H1][Branch1][C][O][C][C][C][C][=Branch1][C][=O][O][C][=Ring1][Branch1][C][O-1][C][Branch1][C][O][=N][C][Branch1][C][O][=C][Ring1][N],-0.20300169308653535
541.5500000000003,2.03618,11,5,190.30999999999997,8,0.28083923349628864,5.899867178207085,2,[O][=C][Branch1][C][O][C][C@@H1][C][C][C][C][=C][Branch1][C][O][C][=Branch1][Ring2][=C][Ring1][#Branch1][C][=C][Branch1][Branch1][O][C][C@H1][Branch1][=Branch1][C][=Branch1][C][=O][O][C@H1][Branch1][Ring1][Branch1][O][C][C@H1][Branch1][C][O][C][C][C][C][C][C][=Branch1][C][=O][O][O][=N][O][C][Ring2][Ring1][N],-0.20328858498204005
517.5280000000004,1.998769999999999,12,9,238.28999999999996,14,0.05283184415483169,5.2893129298325565,1,[C][C][C][C][Branch1][C][O][=C][C][Branch1][C][O][=C][Branch1][C][O][C][C][Branch1][C][O][=C][Ring1][N][C][=Branch1][C][=O][O][C@H1][Branch1][C][O][C][=Branch1][C][=O][C@H1][Branch1][C][O][C][C][C][C][C][C@H1][Branch1][C][C][O][=C][Branch1][C][O][C][Branch1][C][O][=N][Ring1][Branch2],-0.20353369549045242
484.45800000000037,1.9971,10,5,204.76999999999998,4,0.36476589287913874,6.150215020152734,2,[C][C][C][C][C][C@H1][Branch1][C][O][C][C][Branch1][C][O][=N][C][C][Branch1][C][O][=C][Branch1][C][O][C][=C][Ring1][N][C][=Branch1][C][=O][O][C][Branch1][C][O][=N][C@H1][Branch1][Branch2][C][C][C][=Branch1][C][=O][O][C][=Branch1][C][=O][O][C][Ring2][Ring1][S],-0.20354744079943607
467.47500000000025,2.9858700000000002,10,7,205.48,6,0.22594744982962642,5.413004104310042,2,[C][C][C][C][C][C][C][C][C][C][Branch1][C][O][C][=C][C][Branch1][C][O][=C][Branch1][C][O][C][Branch1][C][O][=C][Ring1][N][C][=Branch1][C][=O][O][C][C][Branch1][C][O][=N][C][=Branch1][Branch2][=N][O][C][Ring2][Ring1][Branch2][=N][O],-0.20494547470973828
530.6190000000004,2.9890000000000017,10,5,198.01,19,0.05436217094426329,4.802078862919319,1,[C][C][Branch1][C][C][C][C@H1][Branch1][C][C][O][C][Branch1][C][O][=N][O][C][C@H1][Branch1][C][O][C][C][C][C][C][C][N][=C][Branch1][C][O][C][Branch1][C][O][=N][C][C][C][C][=Branch1][C][=O][O][C][=Ring1][Branch1][C][C][O][=N][Ring2][Ring1][=Branch2],-0.2049620761116562
514.5280000000004,3.0072800000000006,12,6,211.51999999999995,15,0.04646688235043198,4.7589152104038135,1,[C][O][C][C][O][C][Branch1][C][O][C][C][C][Branch1][C][O][=N][C][C][Branch1][C][O][=C][Branch1][C][O][C][C][C][C][C][=Branch1][C][=O][O][C][Branch1][C][O][C][C][C][=C][Branch1][C][O][C][Branch1][C][O][=C][Ring1][=Branch2][C][#N],-0.20498178182462984
485.49000000000024,1.9917700000000023,11,7,211.21999999999997,6,0.1257363664954637,4.820886489844861,1,[C][O][C][C][O][C][Branch1][C][O][=N][C][C][C][C][C][C][=Branch1][C][=O][N][C][=C][Branch1][C][O][C][Branch1][C][O][=C][Branch1][C][O][C][=Branch1][Ring2][=N][Ring1][Branch2][C][=C][Branch1][C][O][C][C][C][=Branch1][C][=O][O][C][Ring2][Ring1][Branch2],-0.20535286134845943
514.5280000000004,1.99037,12,6,208.41999999999996,10,0.10741846219576894,5.55466163796653,1,[C][C][C][C][C][C@H1][Branch1][C][O][C@H1][Branch1][C][O][=C][C][=C][Branch1][C][O][C][=Branch1][Ring2][=N][Ring1][Branch2][N][=C][Branch1][Branch1][C][O][C][O][C][C][C][=Branch1][C][=O][O][C][=C][Branch1][C][O][C][C][Branch1][C][O][=C][Ring1][#C][C][=Branch1][C][=O][O][Ring2][Ring1][Branch2],-0.20591233338486561
456.4000000000002,2.0329,12,7,203.43999999999997,4,0.23975952892962898,5.417413398592927,2,[C][C][Branch1][C][C][C][O][C][=C][C][Branch1][C][O][=C][Branch1][C][O][C][Branch1][C][O][=C][Ring1][N][C][=Branch1][C][=O][O][C][C][C][Branch1][C][O][=C][Branch1][C][O][C][Branch1][C][O][=C][Ring1][=Branch2][C][=Branch1][C][=O][O][C@H1][Branch1][C][C][O],-0.20618687058103363
511.4800000000003,1.9874799999999995,12,5,220.90999999999997,11,0.1159722605106538,4.543783980046959,1,[C][C][=C][Branch1][C][O][C][C][C][Branch1][C][C][=C][Branch1][C][O][C][Branch1][C][O][=C][Ring1][N][C][=Branch1][C][=O][O][C][C][C][C][=Branch1][C][=O][O][C][Branch1][C][O][C][Branch1][Ring1][C][#N][C][=Branch1][C][=O][O][C][Branch1][C][C][C][C][=Branch1][C][=O][O],-0.20628970324279425
586.6830000000004,2.220100000000002,9,6,233.92,24,0.03151871679200502,4.855434188166065,0,[C][C][Branch1][C][C][C][C][C][C][C][C][C][C][Branch1][C][O][=N][C][=N][C][=Branch2][Ring1][Ring1][=N][=C][Branch1][Branch1][C][O][C][Branch1][C][O][C][O][C][C][=Branch1][C][=O][O][C][Branch1][Branch2][C][C][C][=Branch1][C][=O][O][=C][Branch1][C][N][C][Branch1][C][O][C][C][Ring2][Ring1][Branch2][=O],-0.20637541412678043
515.4880000000004,1.9889899999999998,12,5,198.51,12,0.08316356255438519,5.696312533071424,1,[O][=C][Branch1][C][O][C][C@H1][C][C][C][C][=C][Branch1][C][O][C][=C][Branch1][#Branch1][O][C][C][=Branch1][C][=O][O][C][=C][Branch1][C][O][C][Branch1][C][O][=C][Ring1][O][C][C][=Branch1][C][=O][O][=C][Branch1][C][O][C][C][C][O][=C][Ring1][#C][O],-0.20673777543545369
546.5660000000005,2.0372999999999997,12,6,217.34999999999997,13,0.14405129344495637,5.285834886753671,1,[C][C][C][C@H1][Branch1][C][O][C][C][C][C@@H1][Branch1][C][O][=C][C][C][Branch1][C][O][=C][Branch1][C][O][C][=C][Ring1][N][C][=Branch1][C][=O][O][C][=Branch1][C][=O][O][C][C@H1][Branch1][Ring1][C][O][C][=Branch1][C][=O][O][C@H1][Branch1][C][C][C][C][C][=Branch1][C][=O][O],-0.20719115768777446
498.6210000000004,1.9817000000000005,11,5,170.52999999999997,12,0.16299859978871173,5.260651299584849,2,[C][C][Branch1][C][C][C][C][C][C][C][C][C@H1][Branch1][C][O][C][C@H1][Branch1][C][O][=N][C][C][=Branch1][Ring2][=N][Ring1][N][C][=N][O][C][=Branch1][Ring2][=N][Ring1][Branch1][C][Branch1][C][O][C][C][C][C][C][=Branch1][C][=O][O][C][Branch1][C][C][Branch1][C][O],-0.20733834417203179
557.6650000000004,2.0688899999999997,13,5,172.68999999999997,12,0.10287503206874772,6.830723558772543,2,[C][C@@H1][C][C][C@H1][Branch1][C][O][=N][C][C][C][C@H1][Branch1][C][O][=N][C][=C][Branch1][Branch1][C][O][C][C][C][C][C][C@@H1][Branch1][C][O][C][C][C@H1][Branch1][#Branch1][O][C][=Branch1][C][=O][O][=C][O][C][=Branch1][Ring2][=N][Ring1][Branch1][C][=N][O][C][Ring2][Ring1][Branch2],-0.20745587973349958
403.51600000000013,2.3091,7,6,142.97000000000003,13,0.2589941712417777,4.743865154722888,1,[C][C][C@H1][Branch1][C][O][C@H1][Branch1][C][C][C@@H1][Branch1][C][O][C][C][C][C@H1][Branch1][C][O][=C][Branch1][C][O][C][C][C][C][C@H1][Branch1][C][O][C][C][=C][Branch1][C][O][C][Branch1][C][O][=N][Ring1][Branch2][C][=Branch1][C][=O][O][C][C][Ring2][Ring1][Branch2][O],-0.20752710334797211
397.3800000000001,2.4203,9,7,180.26999999999998,4,0.27671546345364617,5.278226295882277,2,[C][C][C][C][C][C][C][C][Branch1][C][O][C][=C][Branch1][C][O][C][=C][Branch1][C][O][C][Branch1][C][O][=C][Ring1][N][C][=Branch1][C][=O][O][C][Branch1][C][O][=C][Branch1][C][O][C][Branch1][C][O][=N][Ring2][Ring1][#Branch1],-0.20770120847024437
456.49200000000025,2.0283700000000002,10,6,192.62000000000003,13,0.05960938295832224,5.222017374252156,1,[C][C][C][C][C][C][C][O][C][=C][C][Branch1][C][O][=C][Branch1][C][O][C][Branch1][C][O][=C][Ring1][N][C][=Branch1][C][=O][O][C][C][Branch1][=Branch1][C][C][=Branch1][C][=O][O][=C][Branch1][C][O][C][C][Branch1][C][N][=N][Ring1][=N][C][C][=Branch1][C][=O][O][Ring2][Ring2][Ring1],-0.20775312599332862
500.5010000000004,3.0196000000000014,11,7,218.92999999999995,15,0.03292779102115466,4.729198148438638,0,[C][O][C][Branch1][C][O][=N][C][=C][Branch1][C][O][C][C][C][C][C@H1][Branch1][C][O][C][=C][Branch1][C][O][C][Branch1][C][O][=C][Branch1][C][O][C][=Branch1][C][=O][O][C][C][=C][Branch1][C][O][C][C][C][C][=Branch1][C][=O][N][=C][Ring1][S],-0.20784241531506564
474.46300000000036,1.9956,11,6,207.92999999999995,3,0.3258022716507014,5.2725550843908575,1,[C][C][C][Branch1][C][O][C][C][C][C][Branch1][C][O][=N][C][C][C][Branch1][C][O][=C][Branch1][C][O][C][Branch1][C][O][=C][Ring1][N][C][=Branch1][C][=O][O][C][Branch1][C][O][=N][O][C][C][C][C][=Branch1][C][=O][O][C][Ring2][Ring1][N],-0.20812412420476376
513.5440000000003,1.98337,12,7,211.21999999999994,13,0.06252102943019097,5.267401950746906,1,[C][C][Branch1][C][C][C@@H1][Branch1][C][O][C][C][C][C][=Branch1][C][=O][N][C][=C][Branch1][C][O][C][Branch1][C][O][=C][Branch1][C][O][C][C][=Branch1][Ring2][=N][Ring1][Branch1][C][=C][O][C][Branch1][C][O][C][Branch1][C][O][=N][C][C][C][=Branch1][C][=O][O][=C][Ring1][Branch2][C],-0.2084197899624698
528.6070000000003,3.001900000000001,11,6,199.18,9,0.08494310574904337,5.654859326807701,1,[C][O][C][Branch1][C][O][=N][C][=C][C][C][C][C@H1][Branch1][C][O][=N][C][C@H1][Branch1][=Branch1][C][C][C][C][C][N][=C][Branch1][C][O][C][C][=Branch1][C][=O][O][C][Branch1][C][O][=N][C][C][C][C][=Branch1][Branch1][=N][Ring2][Ring1][Branch2][=N][O],-0.20875348954209177
523.5350000000005,3.008800000000001,9,5,196.76,8,0.1906795158170157,4.779113511545367,3,[O][=C][Branch1][C][O][C][C][C][C][C][C][=C][C][Branch1][C][O][=C][Branch1][C][O][C][Branch1][C][O][=C][Ring1][=Branch2][C][=Branch1][C][=O][O][C@H1][Branch1][#Branch1][C][C][=Branch1][C][=O][O][C][=Branch1][C][=O][C][C][C][C][C][C][C][C][=Branch1][C][=O][N][Ring2][Ring1][#Branch2],-0.20889225763536623
572.6560000000003,2.879780000000001,10,5,223.84999999999997,22,0.03164370850226298,5.09922285259988,0,[C][C][C][Branch1][C][O][C][Branch1][C][C][C][C][C][C][Branch1][C][O][=N][C][C][C][C@H1][Branch1][Ring1][C][#N][C][Branch1][C][O][=N][C][Branch1][Ring1][C][O][=N][C][C][C][C][=Branch1][C][=O][O][O][=C][Branch1][Ring1][O][C][C][C][C][=Branch1][C][=O][O],-0.21022091496328404
425.4340000000002,2.8712999999999997,10,5,168.76999999999998,1,0.3108799388764172,5.952901924419692,2,[C][C][C][Branch1][C][O][C][Branch1][C][C][C][C][C][Branch1][C][C][=C][Branch1][C][C][C][=C][Branch1][C][N][O][C][Branch1][C][O][=C][Branch1][C][O][C][Branch1][C][O][=C][Ring1][N][C][=Branch1][C][=O][O][C][=Branch1][C][=O][O][C][Ring2][Ring1][N],-0.21047219251958166
470.52300000000014,1.9943800000000005,9,6,200.70999999999998,15,0.11751278921379527,4.628036874472679,1,[C][O][C][C][O][C][Branch1][C][O][=N][C][C][C][C][C][C][C][C@@H1][Branch1][C][O][C][C@@H1][Branch1][C][O][C][C][C][Branch1][C][O][=N][C][Branch1][Ring1][C][#N][=C][Branch1][C][O][C][Branch1][C][O][=N][Ring1][N][C][=Branch1][C][=O][O][Ring2][Ring1][O],-0.21066520267951205
543.6180000000003,2.0204700000000004,12,5,193.38,6,0.14314644452449543,6.025245122077252,2,[C][C][O][C][Branch1][C][O][=N][C][C][C][C][C][C@@H1][Branch1][C][O][C][C][C][C][C@@H1][Branch1][Ring1][C][O][=N][O][C][=Branch1][C][=N][O][C][=Branch1][Ring2][=N][Ring1][Branch2][N][C][=Branch1][C][=O][C][C][C][C][C][=Branch1][C][=O][O][C][Ring2][Ring1][N],-0.21071773309334937
527.6350000000003,3.0088599999999994,10,8,200.62999999999997,9,0.16267301067554604,5.775342493221816,1,[C][C][C][C][C@H1][C][C][C][C][C@H1][Branch1][C][O][C][C@H1][Branch1][C][O][=N][C@H1][Branch1][Branch2][C][C][C][=Branch1][C][=O][O][C@H1][Branch1][C][O][C][C][C][=Branch1][C][=O][O][C][=C][Branch1][C][O][C][C][=C][Branch1][C][O][C][Ring2][Ring1][=N][=N][Ring1][Branch2],-0.21091451547013065
496.51300000000043,3.027300000000001,9,5,184.21,6,0.27035555040495435,4.89311782556381,2,[C][C][C][C][C][C][O][C][Branch1][C][O][C][C][=C][Branch1][C][O][C][=C][Branch1][C][O][C][Branch1][C][O][=C][Ring1][N][C][=Branch1][C][=O][O][C][C][Branch1][C][O][=N][C][=Branch1][C][=O][C][C][C][C][C][=Branch1][C][=O][N][Ring2][Ring1][O],-0.2110352650056388
550.5980000000002,2.036199999999999,13,6,209.50999999999993,19,0.025887189478708276,5.455297795029514,0,[C][C][C@H1][Branch1][C][C][C@@H1][Branch1][C][C][C@@H1][Branch1][C][O][=C][C][=C][Branch1][C][O][C][Branch1][C][O][=C][Ring1][=Branch2][C][=Branch1][C][=O][O][C@H1][Branch1][C][O][C][=Branch1][C][=O][C@H1][Branch1][C][C][C@H1][Branch1][C][O][C][C][C][=Branch1][C][=O][O][O][O][=C][Branch1][C][O][C][C][C],-0.21132510692295936
493.5290000000004,3.0294000000000016,10,5,176.81,3,0.3671582297833219,5.700292200441149,2,[C][C][C][C][Branch1][C][O][=C][C][Branch1][C][O][=C][Branch1][C][O][C][Branch1][C][O][=C][Ring1][N][C][=Branch1][C][=O][C@@H1][Branch1][C][O][C@@H1][Branch1][=N][C][C][C][C][=Branch1][C][=O][O][C][C][C][C][Branch1][C][C][=C][O][C][Branch1][C][O-1][=C][Ring1][=Branch2],-0.21215511533781187
525.5110000000002,3.0148800000000007,13,9,245.54999999999995,13,0.0552025718701961,5.344426220385383,1,[C][O][C][Branch1][C][O][=C][C][Branch1][C][O][=C][Branch1][C][O][C][C][C][C][Branch1][C][O][=C][Branch1][C][O][C][C][Branch1][C][O][=C][Branch1][Ring1][C][#N][C][C][=Branch1][C][=O][O][C][Branch1][C][O][C][C][C][C][=C][N][C][Branch1][C][O][=N][Ring1][Branch2],-0.21217792248016792
510.54400000000027,1.9720000000000002,13,5,184.01999999999995,4,0.21275319071143126,7.126685648987238,2,[C][C][C][C][C][C@H1][Branch1][C][O][C@@H1][Branch1][C][O][C@@H1][Branch1][C][C][C@@H1][Branch1][C][O][=N][O][C][/C][=C][/C][=C][Branch1][Branch1][C][=N][Ring1][Branch1][C][=N][C@@][Branch1][C][C][Branch1][C][O][N][=C][O][C][=Branch1][C][=O][O][C][Ring2][Ring1][N][=C][O],-0.2122501913874284
487.5940000000003,1.9716699999999998,9,6,193.08999999999997,18,0.042146767414234766,4.934013328429379,0,[C][C][C][C][C][C@H1][Branch1][C][O][C@H1][Branch1][C][O][C@@H1][Branch1][C][O][C][/C][=C][/C][=Branch1][C][=O][O][=C][Branch1][=Branch1][C@@H1][Branch1][C][C][O][C][C][C][C][C][C@H1][Branch1][C][O][C][=N][C][=Branch1][Branch1][=N][Ring2][Ring1][O][=N][=O][C][Branch1][C][O],-0.21278357447885868
498.5730000000003,3.033200000000001,10,5,167.14,14,0.06420001484115047,4.307246602057469,1,[C][C][Branch1][C][C][C][C][Branch1][C][C][O][C][Branch1][C][C][C][C][C][=C][C][Branch1][C][O][=C][Branch1][C][O][C][Branch1][C][O][=C][Ring1][=Branch2][C][C][=Branch1][C][=O][O][C][Branch1][C][O][=N][C][C][C][C][=Branch1][C][=O][O][=N][C][Ring2][Ring1][=Branch1],-0.21329909450346976
499.55700000000036,1.9657000000000004,9,4,176.62,9,0.3652157769785966,5.974714385672762,2,[O][=C][Branch1][C][O][C][C][C][C][C][C][C@H1][Branch1][C][O][C][C][C][=C][N][=C][Branch1][Ring2][O][Ring1][Branch1][C][O][C][C@@H1][Branch1][Ring2][C][C][=Branch1][C][=O][O][C][C@H1][Branch1][Branch2][C][C][C][=Branch1][C][=O][O][C][Ring2][Ring1][N][O],-0.2137218364978177
533.6190000000004,3.0073999999999996,12,8,213.88999999999996,22,0.014788406810618129,4.985960552521764,0,[C][C][C][C][C][C@H1][Branch1][C][O][C][C][Branch1][C][O][=N][C][C][C][C][C@H1][Branch1][C][O][C][C][C][C@H1][Branch1][C][O][C][C][=C][Branch1][C][O][C][Branch1][C][O][=C][Ring1][=Branch2][C][=Branch1][C][=O][O][=N][O][C][=Branch1][Ring2][=N][O],-0.21380764776780098
541.6860000000001,2.9948000000000006,11,4,163.71,23,0.05321350721133693,4.745070486678641,1,[C][C@H1][Branch1][C][C][C][C][C][C][C][C][C@H1][Branch1][C][O][C][C][C][C@H1][Branch1][=Branch1][C][C][C][=O][O][C@H1][Branch1][C][O][C@H1][Branch1][Ring1][C][O][=N][C][C][=Branch1][C][=O][O][C][=C][O][C][=Branch1][Ring2][=N][Ring1][Branch1][C][=N][O][C][Ring2][Ring1][Branch2],-0.21476316440209234
427.40600000000023,2.8961000000000006,10,5,175.34,8,0.16749323276662367,4.776204960901694,1,[C][C][C][C][C][C][O][C][=C][C][Branch1][C][O][=C][Branch1][C][O][C][Branch1][C][O][=C][Ring1][N][C][=Branch1][C][=O][O][C][C][C][=Branch1][C][=O][O][C][Branch1][C][O][=N][C][Branch1][C][O][=C][Ring2][Ring1][Branch2],-0.21490181233298136
467.38700000000017,1.9876800000000003,12,8,245.87999999999994,3,0.12841065206079125,5.810913020393958,2,[C][O][C][Branch1][C][O][=N][C][=C][Branch1][C][O][C][C][C][C][C][C][Branch1][C][O][=C][Branch1][C][O][C][Branch1][C][O][=C][Branch1][C][O][C][Branch1][C][O][=C][Ring1][=N][C][=Branch1][C][=O][O][C][Branch1][Ring1][C][#N][C][Branch1][C][O][=N][Ring2][Ring1][Branch2],-0.21505793698443193
558.5810000000002,2.0490999999999997,11,5,221.83999999999995,12,0.05796104737181607,5.91996908230005,1,[C][C][C][C][C@H1][Branch1][C][O][C][C][C][=Branch1][C][=O][N][=C][Branch1][C][O][C][C][C][C@H1][Branch1][Ring1][C][=O][C@H1][Branch1][C][C][C@@H1][Branch1][C][O][C][C][=Branch1][C][=O][O][O][C@H1][Branch1][#Branch1][C][C][=Branch1][C][=O][O][C][=C][O][C][Ring2][Ring1][=Branch1][=N][O],-0.21507362424063106
512.4680000000003,1.9659000000000009,12,7,228.15999999999997,5,0.12131707179904175,5.856721895219809,2,[C][O][C][Branch1][C][O][=N][C][=C][Branch1][C][O][C][Branch1][C][O][C][C][C][C][=Branch1][C][=O][O][C][C][C][C][C][=C][Branch1][C][O][C][Branch1][C][O][=C][Branch1][C][O][C][=Branch1][C][=O][O][C][=C][Ring1][#C][C][C][Branch1][C][O][=N][Ring2][Ring1][Branch2],-0.21509033845340403
546.5220000000005,2.0137,12,7,237.57999999999996,17,0.036940663942309625,4.143995954879387,1,[C][C][C][C][C][C@H1][Branch1][C][O][C][C][=C][Branch1][C][O][C][=C][Branch1][C][O][C][Branch1][C][O][=C][Ring1][=Branch2][C][=Branch1][C][=O][O][C@H1][Branch1][Branch2][C][O][C][=Branch1][C][=O][O][C][C][=Branch1][C][=O][O][C@H1][Branch1][C][O][C][C][C][C][=Branch1][C][=O][O][Ring2][Ring1][=N],-0.21562749438789147
590.7150000000004,2.792970000000002,14,6,201.24999999999997,28,0.01481824649658421,5.003329486155005,0,[C][C][C][C][C][C][C@@H1][Branch1][C][O][C][C][C@@H1][Branch1][C][O][=N][C][C][C][C][C@H1][Branch1][=Branch1][C][C][C][N][=C][Branch1][C][O][C][C][=Branch1][C][=O][O][=N][O][C][=Branch1][Ring2][=N][Ring1][Branch1][C][=C][O][C][C][=Branch1][C][=O][O][O],-0.2159858149138514
510.45200000000034,1.9606000000000001,12,7,224.66999999999996,3,0.12485235016045078,6.052875883425634,3,[C][O][C][Branch1][C][O][=N][C][=C][C][=C][Branch1][C][O][C][C][=Branch1][Ring2][=C][Ring1][#Branch1][C][C][=C][Branch1][C][O][C][Branch1][C][O][=C][Branch1][C][O][C][C][C][=Branch1][C][=O][O][C][=Branch1][C][=O][C@H1][Branch1][#Branch1][C][C][=Branch1][C][=O][O][=N][O][C][Ring2][Ring1][=N],-0.21677028121031722
521.5600000000004,3.0318000000000005,12,7,212.30999999999995,20,0.030671247303705334,4.311288579891469,0,[C][C][C][C][C][C][C@H1][Branch1][C][O][C@@H1][Branch1][C][O][C][C][C][C][=C][Branch1][C][O][C][Branch1][C][O][=C][Branch1][C][O][C][C][C][=Branch1][C][=O][O][C][=Ring1][Branch2][=N][O][C][=Branch1][C][=O][O][C][C][C][=Branch1][C][=O][O][Ring2][Ring1][N],-0.21704638398277948
514.4800000000004,3.0379000000000014,12,6,209.50999999999996,14,0.0852707048004357,4.462183733118584,1,[C][O][C][O][C][Branch1][C][O][=C][C][=C][Branch1][C][O][C][C][=Branch1][Ring2][=C][Ring1][#Branch1][C][C][=C][Branch1][C][O][C][Branch1][C][O][=C][Branch1][C][O][C][C][=Branch1][C][=O][O][C@H1][Branch1][#Branch1][C][C][=Branch1][C][=O][O][C][C][C][=Branch1][C][=O][O][C][Ring2][Ring1][N],-0.21710022385985758
560.6450000000003,2.9508000000000023,11,4,192.29999999999998,17,0.08842728621467046,5.108226390993572,1,[C][C][Branch1][C][C][C][C][Branch1][C][O][=N][C][C][Branch1][C][O][=N][C][C][C][C][C][C][C][C@H1][Branch1][C][C][O][=N][C][Branch1][Branch2][O][C][Branch1][C][O][=N][C][C][C][=Branch1][C][=O][O][C][Branch1][Branch2][C][C][=Branch1][C][=O][O][=C][Ring1][N][O],-0.21731674233707923
513.5920000000002,1.96057,10,8,209.30999999999997,4,0.15551365470651984,6.0094332403544195,1,[C][C][C][Branch1][C][O][C@@H1][Branch1][C][C][C][Branch1][C][O][=N][C][C][C][C@H1][Branch1][C][O][C][C][C][C@H1][Branch1][C][O][=N][C][Branch1][C][O][=N][C][=Branch1][Ring2][=N][Ring1][Branch1][C][=C][O][C][=Branch1][C][=O][O][C][C][C][=C][N][Ring2][Ring1][O],-0.21747764446029855
517.5320000000003,1.9630000000000005,11,7,231.28999999999994,16,0.029722269668375222,4.899243319408211,0,[C][C][Branch1][C][C][C][C][C][Branch1][C][O][C][=C][C][Branch1][C][O][=C][Branch1][C][O][C][C][=Branch1][C][=O][O][C][C][Branch1][C][O][C][C][C][C][=Branch1][C][=O][N][=C][O][C][Branch1][C][O][=N][C][C][Branch1][C][O][=N][O][Ring1][Ring2][C],-0.21764311175867698
529.5430000000003,3.0238000000000014,10,6,220.29,7,0.09243649754334345,5.037886344376966,1,[C][O][C][C][O][C][Branch1][C][O][=N][C][=C][Branch1][C][O][C][C][C][C][Branch1][C][O][=C][Branch1][C][O][C][C][C][C][C][=Branch1][C][=O][N][=C][Branch1][C][O][C][C][Branch1][C][O][=N][C][C][C][=Branch1][C][=O][O][C][Ring2][Ring1][Branch2],-0.21769195161052765
515.5120000000004,1.9612999999999994,12,5,201.63999999999996,13,0.07854739995713109,4.8765921172814,1,[C][O][C][Branch1][C][O][=N][C][=C][C][=C][Branch1][C][O][C][C][C][Branch1][C][O][=C][Ring1][Branch2][C][Branch1][C][C][C][C][=Branch1][C][=O][O][C][Branch1][C][O][C][C][C][=Branch1][C][=O][O][=C][Branch1][C][O][C][C][C][=Branch1][C][=O][O][C][Ring2][Ring1][Branch2],-0.21770190393287828
525.5710000000004,3.0295000000000005,11,5,193.88,19,0.03162648941840804,5.091566009535337,0,[C][=C][C][Branch1][C][C][C][C][C][C][C][=Branch1][C][=O][O][C][=C][Branch1][C][O][C][Branch1][C][O][=C][Branch1][C][O][C][Branch1][C][O][=C][Ring1][=Branch2][C][=Branch1][C][=O][O][C][Branch1][Ring1][C][O-1][C][C][C][C][C][=C][C][Branch1][C][O][C][Ring2][Ring1][Branch2][=O],-0.21788699861166605
489.4740000000004,1.9574999999999998,11,5,209.47999999999996,17,0.022838353898885094,3.8764823238774913,0,[O][=C][Branch1][C][O][C][C][C][C][C][C][C][C][Branch1][C][O][=N][C][=C][Branch1][C][O][C][Branch1][C][O][=C][Ring1][=Branch2][C][=Branch1][C][=O][O][C][C][=Branch1][C][=O][O][C][Branch1][C][O][C][C][=Branch1][C][=O][O][C][C][Ring2][Ring1][Branch2],-0.21801877603545985
502.51700000000034,1.9538999999999995,13,6,196.59999999999994,7,0.128239001152074,5.68269627432779,1,[C][C][C][C][C][C][C@H1][Branch1][C][C][O][C][C@@H1][Branch1][C][O][=N][C][=C][Branch1][C][O][C][=C][Ring1][Branch2][C][C][=Branch1][C][=O][O][C][Branch1][C][O][C][C][=Branch1][C][=O][O][C][Branch1][C][O][=C][O][C][Ring2][Ring1][Branch2][=N][O],-0.2184979971441388
535.5870000000004,1.982800000000002,11,9,234.30999999999995,21,0.03364292118591889,4.714807160413624,0,[C][C][C][C][C][C][C][C@H1][Branch1][C][O][C][C@H1][Branch1][C][O][=N][C][C][C@H1][Branch1][C][O][=C][Branch1][#Branch1][C][C][=Branch1][C][=O][O][C][C][=Branch1][C][=O][O][C][=C][Branch1][C][O][C][Branch1][C][O][=C][Branch1][C][O][C][C][=Branch1][C][=O][O][Ring2][Ring1][=C],-0.21878087822293749
483.4700000000004,1.9592999999999994,11,5,192.41,3,0.2909265196552937,5.1522617534893325,2,[C][C][Branch1][C][C][C][C][C][C][Branch1][C][O][C][=C][C][Branch1][C][O][=C][Branch1][C][O][C][Branch1][C][O][=C][Ring1][N][C][=Branch1][C][=O][O][C][C][=Branch1][C][=O][O][C][Branch1][C][O][=N][C][C][C][C][C][=Branch1][C][=O][O][Ring2][Ring1][=N],-0.21879214336899772
519.5000000000002,1.9585000000000006,13,7,225.02999999999994,4,0.12211847930535018,5.399565694277893,1,[C][O][C][Branch1][C][O][=N][C][=C][Branch1][C][O][C][C@H1][Branch1][C][O][C@H1][Branch1][C][O][C][C][C][C][C][C@H1][Branch1][C][O][C][C][=Branch1][C][=O][O][C][=C][Branch1][C][O][C][Branch1][C][O][=C][Branch1][C][O][C][C][=Branch1][C][=O][O][C][Ring2][Ring1][Branch2],-0.2200830752238798
472.39900000000034,1.9661000000000002,13,7,212.67,2,0.2866520064095116,5.501750382575818,2,[C][O][C][Branch1][C][O][=C][C][=C][Branch1][C][O][C][Branch1][C][O][=C][Ring1][Branch2][C][C][=Branch1][C][=O][O][C][Branch1][C][O][C][C][C][Branch1][C][O][=C][Branch1][C][O][C][C][=Branch1][C][=O][O][C][C][Branch1][C][O][=C][Branch1][C][O][C][Ring2][Ring1][=Branch1],-0.2205790887731652
498.48500000000035,1.9480699999999995,12,7,219.41999999999996,10,0.09978990990439394,5.145189678312255,2,[C][O][C][Branch1][C][O][=N][C][C][C][C][C][C][C@@H1][Branch1][C][O][C][=C][Branch1][C][O][C][Branch1][C][O][=C][Branch1][C][O][C][C][Branch1][C][O][=C][Ring1][O][C][=Branch1][C][=O][C@@H1][Branch1][#Branch1][O][C][C][C][=Branch1][C][=N][O][C][Ring2][Ring1][Branch2][=O],-0.2207927917392234
458.4600000000002,1.9868000000000003,11,5,172.20999999999998,1,0.36371028191783933,5.343554315340234,2,[C][O][C][Branch1][C][O][C][O][=C][C][Branch1][C][O][=C][Branch1][C][O][C][C][C][C][C][C][=Branch1][C][=O][C][C@H1][Branch1][C][O][C][=C][Branch1][C][O][C][Branch1][C][O][=C][Ring1][N][C][=Branch1][C][=O][O][C@H1][Ring2][Ring1][N][C],-0.22145465630688344
496.47300000000035,1.9461800000000007,12,5,214.72999999999996,6,0.0890283630948587,5.215859627704968,1,[C][O][C][C][O][C][Branch1][C][O][=N][C][=C][Branch1][C][O][C][C][C][C][Branch1][C][O][=C][Branch1][C][O][C][=Branch1][C][=O][O][C][C][C][=Branch1][C][=O][C][C][C][=C][N][Branch1][Ring1][C][#N][C][Branch1][C][O][=N][Ring2][Ring1][#Branch1],-0.22164027995831415
571.5800000000004,2.0768999999999997,14,7,214.36999999999998,7,0.14174797915071272,5.501481464652418,2,[C][C][C][C][C][C][C@@H1][Branch1][C][O][C][=C][C][=Branch1][C][=O][O][C@H1][Branch1][C][O][C][=C][Branch1][C][O][C][=C][Branch1][C][O][C][=C][Ring1][Branch2][N][C][=Branch1][C][=O][O][C][C][C][C@H1][Branch1][=Branch1][C][C][C][=Branch1][C][=O][O][=N][O][=N][O][Ring2][Ring2][Ring1],-0.2216685886633473
514.5240000000003,3.0549000000000017,12,5,189.27999999999997,6,0.19809894968596575,5.590270128724153,1,[C][C][=C][Branch1][C][O][C][C][Branch1][C][O][=C][Branch1][C][C][C][C][C][=C][Branch1][C][O][C][Branch1][C][O][=C][Branch1][Ring1][O][C][C][C][=Branch1][C][=O][O][C][Branch1][=Branch1][C][C][=Branch1][C][=O][O][C][Branch1][C][O][C][C][C][=Branch1][C][=O][O][C][Ring2][Ring1][O],-0.22385269242070854
516.4960000000004,1.9463,12,6,217.34999999999994,14,0.11057950054243422,4.571205558994327,1,[C][C][C][C][Branch1][C][C][=C][C][Branch1][C][O][=C][Branch1][C][O][C][Branch1][C][O][=C][Ring1][=Branch2][C][=Branch1][C][=O][O][C][Branch1][C][O][C][C][C][C][=Branch1][C][=O][O][C][Branch1][C][O][C][C][=Branch1][C][=O][O][C][Branch1][C][C][C][C][=Branch1][C][=O][O][Ring2][Ring1][Branch2],-0.22392378717769149
489.56200000000024,1.9416699999999996,10,8,208.82999999999998,17,0.04890340641066469,5.199002924836881,0,[C][C][C@H1][Branch1][C][O][C@@H1][Branch1][C][C][C][=Branch1][C][=O][O][=C][Branch1][C][O][C][=C][Branch1][C][O][C][C][C][C@H1][Branch1][C][O][C][C][=Branch1][C][=O][C@H1][Branch1][C][C][C@H1][Branch1][C][O][C][=C][Branch1][C][O][C][C][C][Branch1][C][O][=N][Ring1][N],-0.22430557193257605
501.4610000000004,1.9376899999999992,11,6,217.34999999999997,15,0.13972340544140222,4.508731708440448,1,[C][C@H1][C][C][C][Branch1][C][O][=C][C][Branch1][C][O][=C][Branch1][C][O][C][Branch1][C][O][=C][Ring1][=Branch2][C][=Branch1][C][=O][O][C@H1][Branch1][Ring1][C][O][C][=Branch1][C][=O][O][C@H1][Branch1][#Branch1][C][C][=Branch1][C][=O][O][C][C][C][C][C][=Branch1][C][=O][O],-0.2249429791302679
469.48700000000025,3.0433000000000003,10,4,160.85,1,0.42008453343702706,5.485378155310216,2,[C][C][Branch1][C][C][Branch1][C][C][O][C][C][C][C][=Branch1][C][=O][N][C][=C][Branch1][C][O][C][C][C][C][C][Branch1][C][O][=C][Branch1][C][O][C][Branch1][C][O][=C][Ring1][N][C][=Branch1][C][=O][O][C][C][C][=Branch1][C][=O][O][Ring2][Ring1][N],-0.22572584051454986
532.4950000000005,3.040700000000001,13,9,243.89999999999998,16,0.034629075179106586,4.73885731538207,0,[C][O][C][Branch1][C][O][C][=C][C][Branch1][C][O][=C][Branch1][C][O][C][C][Branch1][C][O][=C][Branch1][Ring1][O][C][C][=Branch1][C][=O][O][C][C][C][C][C][=C][Branch1][C][O][C][Branch1][C][O][=C][Branch1][C][O][C][Branch1][C][O][=C][Ring1][S][C][C][=Branch1][C][=O][O],-0.22583343087328833
496.5330000000002,1.9346899999999994,9,7,193.85,6,0.26707616378927973,5.793824756989476,2,[C][C][Branch1][C][C][C@H1][C][C][C][C][C][=Branch1][C][=O][O][C@H1][Branch1][C][O][C][C][C][C][=C][Branch1][C][O][C][=C][Branch1][C][O][C][Branch1][C][O][=C][Ring1][N][C][=Branch1][C][=O][N][C@@H1][Branch1][#Branch1][C][C][=Branch1][C][=O][O][C][Ring2][Ring1][N][O],-0.22623028915686802
503.54500000000047,3.065400000000002,11,5,192.41,17,0.02861363277328986,4.804570122794984,0,[C][C][C][Branch1][C][O][C][Branch1][C][C][O][C][C][Branch1][C][C][C][C][=C][Branch1][C][O][C][Branch1][C][O][=C][Branch1][C][O][C][C][C][=Branch1][C][=O][O][C][Branch1][C][O][=N][C][C][C][C][C][=Branch1][C][=O][O][C][Ring2][Ring1][N][=O],-0.22627110663980146
518.5800000000004,1.9419999999999997,11,6,212.05999999999997,5,0.28929566360092035,5.6577335966117595,1,[C][C][C@H1][Branch1][C][O][C@@H1][Branch1][C][C][C][C][C][=Branch1][C][=O][O][C@H1][Branch1][C][O-1][C][=C][Branch1][C][O][C][C][Branch1][C][O][=C][Branch1][C][O][C][C][C][C@H1][Branch1][C][O][C@H1][Branch1][#Branch1][O][C][Branch1][C][N][=O][O][C][C][C][C][Ring2][Ring1][=N],-0.2262721936076108
491.5140000000003,1.9356000000000015,11,6,213.91999999999996,17,0.03285831060969985,4.914382626853115,0,[C][C][O][C][Branch1][C][O][C][C][C][C][Branch1][C][O][=N][C][C][C][C][C][Branch1][C][O][=N][C][Branch1][C][O][=C][Branch1][C][O][C][C][Branch1][C][O][=C][Branch1][Ring1][O][C][C][=Branch1][C][=O][O][C][Branch1][C][O-1][C][Ring2][Ring1][Branch2],-0.22639705471582378
490.50600000000037,3.0641000000000016,11,6,207.92999999999995,16,0.04622510204987644,4.355762424211941,0,[C][O][C][C][C][C][Branch1][C][O][C][C][C][C][Branch1][C][O][=N][C][=C][Branch1][C][O][C][Branch1][C][O][=C][Branch1][C][O][C][C][C][=Branch1][C][=O][O][C][C][C][Branch1][#Branch1][O][C][=Branch1][C][=O][O][=N][C][Ring2][Ring1][Branch2],-0.2264375272431676
491.5340000000003,1.9351999999999996,12,4,172.29,4,0.3329289574622547,5.4427443678572605,1,[C][C][Branch1][C][C][C@H1][Branch1][C][O][C][C][=Branch1][C][=O][C@@H1][Branch1][C][O][C][C@@H1][Branch1][C][O][C][C][C][C][C][C][C][=C][N][Branch1][C][O][C][C][C][=Branch1][C][=O][O][O][C][=Branch1][C][=O][O][C][Ring2][Ring1][Branch2][O],-0.22655361180965547
533.4830000000003,3.041570000000001,14,7,234.74999999999997,8,0.0592985732003364,5.591500808441071,1,[C][O][C][O][C][Branch1][C][O][=C][C][Branch1][C][O][=C][Branch1][C][O][C][C][C][C][=C][Branch1][C][O][C][C][C][=Branch1][C][=O][O][C][Branch1][#Branch1][O][C][Branch1][C][O][=N][C][C][C][=Branch1][C][=O][O][C][Branch1][C][O][=C][O][C][Ring2][Ring1][Branch2],-0.22674244318168632
559.6130000000004,2.9826000000000006,11,8,234.44999999999996,7,0.09763238547766195,5.496450767340004,1,[C][O][C][Branch1][C][O][C][C][C][C][Branch1][C][O][=N][C][C][C][C][N][=C][Branch1][C][O][C][Branch1][C][O][=N][C][Branch1][C][O][C][C][C][C][C][=C][Branch1][C][O][C][Branch1][C][O][=C][Branch1][C][O][C][C][C][=Branch1][C][=O][O][=C][Ring2][Ring1][N],-0.2268904596407709
497.4530000000004,3.067800000000002,11,5,209.48,9,0.10952751623103028,4.598056659474372,2,[O][=C][Branch1][C][O][C][C][C][C][C][C][C][C][C][=C][C][Branch1][C][O][=C][Branch1][C][O][C][Branch1][C][O][=C][Ring1][=Branch2][C][=Branch1][C][=O][O][C][=Branch1][C][=O][O][C][Branch1][C][O][=N][C][C][C][C][=Branch1][C][=O][O][Ring2][Ring1][#Branch1],-0.22717711864534315
473.4750000000003,1.9476699999999998,12,7,207.05999999999997,2,0.22764520370621966,5.405847060230526,1,[C][O][C][Branch1][C][O][C][C][C][C][C][Branch1][C][O][=C][C][Branch1][C][O][=C][Branch1][C][O][C][C][C][Branch1][C][O][=C][Ring1][N][C][=Branch1][C][=O][O][C@H1][Branch1][C][O][C][C][=Branch1][C][=O][O][C][C][C][Ring2][Ring1][N][=N],-0.22721190797139126
544.5540000000004,1.9764999999999995,13,6,213.66999999999996,10,0.13194410382989377,6.056244710853256,2,[O][=C][Branch1][C][O][C][C][C][C@H1][Branch1][C][O][C][C][C@H1][Branch1][C][O][=N][C][C][C][C][C][=Branch1][C][=O][O][C][=C][O][C][Branch1][C][O][=C][Branch1][C][O][C][=Branch1][Ring2][=N][Ring1][Branch2][C][C][C][C][C][C][=Branch1][C][=O][O][O][Ring2][Ring1][Branch2],-0.22757107826786827
498.48500000000035,3.0691000000000006,9,5,212.60999999999996,15,0.09569197145417804,4.150981076016379,1,[O][=C][Branch1][C][O][C][C][C][C][C][C][C][C][C@@H1][Branch1][C][O][C][=C][N][=C][Branch1][C][O][N][=C][Ring1][Branch2][O][C][=Branch1][C][=O][C][C][C][Branch1][=Branch1][C][=Branch1][C][=O][O][=C][Branch1][C][O][C][C][=Branch1][C][=O][O][Ring2][Ring1][Branch2],-0.2276601644996333
442.41700000000026,2.9922000000000004,10,6,191.04999999999998,4,0.2769037085677688,4.847919171166565,1,[O][=C][Branch1][C][O][C][C][C][C][C][C][C@H1][Branch1][C][O][C][/C][Branch1][C][O][=C][\C][=C][Branch1][C][O][C][C][=C][Branch1][C][O][C][Branch1][C][O][=C][Ring1][=Branch2][C][=Branch1][C][=O][O][C][=Branch1][C][=O][O][Ring2][Ring1][=Branch2],-0.2280897673197988
482.58200000000016,3.065100000000001,10,4,177.13999999999996,17,0.08659662041161985,5.134934813647685,1,[C][C][C@H1][Branch1][C][O][C@@H1][Branch1][C][C][C][Branch1][C][O][=N][C][C][C][C][C@H1][Branch1][C][C][C@@H1][Branch1][#Branch1][O][C][Branch1][C][N][=O][C][C][C][C][=C][N][Branch1][Ring2][C][=N][Ring1][Branch1][C][=N][O][C][Ring2][Ring1][Branch2][=N][O],-0.22870861045443863
548.6300000000003,1.981800000000001,11,4,196.43,22,0.05072816205667789,4.73266428945743,0,[C][C][C][C][C][Branch1][C][C][O][C][C][C][C][Branch1][C][O][=N][C][=C][Branch1][Branch1][C][O][C][C][C][C][C][=Branch1][C][=O][O][C][Branch1][Branch2][C][C][=Branch1][C][=O][O][C][=Branch1][C][=O][O][C][Branch1][C][O][C][C][Branch1][C][N][=O][C][Ring2][Ring1][N],-0.2289639840673637
532.5830000000004,1.9500999999999995,12,4,186.11999999999998,20,0.02612639462870736,4.867703137458589,0,[C][C][C@H1][Branch1][C][O][C@H1][Branch1][C][C][C][=Branch1][C][=O][O][=C][Branch1][C][O][C][=C][Branch1][C][O][C][=C][Ring1][Branch2][C][=Branch1][C][=O][O][C][C][C][=Branch1][C][=O][O][C@H1][Branch1][#Branch1][C][C][C][=Branch1][C][=O][O][C][Branch1][C][O][C][C][C][C][C][Ring2][Ring1][=N],-0.2294101330717547
485.44200000000035,1.93,12,5,201.63999999999996,4,0.2863578257385684,6.337786608991378,2,[C][C][C][Branch1][C][O][C][Branch1][C][C][O][C][Branch1][C][C][C][C][C][=C][C][Branch1][C][O][=C][Branch1][C][O][C][Branch1][C][O][=C][Ring1][N][C][=Branch1][C][=O][O][C][=Branch1][C][=O][O][C][Branch1][C][O][=N][C][C][C][=Branch1][C][=O][O][Ring2][Ring1][Branch2],-0.2298515639624842
527.5230000000003,3.0589000000000013,11,5,201.63999999999996,8,0.10884190929034333,4.6391185854223895,2,[C][C][O][C][Branch1][C][O][=N][C][C][C][C][C][C][C][C][C][C][=C][C][Branch1][C][O][=C][Branch1][C][O][C][Branch1][C][O][=C][Ring1][=Branch2][C][C][=Branch1][C][=O][O][C][Branch1][#Branch1][O][C][=Branch1][C][=O][O][C][C][=Branch1][C][=O][O][Ring2][Ring1][#Branch2],-0.23023712931671184
525.5590000000003,1.93778,11,6,230.13999999999996,9,0.14538242387015324,5.848333578283063,1,[C][C][C][C][C][C@H1][Branch1][C][O][C@H1][Branch1][C][C][O][=C][Branch1][C][O][C][C][C][N][=C][Branch1][C][O][N][=C][Branch1][Ring1][C][#N][C][Branch1][C][O][=N][/C][=C][Branch1][C][O][C][C][Branch1][C][O][=N][C][C][C][=Branch1][C][=O][O][Ring2][Ring1][Branch2],-0.23062450535014714
545.5580000000006,3.0304900000000012,10,6,225.18999999999997,22,0.04981217106339001,4.371964052211883,0,[O][=C][Branch1][C][O][C][C@H1][C][C][C@H1][Branch1][Branch2][C][C][C][=Branch1][C][=O][O][C][C@H1][Branch1][C][O][C][C][C][=Branch1][C][=O][O][C][=C][Branch1][C][O][C][Branch1][C][O][=C][Ring1][Branch2][C][C][C][=Branch1][C][=O][O][C][C][C][C][=Branch1][C][=O][O][Ring2][Ring1][Branch2],-0.23093130552612484
501.53300000000036,1.9220999999999993,11,5,207.15999999999997,15,0.058303272314127595,5.109047858867086,1,[C][C][C@H1][Branch1][C][O][C@H1][Branch1][C][C][C][=Branch1][C][=O][N][=C][Branch1][C][O][C@H1][Branch1][C][O][C@H1][Branch1][C][O][C][C][C][C][C][C@H1][Branch1][Branch2][O][C][=Branch1][C][=O][O][C][C][=C][O][C][=Branch1][Ring2][=N][Ring1][Branch1][C][=C][O][N][Ring2][Ring1][Branch2],-0.2311803321132664
387.53700000000026,2.3642900000000004,6,4,107.22,13,0.285449392327148,4.549084241994999,1,[C][C][Branch1][C][C][C@@H1][C][C][C][C][C@H1][Branch1][C][O][C][C@@H1][Branch1][C][O][C][C@@H1][Branch1][C][O][C][C][C][C][C][C@@H1][Branch1][C][O][=C][Branch1][Branch1][O][C][Ring1][Branch2][=O][O][C][C@H1][Branch1][C][O][C][C][C][=Branch1][C][=O][O][C][Ring2][Ring1][Ring2][=N],-0.2313837896914988
510.49200000000036,3.076600000000001,12,5,189.28,5,0.20669600799877588,5.882952606039908,2,[C][C][C][C][C][C][C@H1][Branch1][C][C][O][C][=Branch1][C][=O][C@@H1][Branch1][C][O][C][=C][Branch1][C][O][C][=C][Branch1][C][O][C][=C][Branch1][C][O][C][C][C][=Branch1][C][=O][O][C][=C][Branch1][C][O][C][Branch1][C][O][=C][Ring1][N][C][=Branch1][C][=O][O][Ring2][Ring1][=N],-0.2315926118337979
510.5840000000003,3.0777800000000006,10,5,189.89999999999998,5,0.27123531619479396,5.263084382190575,1,[C][C][C][C][C][C][C][C@H1][Branch1][C][O][C][C][Branch1][C][O][=N][C][C][C][C@H1][Branch1][Ring1][C][#N][=C][Branch1][C][O][C][C][C][=Branch1][C][=O][O][C][C][=C][Branch1][C][O][C][Branch1][C][O][=C][Ring1][=Branch2][C][=Branch1][C][=O][O][Ring2][Ring1][=C],-0.2320793846251755
500.4530000000004,3.0805000000000016,13,6,201.66999999999996,6,0.1021685023327066,5.38946098639745,2,[C][O][C][Branch1][C][O][C][C][C][C][C][Branch1][C][O][=C][Branch1][C][O][C][C][C][=C][Branch1][C][O][C][Branch1][C][O][=C][Branch1][C][O][C][Branch1][C][O][=C][Ring1][N][C][=Branch1][C][=O][O][C][=Branch1][C][=O][O][C][C][=C][O][C][Ring2][Ring1][Branch2],-0.2322017675126533
485.4900000000003,1.9231000000000005,11,6,199.72999999999996,11,0.08207706598109475,5.610201930423198,1,[C][C][C@@H1][Branch1][C][O][C@@H1][Branch1][C][C][O][C][C][=Branch1][C][=O][N][=C][Branch1][C][O][C][C][C][N][C][=C][Branch1][C][O][C][Branch1][C][O][=C][Branch1][C][O][C][C][C][=Branch1][C][=O][O][C][=C][Branch1][C][O][C][Ring2][Ring1][Branch2][=N][Ring1][O],-0.23257759565357938
530.5230000000005,3.0613,11,7,228.34999999999997,15,0.091781091798862,4.578046443101772,1,[C][C][C][C][Branch1][C][O][=C][C][Branch1][C][O][=C][Branch1][C][O][C][C][Branch1][C][O][=C][Ring1][N][C][C][=Branch1][C][=O][O][C@H1][Branch1][#Branch1][C][C][=Branch1][C][=O][O][C][C][C][=Branch1][C][=O][O][C][Branch1][C][O][C][C][C][C][C][=Branch1][C][=O][O][Ring2][Ring1][Branch2],-0.23267110803879398
503.5490000000003,1.9181000000000004,11,6,199.72999999999996,19,0.03754846447357831,4.775033579633523,1,[C][C][C][C][C][C@H1][Branch1][C][O][C][Branch1][C][O][=N][C@H1][Branch1][C][O][C][C][C][C][C][N][=C][Branch1][C][O][C][C][C][C][=Branch1][C][=O][O][C][=Ring1][Branch1][C][O][C][=Branch1][C][=O][O][=N][C][Ring2][Ring1][=N][O],-0.2328682013586225
517.5280000000002,3.0761000000000003,12,5,193.79999999999998,8,0.295758102133888,5.487165277184454,1,[C][C][C][Branch1][C][O][C][O][C][Branch1][C][C][C][C][C][C][Branch1][C][C][=C][Branch1][C][O][C][C][Branch1][C][O][=C][Branch1][C][O][C][C][=Branch1][C][=O][O][C][Branch1][C][O][=N][O][C][C][=Branch1][C][=O][O][C][Branch1][C][O][=C][C][Ring2][Ring1][=Branch1],-0.23309121977457686
383.44900000000007,2.4593000000000003,7,3,140.95,2,0.6280959910671032,5.521423846984605,1,[C][C@H1][Branch2][Ring1][Ring2][C][C][O][/N][=C][\C][Branch1][C][O][=N][C][C][C][C][C][C][C][N][=C][Branch1][C][O][C][Branch1][C][O][=N][C][Branch1][C][O][=N][Ring1][N][=N][C][C][=Branch1][C][=O][O][C][C][O][C][Ring2][Ring1][N][=O],-0.23366981149476698
544.5060000000004,3.0407,14,9,243.89999999999995,13,0.07000652955405255,4.946920147629886,1,[C][O][C][=C][C][Branch1][C][O][=C][Branch1][C][O][C][C][C][Branch1][C][O][=C][Branch1][C][O][C][Branch1][C][O][=C][Branch1][C][O][C][C][=Branch1][C][=O][O][C][C][O][C][=Branch1][C][=O][C][Branch1][C][O][C][C][C][C][=C][Branch1][C][O][C][Branch1][C][O][=C][Ring1][=Branch2],-0.23388068441835932
539.5340000000003,3.0505000000000013,12,3,179.64000000000001,5,0.1638547639066688,5.651724505370348,3,[C][C][Branch1][C][C][Branch1][C][C][O][C][Branch1][C][O][C][=C][C][C][C][=C][C][Branch1][C][O][=C][C][Branch1][C][O][=C][Ring1][Branch2][O][C][=Branch1][C][=O][O][C][C][C][=Branch1][C][=O][O][C][Branch1][C][O][=N][C][C][C][C][=Branch1][C][=O][O][=C][Ring2][Ring1][Branch2],-0.23396535774340682
574.6920000000006,2.951290000000002,11,7,198.12,22,0.056615878228836014,4.92197097615064,1,[O][=C][Branch1][C][O][C][C@H1][C][C][C][C][C][C@H1][Branch1][C][O][=N][C][C@H1][Branch1][Branch2][C][O][C][=Branch1][C][=O][O][C][=Branch1][C][=O][O][C][C@@H1][Branch1][C][O][C][C][C][C][C][C][C][C][C][C][=C][N][N][Branch1][C][O][Ring1][Branch2],-0.23431091675805596
501.4410000000004,1.9132,11,8,243.86999999999995,13,0.036639066400560256,3.8585744538079423,1,[C][O][C][=C][C][Branch1][C][O][=C][Branch1][C][O][C][Branch1][C][O][=C][Ring1][=Branch2][C][=Branch1][C][=O][O][C@@H1][Branch1][C][O][C][C][C][C][C][C][=Branch1][C][=O][N][=C][Branch1][C][O][C][Branch1][C][O][=C][Branch1][C][O][C][C][C][=Branch1][C][=O][O][Ring2][Ring1][Branch2],-0.2347376925932433
424.41400000000004,2.04958,9,4,194.2,4,0.298710248209465,4.7277512794817245,1,[C][O][C][C][O][C][Branch1][C][O][=N][C][=C][Branch1][C][O][C][C][C][C][C][C][N][=C][Branch1][C][O][C][Branch1][C][O][=N][C][Branch1][Ring1][C][#N][=N][C][Branch1][C][O][=N][Ring2][Ring1][Ring2][C][Branch1][C][O][=C][Branch1][C][O][C],-0.2351881838188304
549.7020000000003,3.0329000000000006,10,5,164.01000000000002,13,0.13025827508193444,5.133543576727021,1,[C][C][Branch1][C][C][C][C][C][C][C][C][C@@H1][Branch1][C][O][C][C@H1][Branch1][C][O][C][C][C][C][C@H1][Branch1][C][O][C][C@@H1][Branch1][C][O][=C][Branch1][Branch1][O][C][O][C][C][=Branch1][C][=O][O][C@H1][Branch1][Branch2][C][C][C][=Branch1][C][=O][O][=N][Ring2][Ring1][N],-0.2351985136347597
498.4850000000003,3.088580000000001,11,7,230.35999999999999,15,0.032822072878572243,4.704927307405957,0,[C][C][Branch1][C][C][C][C][Branch1][C][O][C][=C][C][Branch1][C][O][=C][Branch1][C][O][C][C][C][Branch1][C][O][=C][Branch1][C][O][C][C][=Branch1][C][=O][O][C][C][Branch1][C][O][=N][O][C][Branch1][Ring1][C][#N][=C][Ring1][N][C][C][=Branch1][C][=O][O],-0.23545149717935585
515.5120000000004,1.9159,13,5,190.30999999999997,10,0.1611912196904565,5.365769860682915,2,[C][C][C][C][C][C][C][C@H1][Branch1][C][O][C][/C][=C][\C][=C][Branch1][C][O][C][Branch1][C][O][=C][Branch1][Branch1][O][C][C][O][=C][Ring1][N][C][=Branch1][C][=O][O][C][=Branch1][C][=O][O][C@H1][Branch1][Ring1][C][O][C][=Branch1][C][=O][O][=N][Ring2][Ring1][N],-0.23569076811788803
456.40000000000026,1.9525000000000003,12,6,192.43999999999997,3,0.33864248867222707,5.680172910663471,2,[C][C][O][C][C][C][O][C][=C][C][Branch1][C][O][=C][Branch1][C][O][C][Branch1][C][O][=C][Ring1][N][C][C][=Branch1][C][=O][O][C][C][=C][Branch1][C][O][C][Branch1][C][O][=C][Branch1][C][O][C][=Branch1][C][=O][O][C][Ring2][Ring1][Branch2],-0.2357219548535941
528.5590000000003,3.0721700000000007,11,7,234.90999999999994,12,0.11094111934902509,5.629712250294757,1,[C][C][C][C][C][C@H1][Branch1][C][O][=C][C][Branch1][C][O][=C][Branch1][C][O][C][C][C][N][=C][Branch1][C][O][C][C][=Branch1][Ring2][=N][Ring1][Branch1][C][=N][O][C][C@@H1][Branch1][Branch2][C][C][C][=Branch1][C][=O][O][C][Branch1][C][O][=N][O][C][Ring2][Ring1][=Branch1][=O],-0.23588774310675872
575.6760000000005,2.952490000000001,11,5,203.94,27,0.031446791638809146,4.383385645526509,0,[O][=C][Branch1][C][O][C][C@H1][C][C][C@H1][Branch1][C][O][=N][C][=Branch1][Branch1][=C][O][C][C][C][C][=Branch1][C][=O][O][C][C][C][C][C][C][C@H1][Branch1][=Branch1][C][C][C][O][=N][O][C][=Branch1][C][=O][C][C][C][C][=Branch1][C][=O][O][Ring2][Ring1][N],-0.2359385087687053
529.5830000000004,1.928999999999999,10,6,203.40999999999997,5,0.17240215191001004,5.365841699864452,1,[C][C][Branch1][C][C][C@H1][Branch1][C][O][C][C][=Branch1][C][=O][N][=C][Branch1][C][O][C][Branch1][C][O][C][C@@H1][Branch1][C][O][C][C][C][C][C][C][Branch1][C][C][=C][Branch1][C][O][C][=Branch1][C][=O][O][C][C][=C][Branch1][C][O][C][C][=Branch1][C][=O][O][=C][Ring2][Ring1][Branch2],-0.23593892335941583
532.5430000000003,1.9316,12,7,228.15999999999994,10,0.07035340242313161,5.521057206328822,1,[C][C][C][Branch1][C][O][C][C][C][C][C][C][C][Branch1][C][O][=N][C][Branch2][Ring1][Ring1][C][C][Branch1][C][O][C][Branch1][C][O][=C][Branch1][C][O][C][Branch1][C][O][=C][Ring1][N][O][C][C][=Branch1][C][=O][O][C][Branch1][C][O][=N][C][C][=Branch1][C][=O][O][C][Ring2][Ring1][Branch2],-0.2364926150982311
515.5600000000004,3.086100000000002,12,7,202.88999999999996,13,0.10781785968158672,5.920338116529418,2,[O][=C][Branch1][C][O][C][C][C][C][C][C][C@@H1][Branch1][C][O][C][C][=C][C][Branch1][C][O][=C][Branch1][C][O][C][C][=Branch1][Ring2][=N][Ring1][Branch2][=N][O][C][Branch1][=Branch1][C][C][C][C][C][=Branch1][C][=O][O][=C][O][C][Ring2][Ring1][=Branch1][=N][O],-0.23649644394789615
489.52200000000033,1.9108999999999998,10,7,224.71999999999997,17,0.03919435994227608,4.80281854879071,0,[C][O][C][Branch1][C][O][=N][C][=C][C][C][C][C][C][C@@H1][Branch1][C][O][N][=C][Branch1][C][O][C][C][C][Branch1][C][O][=C][Branch1][C][O][C][C][=Branch1][C][=O][O][=C][Branch1][C][O][C][C][C][=Branch1][C][=O][N][Ring2][Ring1][=Branch1],-0.23656999711713234
502.46900000000045,3.0920000000000014,12,5,206.34999999999997,10,0.16547448473875848,5.068619511226618,1,[C][C][C][Branch1][C][O][C@@H1][Branch1][C][C][O][C][C][C][=C][Branch1][C][O][C][C][=C][Branch1][C][O][C][Branch1][C][O][=C][Ring1][N][C][=Branch1][C][=O][O][C][=Branch1][C][=O][O][C][=Branch1][C][=O][O][C][C][C][C][C][=Branch1][C][=O][O][Ring2][Ring1][=N],-0.23685148056113198
467.51500000000027,3.0698000000000008,9,6,173.62,13,0.13414142668696347,4.460345026476249,1,[C][C][C][C][C][C][C][C][C][C@H1][Branch1][C][O][C][=C][C][Branch1][C][O][=C][Branch1][C][O][C][Branch1][C][O][=C][Ring1][N][C][=Branch1][C][=O][O][C][=Branch1][C][=O][C@H1][Branch1][#Branch1][C][C][=Branch1][C][=O][O][=N][C][=Branch1][Branch1][=C][Ring2][Ring1][Branch2],-0.23699921371177596
501.48500000000035,3.0948800000000016,13,6,216.22999999999996,16,0.05895024518768126,4.263655104248784,0,[C][O][C][C][O][C][Branch1][C][O][=C][C][Branch1][C][O][=C][Branch1][C][O][C][C][C][C][Branch1][C][O][=C][Branch1][C][O][C][Branch1][C][O][=C][Ring1][=C][C][=Branch1][C][=O][O][C@H1][Branch1][Ring1][C][#N][C][C][C][C][=Branch1][C][=O][O][C][Ring2][Ring1][Ring2],-0.23797053431885284
539.6300000000003,3.062380000000001,9,5,206.42,8,0.1729352990159332,5.4278476152384725,1,[C][C][C@@H1][Branch1][C][C][C][O][C][Branch1][C][O][=N][C][C][C][C][C][C][C][C@@H1][Branch1][Ring1][C][#N][C][Branch1][C][O][=N][C][Branch1][C][O][=N][C][C][C][=Branch1][C][=O][O][C][C@@H1][Branch1][Branch2][C][C][C][=Branch1][C][=O][O][=N][Ring2][Ring1][N],-0.2385069179374055
503.56000000000034,1.903980000000001,10,5,204.83999999999997,6,0.20499654053794036,6.455020828756296,2,[C][C][C][Branch1][C][O][C][C][C][Branch1][C][C][C][Branch1][C][O][=N][C][=C][C][=N][C][=Branch1][Ring2][=N][Ring1][Branch1][C][N][C][C][C][N][=C][Branch1][C][O][C][C][C][=Branch1][C][=O][O][C][Branch1][Ring1][C][#N][C][Branch1][C][O][=N][Ring2][Ring1][=Branch2],-0.23851429488397513
548.6780000000001,3.04504,12,7,220.98999999999998,22,0.045305915191295926,5.046045686352934,0,[C][C][C][C][C][C][C@H1][Branch1][C][C][C@H1][Branch1][C][O][C@H1][Branch1][C][O][C][C][C][C][C][C][C@@H1][Branch1][C][O][C][C@@H1][Branch1][Ring2][C][C][=N][O][C][=Branch1][C][=N][O][N][=C][Branch1][C][O][O][C][C][=Branch1][C][=O][O][=N][Ring2][Ring1][N],-0.23876592510657813
455.4600000000002,3.05457,11,7,197.82999999999998,3,0.18846294413672707,5.131596210726778,1,[C][O][C][=C][C][Branch1][C][O][=C][Branch1][C][O][C][C][C][C][Branch1][C][O][=C][Branch1][C][O][C][C][C][C][=Branch1][C][=O][C][=C][Branch1][C][O][C][=Branch1][Ring2][=N][Ring1][N][C][=Branch1][C][=O][O][C][Branch1][C][O][C][C][Ring2][Ring1][Branch2],-0.23904582820873477
565.6170000000004,3.0005000000000015,12,6,218.18999999999994,3,0.21431402915846998,5.872115959122753,1,[C][C][C@@H1][Branch1][C][O][C@@H1][Branch1][C][C][C][C][C@H1][Branch1][C][O][=N][C@@H1][Branch1][C][C][C][C][Branch1][C][O][=N][O][C][C][C][C][C@H1][Branch1][C][O][C][C@@H1][Branch1][Branch2][C][O][C][=Branch1][C][=O][O][C][Branch1][C][O][=N][O][C][=Branch1][C][=O][O][C][Ring2][Ring2][Ring2],-0.2393792028477003
498.5730000000004,1.8994000000000013,10,6,188.64,3,0.31170999463686794,4.6762064364371,1,[C][C][C][C][C][C][C][C][C][C@H1][Branch1][C][O][C][C@H1][Branch1][C][O][=N][C][=C][Branch1][Branch2][C][C][C][=Branch1][C][=O][O][C][=C][Branch1][C][O][C][Branch1][C][N][=C][Ring1][N][C][=Branch1][C][=O][O][C][C][=Branch1][C][=O][O][Ring2][Ring2][Ring1][Branch2],-0.2402569518577969
562.6570000000004,3.012600000000001,13,5,182.10999999999999,23,0.04031001010811279,4.878653005589239,0,[C][=C][C][C][C][C@H1][Branch1][C][C][C][O][C][=Branch1][C][=O][O][C][C@H1][Branch1][C][O][C][=C][Branch1][C][O][C][C][C][C][C][C][C@H1][Branch1][C][O][C][=Branch1][C][=O][C@H1][Branch1][Ring2][C][O][C][=N][O][C][=Branch1][C][=O][O][=N][C][Ring2][Ring1][N],-0.24030189386686143
486.4740000000003,1.902300000000001,11,8,218.59999999999997,8,0.08137039489196707,5.061483722556049,1,[C][O][C][Branch1][C][O][=C][C][Branch1][C][O][=C][Branch1][C][O][C][C][C][C][C][Branch1][C][O][=C][Branch1][C][O][C][=C][Ring1][N][C][=Branch1][C][=O][O][C][C][C][Branch1][C][O][=N][C@H1][Branch1][C][O][C][C][=Branch1][C][=O][N][C][Ring1][S],-0.24060560488899624
483.4260000000003,1.90268,12,6,224.06999999999996,8,0.21443526572749044,5.4580671437271615,1,[C][C][C][Branch1][C][O][C][C@H1][Branch1][C][O][C][C][=C][Branch1][C][O][C][=C][Branch1][C][O][C][C][C][=C][Branch1][C][O][C][Branch1][C][O][=C][Ring1][N][C][=Branch1][C][=O][O][C][=Branch1][C][=O][O][C][Branch1][Ring1][C][#N][C][=Branch1][C][=O][O],-0.2412164569178479
501.5770000000004,1.8968400000000003,11,7,205.96999999999997,18,0.06322712341074767,4.936594741458179,1,[C][C][C][C][C][C][C@H1][Branch1][C][C][C@H1][Branch1][C][O][C@H1][Branch1][C][O][C@@H1][Branch1][C][O][C@@H1][Branch1][C][O][C][C][C][C][=Branch1][C][=N][O][C][=Ring1][Branch1][C][=N][O][C][=Branch1][Ring2][=N][Ring1][=Branch2][O][C][C][C][C][=Branch1][C][=O][O],-0.24128461495089143
503.5450000000003,1.8954,12,4,181.41,14,0.1542777931446796,4.783422757652511,1,[C][C][C][C][C][C@H1][Branch1][C][O][=C][C][=C][Branch1][C][O][C][=Branch1][Ring2][=N][Ring1][#Branch1][C@@H1][Branch1][C][C][C][C][=Branch1][C][=O][O][C][C@H1][Branch1][C][O][C][C][=Branch1][C][=O][O][C][=Branch1][C][=O][O][C@H1][Branch1][C][C][C@H1][Branch1][C][O][C][O],-0.24194390610222033
487.5940000000003,3.1023400000000008,11,5,163.41,7,0.26801485776701534,5.280470224209433,1,[C][C][Branch1][C][C][C][C][C][C][C][C][C@H1][Branch1][C][O][C][C][C@@H1][Branch1][C][O][C][C@@H1][Branch1][C][O][=N][O][C][=Branch1][C][=N][O][C][=Branch1][Ring2][=N][Ring1][N][C][=C][O][C][C][C][=Branch1][C][=O][O][C][Ring2][Ring1][Branch2],-0.24221022158447425
501.5290000000003,1.8944999999999999,11,7,206.56999999999996,7,0.1159538881206102,5.497048419664987,2,[C][C][C][C][C][C][C@H1][Branch1][C][O][C][Branch1][C][O][=N][C][C][C][C@H1][Branch1][C][O][C][C][C@H1][Branch1][C][O][C][=C][Branch1][C][O][C][C][Branch1][C][O][=C][Branch1][C][O][C][=Branch1][C][=O][O][=C][Ring1][N][C][=Branch1][C][=O][O][Ring2][Ring1][Branch2],-0.24221930427610436
515.5160000000004,1.8988000000000012,13,6,208.96,15,0.04611850661965947,4.637588851711332,1,[C][C][C][Branch1][C][O][C][O][C][C][C][Branch1][C][O][=N][C][C][Branch1][C][O][=C][C][Branch1][C][O][=C][Ring1][=Branch2][C][C][=Branch1][C][=O][O][C][Branch1][C][O][=N][C][C][C][C][C][=Branch1][C][=O][O][=N][C][Branch1][C][O][=C][Ring2][Ring1][Branch2],-0.24247394792843174
489.49400000000026,1.8957899999999994,11,7,211.27999999999997,9,0.1405267355388097,5.42869514269812,1,[C][C][C@H1][Branch1][C][C][C@H1][Branch1][C][O][C@@][Branch1][C][O][C][C][C][Branch1][C][O][=C][Branch1][C][O][C][=Branch1][C][=O][O][C@H1][Branch1][Ring2][C][C][C][C][C][C][=Branch1][C][=O][O][=C][Branch1][C][O][C][Branch1][C][O][=C][Ring1][N][C][=Branch1][C][=O][O],-0.2425956718492729
515.4680000000004,1.8984,12,7,232.86999999999995,13,0.04640193972910875,5.117969687722741,1,[C][C][O][C][=C][C][Branch1][C][O][=C][Branch1][C][O][C][Branch1][C][O][=C][Ring1][N][C][C][Branch1][C][O][=C][Branch1][C][O][C][Branch1][C][O][C][=Branch1][C][=O][O][C][C][C][C][C][=Branch1][C][=O][N][=C][Branch1][C][O][C][C][O][C][Ring2][Ring1][Branch2][=O],-0.24262037362101319
481.4580000000003,3.1013699999999997,9,8,225.70999999999998,12,0.07148605625980702,4.00256420279091,1,[C][O][C][Branch1][C][O][=N][C][=C][C][=C][Branch1][C][O][C][=C][Ring1][#Branch1][C][C][=Branch1][C][=O][N][=C][Branch1][C][O][C][O][C][C][C][C][C][=C][Branch1][C][O][C][Branch1][C][O][=C][Branch1][C][O][C][Branch1][C][O][=N][Ring1][=Branch2][C][=Branch1][C][=O][O][Ring2][Ring1][Branch2],-0.24338973552719906
540.5660000000004,3.074900000000002,12,6,207.92999999999995,14,0.06198338889727346,5.001919690748104,1,[C][O][C][Branch1][C][O][=N][C][=C][C][=C][Branch1][C][O][C][C][=Branch1][Ring2][=C][Ring1][#Branch1][C][C][Branch1][C][O][=C][Branch1][C][O][C][C][C][C][=Branch1][C][=O][O][C][Branch1][C][O][C][C][C][C][=Branch1][C][=O][O][C][Branch1][C][O][C][Branch1][C][C][#N][C][Ring2][Ring1][Branch2],-0.24385242058261494
506.5930000000003,3.109370000000001,11,7,198.85999999999999,19,0.033892754964916935,4.745755121424625,0,[C][C][C][C][C][C][C][C][C@H1][Branch1][C][C][C][C@@H1][Branch1][C][O][C@@H1][Branch1][C][O][C@@H1][Branch1][Ring1][C][O][=N][O][C][=Branch1][C][=O][O][C][=C][Branch1][C][O][C][C][C][C][=Branch1][C][=O][O][C][Branch1][C][O][=N][Ring2][Ring1][O],-0.24410440000131137
517.4840000000004,3.104300000000001,12,7,232.86999999999995,11,0.09039000632298,5.095198263840655,1,[C][C][C][Branch1][C][O][C][C][C][C][Branch1][C][O][=N][C][C][Branch1][C][O][=C][Branch1][C][O][C][C][C][Branch1][C][O][=C][Branch1][C][O][C][Branch1][C][O][=C][Ring1][N][C][=Branch1][C][=O][O][C][=Branch1][C][=O][O][C][Branch1][C][C][C][C][=Branch1][C][=O][O],-0.24423619597430737
512.5120000000004,1.8924799999999995,12,6,219.35999999999996,15,0.060876222835411026,4.959473481278229,1,[C][O][C][Branch1][C][O][=C][C][Branch1][C][O][C][=C][Branch1][C][O][C][Branch1][C][O][=C][Ring1][Branch2][C][C][C][Branch1][C][O][=N][C@H1][Branch1][C][O][C][C][=Branch1][C][=O][O][C][C][C][C][C][C@H1][Branch1][Ring1][C][#N][C][=Branch1][C][=O][O][=C][Ring2][Ring1][Branch2],-0.2442930384599613
546.6620000000005,1.9346000000000005,12,7,191.19999999999996,23,0.05604937603828572,4.95302009941822,1,[C][C][C][C][C][C@H1][Branch1][C][O][C@@H1][Branch1][C][O][C][C][C][C][C@@H1][Branch1][C][O][=N][C][=N][C][Branch2][Ring1][Branch1][=N][C][Branch1][C][O][C][C][C][C][C][=Branch1][C][=O][O][=N][O][C][Branch1][Branch2][C][C][C][=Branch1][C][=O][O][=C][Ring2][Ring1][Branch2],-0.24465836297989096
497.4090000000003,1.8881999999999999,14,7,225.02999999999997,8,0.1179663306660563,5.075201014344644,2,[C][O][C][=C][Branch1][C][O][C][=C][Branch1][C][O][C][Branch1][C][O][=C][Ring1][=Branch2][C][=Branch1][C][=O][O][C][C][=C][Branch1][C][O][C][C][Branch1][C][O][=C][Branch1][C][O][C][C][C][=Branch1][C][=O][O][C][C][Branch1][C][O][=C][O][C][Ring2][Ring1][Branch2][=N][Ring1][O],-0.2447748588478809
520.5910000000003,1.8963800000000004,12,6,216.86999999999998,12,0.09562035765317928,6.314485291131625,2,[O][=C][Branch1][C][O][C][C][C][C][C@H1][Branch1][C][O][=N][C][C][C][C][C@@H1][Branch1][=Branch1][C][C][C][C][C][N][=C][Branch1][C][O][C][Branch1][C][O][=N][C][Branch1][Ring1][C][#N][=N][C][=Branch1][Ring2][=N][Ring1][Branch2][N][C][C][Ring2][Ring1][Branch2][=N][O],-0.24493487670807515
544.5740000000004,3.070400000000001,11,7,229.62999999999997,7,0.18102405519615644,5.456571713493158,1,[C][C][C][C][C][C][C@H1][Branch1][C][C][O][C][=C][Branch1][C][O][C][Branch1][C][O][=C][Branch1][Branch2][C][C][C][=Branch1][C][=O][O][C][Branch1][C][O][=N][C@H1][Branch1][C][O][C][C][C][C][C][=Branch1][C][=O][O][C][Branch1][C][O-1][C][Branch1][C][O][=C][Ring2][Ring1][S][O],-0.24495785658761868
556.5650000000004,3.0432700000000015,12,4,203.48999999999995,7,0.2638312232102335,5.603615763716049,1,[C][C][C][C][C][C][C@H1][Branch1][C][C][O][C][C][Branch1][C][O][=N][C][=C][Branch1][=Branch1][C][=Branch1][C][=O][O][C][C][=C][Branch1][C][O][C][=C][Branch1][#Branch1][O][C][C][=Branch1][C][=O][O][C][C][=Branch1][Ring2][=N][Ring1][Branch2][O][C][C][C][=Branch1][C][=O][O][O][Ring2][Ring2][Ring1],-0.2449921708218457
497.5930000000002,1.8846700000000023,11,8,214.06999999999996,14,0.05769398488478671,5.725473678173943,1,[C][C][C][C][C][C@H1][Branch1][C][O][C][C][Branch1][C][O][=N][C][C][C][C][C][C@@H1][Branch1][C][N][=C][Branch1][C][O][C][C][=Branch1][C][=N][O][C][=Branch1][Ring2][=N][Ring1][N][C][=Branch1][C][=O][C][=C][N][C][Branch1][C][O][=C][O][Ring1][Ring2][C][=Branch1][C][=O][O],-0.24617907307486464
516.4960000000004,3.110200000000002,13,3,176.51,6,0.2176382017067829,5.463048514092251,2,[C][C][C][C][C][C][O][C][=C][Branch1][C][O][C][=C][Branch1][C][O][C][=C][Ring1][Branch2][O][C][=Branch1][C][=O][O][C@H1][Branch1][C][O][C][O][C][=Branch1][C][=O][O][C][C][C][C][C][C@H1][Branch1][C][O][C][=Branch1][C][=O][O][Ring2][Ring1][Branch2],-0.2462996517740138
516.5440000000004,3.1109999999999998,11,8,222.08999999999995,13,0.0768060149471125,5.40382442363447,1,[C][C][Branch1][C][C][C][C][O][C][C][Branch1][C][O][C][=C][Branch1][C][O][C][C][Branch1][C][O][=C][Branch1][C][O][C][C][=Branch1][Ring2][=N][Ring1][N][C][Branch1][Ring1][C][O][C][Branch1][C][O][=N][C][C][Branch1][C][O][=C][Branch1][C][O][C][C][C][=Branch1][C][=O][O],-0.24662963273702534
484.45400000000035,3.112000000000001,11,6,200.27999999999997,8,0.2174135836501342,5.248887135337595,2,[O][=C][Branch1][C][O][C][C][C][C][C][C][C][C][=C][C][Branch1][C][O][=C][Branch1][Ring1][C][O][C][Branch1][C][O][=C][Branch1][C][O][C][Branch1][C][O][=C][Ring1][=Branch2][O][C][=Branch1][C][=O][O][C][C][C][=Branch1][C][=O][O][C][Ring2][Ring1][Branch2],-0.2467665951136826
501.51000000000033,3.1173,12,4,181.40999999999997,4,0.2512358437137907,5.319510119008806,2,[C][C][Branch1][C][C][C][O][C][C][C][Branch1][C][O][=N][C][C][C][C][=C][C][Branch1][C][O][=C][Branch1][C][O][C][Branch1][C][O][=C][Ring1][N][C][=Branch1][C][=O][O][C][C][C][=Branch1][C][=O][O][C][=Branch1][C][=O][O][S][Ring2][Ring1][N],-0.24693846763920774
399.4640000000002,2.13936,8,5,152.66,13,0.18059404475736518,5.458162319550917,1,[O][=C][Branch1][C][O][C][C@H1][C][C@H1][Branch1][C][O][C@H1][Branch1][C][O][C][/C][=C][\C][=C][Branch1][=Branch1][O][=C][Branch1][C][O][O][C][C][C][C@@H1][Branch1][=Branch1][C][C][C][N][=N][Ring1][N][O][C][=Branch1][C][=O][N][=C][O][C][Ring2][Ring1][Branch2][=N],-0.24746664971264276
472.48700000000036,1.8947999999999996,11,6,183.20999999999998,6,0.18845896315060331,5.9811104750099595,2,[C][C][C][C][C][C][O][C][Branch1][C][O][C][C][=C][Branch1][C][O][C][=C][Branch1][C][O][C][Branch1][C][O][=C][Ring1][N][C][=Branch1][C][=O][O][C][Branch1][C][O][C][C][C][C][=Branch1][C][=O][O][=C][Branch1][C][O][C][Ring2][Ring1][Branch2],-0.2482550846931438
535.6350000000004,3.09577,13,6,202.87999999999997,22,0.029551200068902356,4.991232944530498,0,[C][C][C][Branch1][C][O][C@H1][Branch1][C][C][C][C][C][=Branch1][C][=O][O][C@H1][Branch1][C][O][C][C][Branch1][C][O][=C][Branch1][C][N][O][C][C][C][C][C][C][C][C@@H1][Branch1][Ring2][C][C][=N][O][C][=Branch1][C][=O][O][=N][O][C][Ring2][Ring1][=N],-0.24873704139914526
518.5120000000004,3.1150000000000015,13,9,234.66999999999996,17,0.07651320813983561,5.02663469961343,0,[C][O][C][Branch1][C][O][C][C][=C][Branch1][C][O][C][C][Branch1][C][O][=C][Branch1][C][O][C][C][C][=Branch1][C][=O][C][C][Branch1][C][O][=C][Branch1][C][O][C][C][=Branch1][C][=O][O][C][=Branch1][Branch1][=C][Ring1][N][O][C][C][=C][Branch1][C][O][C][C][O],-0.24877052995883647
517.5360000000002,1.88347,13,7,235.93999999999994,20,0.030712630340180083,5.375372919662825,1,[C][C][C][C][C][C@H1][Branch1][C][O][C][C][Branch1][C][O][=N][C][C][C][C][C][C@@H1][Branch1][C][O][C@H1][Branch1][C][O][C][C][=Branch1][C][=N][O][C][=Ring1][Branch1][N][=N][C][Branch1][Ring1][C][=O][O][=N][O][C][=Branch1][C][=O][O][Ring2][Ring1][N],-0.2490934036220149
550.6060000000004,1.9302000000000006,11,6,221.31999999999996,22,0.016627787768667766,4.613504297597565,0,[C][C][O][C][Branch1][C][O][=N][O][C][C][C][C][C][C@H1][Branch1][C][O][=N][C][Branch1][C][O][=N][C][C][C][C][C][C][C][C][C][Branch1][#Branch1][C][=Branch1][C][=O][O][=C][Branch1][C][O][C][Branch1][C][O][=N][O][C][Ring2][Ring1][=Branch1][=O],-0.2493820269065116
520.6240000000004,1.88457,12,8,206.17999999999998,22,0.025811251103704844,4.922760332250237,0,[C][C][C][C@H1][Branch1][C][O][C@H1][Branch1][C][O][C@@H1][Branch1][C][O][=N][C][C][C][C][C][C@@H1][Branch1][C][C][O][=N][C][=Branch1][Branch1][=C][O][Ring1][Branch1][C][=N][O][C][=Branch1][Branch1][=N][Ring2][Ring1][Branch2][O][C][C][C][C][C][C][=Branch1][C][=O][O],-0.24960378820843254
485.5300000000003,1.8798999999999997,11,7,186.01,14,0.10814373041022132,5.055489559965196,1,[C][O][C][Branch1][C][O][C][C][C][C][C][C][C@H1][Branch1][C][O][C][=C][Branch1][C][O][C][=C][Branch1][C][O][C][Branch1][C][O][=C][Ring1][N][C][=Branch1][C][=O][C@H1][Branch1][C][O][C][C][C][=Branch1][C][=O][O][=N][C][=Branch1][Branch1][=C][Ring1][N][C],-0.2497225764723727
500.59300000000025,1.8747700000000018,11,7,199.94,17,0.06688754767076874,5.346295146316478,1,[C][C][C@H1][Branch1][C][O][C@@H1][Branch1][C][C][O][C][C][C][=C][C][Branch1][C][O][=C][Branch1][C][O][C][C][C][C][C@H1][Branch1][C][O][=C][Branch1][C][N][C][C][=Branch1][C][=O][O][=N][C][Branch1][Ring1][C][=N][O][C][=Branch1][Ring2][=N][Ring1][Branch1][C],-0.25009481214131496
511.5440000000004,3.1237000000000004,11,6,197.03999999999996,15,0.06206870002370695,4.881400585240961,0,[C][C][Branch1][C][C][C][C][Branch1][C][O][C][=C][C][Branch1][C][O][=C][Branch1][C][O][C][C][Branch1][C][O][=C][Branch1][C][C][C][=Branch1][C][=O][O][C][C][C][Branch1][Ring1][C][O-1][=C][Ring1][=Branch2][C][C][=Branch1][C][=O][O][C][Branch1][C][O][=C][C][Branch1][C][O][=C][Ring1][=Branch2],-0.25054605593383444
515.4680000000004,3.122770000000001,14,7,233.35999999999996,12,0.06510478087362873,4.983657752397903,1,[C][C][C][Branch1][C][O][C][C][C][C][C][Branch1][C][O][=C][C][Branch1][C][O][=C][Branch1][C][O][C][C][Branch1][C][O][=C][Ring1][N][C][=Branch1][C][=O][O][C][=Branch1][C][=O][O][C][C][C][=Branch1][C][=O][O][C][Branch1][C][O][=C][O][C][Ring2][Ring1][Branch2][=N],-0.2510215762837933
513.5640000000004,3.12416,11,6,195.7,8,0.20596525133626517,5.682481706836763,1,[C][C][C@H1][C][C][C][C@H1][Branch1][C][C][O][C@@H1][Branch1][C][O][=N][C@H1][Branch1][Branch2][C][C][C][=Branch1][C][=O][O][C][C][=Branch1][C][=O][O][C][=C][Branch1][C][O][C][C][C][C][=Branch1][C][=O][O][C][=C][Branch1][C][O][C][Ring2][Ring1][N][=N][Ring1][=N],-0.25113351285720514
529.5830000000003,1.8887,10,4,177.91999999999996,7,0.2795018090142468,5.327279583853956,1,[C][C][C@@H1][Branch1][C][C][C][C@H1][Branch1][C][O][C@@H1][Branch1][C][O][C][/C][=C][\C][=C][Branch1][C][C][C][=Branch1][C][=O][O][C@H1][Branch1][C][O][C][C][C][C][=Branch1][C][=O][N][C@H1][Branch1][Branch2][C][C][C][=Branch1][C][=O][O][C][=Branch1][C][=O][O][O][C][Ring2][Ring1][=N],-0.25157632232783766
478.4980000000003,1.8782999999999999,11,6,186.07,13,0.1057441713794285,5.3922953912307054,2,[C][=C][C][Branch1][C][O][C@H1][Branch1][C][C][C][=Branch1][C][=O][C@@H1][Branch1][C][O][C][C][=C][Branch1][C][O][C][Branch1][C][O][=C][Branch1][C][O][C][C][C][C][=Branch1][Ring2][=N][Ring1][Branch1][C][=C][O][C][=Branch1][Ring2][=N][Ring1][Branch1][C][=C][O][C][C][Branch1][C][O],-0.2523709302118609
507.5400000000003,3.129880000000001,11,6,205.41999999999996,5,0.23663687623500249,5.67899499355005,2,[C][C][C][C][C][C][C][Branch1][C][O][C][=C][Branch1][C][O][C][C][Branch1][C][O][=C][Branch1][C][O][C][C][N][=C][Branch1][Ring1][C][#N][C][Branch1][C][O][=N][C][C][C][=Branch1][C][=O][O][=C][Branch1][C][O][C][Branch1][C][O][=C][Ring1][=Branch2][C][Ring2][Ring1][=N],-0.25240288568873415
512.4920000000003,1.8703599999999998,14,7,231.77999999999997,10,0.05571250405361334,6.123798396747446,1,[C][C@@H1][/C][=C][\C][=Branch1][C][=O][C@@H1][Branch1][C][O][C@@H1][Branch1][C][O][C][/C][=C][/C][=C][Branch1][C][O][C][Branch1][C][O][=C][Branch1][C][O][C][C][C][C@@H1][Branch1][C][O][C][C@H1][Branch1][#Branch1][O][C][=N][O][N][=N][O][C][Ring2][Ring1][Branch2][=O],-0.2530921669906046
511.5720000000004,3.133000000000002,9,3,176.67,15,0.16922519199114067,5.88615302803173,2,[O][=C][Branch1][C][O][C][C][C][C][C][C][C][C][C][C@H1][Branch1][=Branch1][C][C][O][N][=C][Branch1][C][O][C][Branch1][C][O][=N][C][=Branch1][Ring2][=N][Ring1][N][C][=Branch1][C][=O][C][C@H1][Branch1][Branch2][C][C][C][=Branch1][C][=O][O][O][C][Ring2][Ring1][=Branch1],-0.25425555005938494
454.5160000000003,3.0943000000000005,9,5,153.75,6,0.30074368261169476,5.057075800751374,2,[C][C][Branch1][C][C][C][C][C][C][C][C][C][C][C@H1][Branch1][C][O][C][=C][C][Branch1][C][O][=C][Branch1][C][O][C][Branch1][C][O][=C][Ring1][N][C][=Branch1][C][=O][O][C@@H1][Branch1][C][O][C][C][=Branch1][C][=O][O][C][Ring2][Ring1][Branch2],-0.25453089286764385
574.5800000000003,3.0157000000000007,14,5,208.40999999999997,6,0.10155884583996527,5.568717762825079,1,[C][C][C][C][C][C][C@H1][Branch1][C][C][O][C][C@H1][Branch1][C][O][=N][C][=C][Branch1][Branch1][O][C][=C][Ring1][Branch2][N][C][=Branch1][C][=O][O][C][=Branch1][C][=O][O][C][C][C][=Branch1][C][=O][O][C][Branch1][C][O][=C][Branch1][C][O][C][C][C][C][=Branch1][C][=O][O][Ring2][Ring2][Ring1],-0.254558724069713
502.51700000000034,1.8609000000000002,11,6,207.93,9,0.19792107480949472,5.566664409150643,1,[C][C][C][C][C@H1][Branch1][C][O][=C][C][=C][Branch1][C][O][C][C][C][C@H1][Branch1][C][O][C][C][Branch1][C][O][=C][Branch1][Ring2][O][C][=Ring1][Branch2][O][C][C][=Branch1][C][=O][O][C][Branch1][C][O][=N][C][Branch1][C][O][=N][C][C][Ring2][Ring1][=Branch1][=O],-0.2556895593410102
504.5330000000003,1.8605999999999998,12,9,221.75999999999996,5,0.11323685822153469,5.708973010157749,1,[C][O][C][Branch1][C][O][=N][C@H1][Branch1][C][O][C][C][C][C][C][C][C@@H1][Branch1][C][O][C][=C][Branch1][C][O][C][Branch1][C][O][=C][Branch1][C][O][C][C][C][=Branch1][C][=O][O][=C][Branch1][C][O][C][C][C][=C][Ring2][Ring1][Branch2][=N][O],-0.25592063214207655
485.49000000000024,1.8640699999999997,10,7,222.54999999999995,9,0.14250738365202098,5.564798331936946,1,[C][C][C][Branch1][C][O][C][C][Branch1][C][O][C][C][C][C][=C][Branch1][C][O][C][Branch1][C][O][=C][Ring1][N][C][C][C][=Branch1][C][=O][O][C][Branch1][C][O][=N][C][Branch1][C][O][=N][C][C][C][=Branch1][C][=O][O][C][Ring2][Ring1][Ring2][=N],-0.2560220201154581
516.5440000000004,3.135200000000001,12,5,207.42999999999995,6,0.2547133062639059,5.288214359897987,1,[C][C][C][C][Branch1][C][C][C][C][C][C][C@H1][Branch1][C][O][C][=C][Branch1][C][O][C][Branch1][C][O][=C][Branch1][C][N][C][C][C][C][=Branch1][C][=O][O][C][=Branch1][C][=O][O][C][Branch1][C][O][=N][O][C][C][C][=Branch1][C][=O][O][Ring2][Ring1][N],-0.2562254127599373
556.5210000000004,1.9246000000000016,13,6,234.22999999999993,7,0.08652433851302362,5.556524378621393,2,[C][O][C][C][C][Branch1][C][O][=N][C][C][=C][Branch1][C][O][C][C][C][C][C][Branch1][C][O][=C][Branch1][C][O][C][C][Branch1][C][O][=C][Ring1][=Branch2][C][=Branch1][C][=O][O][C][C][=Branch1][C][=O][O][C][Branch1][C][O][=N][C][C][C][=Branch1][C][=O][O][=C][Ring2][Ring1][O],-0.25642176070684775
466.4430000000003,1.88047,11,5,196.02999999999997,0,0.3286631560416312,5.851386052464236,2,[C][C][O][C][=C][C][Branch1][C][O][=C][Branch1][C][O][C][C][Branch1][C][O][=C][Ring1][N][C][=Branch1][C][=O][C][C][N][=C][Branch1][C][O][C][=Branch1][Ring2][=N][Ring1][Branch1][C][=Branch1][C][=O][O][C][C][C][C][C][=Branch1][C][=O][O][C][Ring2][Ring1][Branch2],-0.2567393159218118
484.4580000000003,3.1383,10,6,204.44,2,0.24791517556337722,5.2425929198804635,1,[C][O][C][Branch1][C][O][=C][C][=C][Branch1][C][O][C][C][C][Branch1][C][O][=C][Ring1][N][C][C][=Branch1][C][=O][N][C][Branch1][C][C][C][C][C][Branch1][C][O][=C][Branch1][C][O][C][C][=Branch1][C][=O][O][C][Branch1][C][O][=N][C][Ring2][Ring1][#Branch2][=O],-0.2572052049551097
540.5660000000004,3.110400000000001,11,6,215.76999999999998,13,0.06554093520306324,5.537151228935414,1,[C][C][C][C][C][C][Branch1][C][O][=C][C][=C][Branch1][C][O][C][C][=Branch1][Ring2][=N][Ring1][N][C][=C][Branch1][C][O][C][C][C][=Branch1][C][=O][O][C][Branch1][C][O][C][C][Branch1][C][O][=N][C][C][=Branch1][C][=O][O][C][Branch1][C][C][C][C][=Branch1][C][=O][O],-0.2572868185974562
527.5230000000004,1.8713,11,5,209.47999999999996,14,0.07716662730726073,4.664246620953087,1,[C][C][C@H1][Branch1][C][O][C@@H1][Branch1][C][C][C][=Branch1][C][=O][N][=C][O][C][C][=C][Branch1][C][O][C][=C][Branch1][C][O][C][Branch1][C][O][=C][Ring1][=Branch2][C][=Branch1][C][=O][O][C@H1][Branch1][Branch2][C][C][C][=Branch1][C][=O][O][C][Branch1][C][C][C][C][=Branch1][C][=O][O][C][Ring2][Ring1][Branch2],-0.25743397700381376
500.5490000000003,1.85637,11,7,220.49999999999997,9,0.17970453577208698,5.284422044089758,1,[C][C][C][Branch1][C][O][C][C][C][C][C][Branch1][C][O][C][C][C][=C][C][Branch1][C][O][=C][Branch1][C][N][C][C][Branch1][C][O][=N][C][C][=Branch1][C][=N][O][N][=C][Branch1][C][O][O][C][C][O][C][Ring2][Ring1][=Branch1][=O],-0.2574543414044517
470.4310000000003,1.873199999999999,10,6,207.92999999999995,1,0.18504847954782708,6.141055283233467,2,[C][O][C][Branch1][C][O][=N][C][=C][Branch1][C][O][C][C][C][C][C][Branch1][C][O][=C][Branch1][C][O][C][Branch1][C][O][=C][Ring1][N][C][=Branch1][C][=O][O][C][C][=Branch1][C][=O][N][=C][Branch1][C][O][C][Branch1][C][O][C][C][C][Ring2][Ring1][Branch2],-0.25760011926239496
501.5290000000002,3.1445,12,5,184.57,8,0.18686216141676668,5.0185104808463,1,[C][O][C][C][C][C][C@H1][Branch1][C][O][C][Branch1][C][O][=N][C][C][C][C][C][C][C@@H1][Branch1][=Branch1][C][C][=Branch1][C][=O][O][C][=C][Branch1][C][O][C][Branch1][C][O][=C][Branch1][C][O][C][Branch1][C][O][=C][Ring1][=Branch2][C][=Branch1][C][=O][O][Ring2][Ring1][#Branch2],-0.2578181362200882
495.48500000000035,3.1441800000000013,10,6,214.64999999999995,9,0.06816736199356858,5.205461257259625,1,[C][O][C][Branch1][C][O][=C][C][Branch1][C][O][C][C][C][=C][Branch1][C][O][C][Branch1][C][O][=C][Ring1][N][C][C][Branch1][C][O][=N][C][Branch1][C][O][=N][C][C][C][C][C][=Branch1][C][=O][O][C][Branch1][Ring1][C][#N][=C][Branch1][C][O][C][Ring2][Ring1][#Branch1],-0.2578301776053382
486.4500000000003,1.85866,12,6,213.12999999999997,6,0.2967803811463345,5.364919111348863,1,[C][C][C][C][C@@H1][Branch1][C][O][C@@][Branch1][C][O][C][C@H1][Branch1][C][O][C][=Branch1][C][=O][C][C][=C][Branch1][C][O][C][Branch1][C][O][=C][Branch1][Branch2][O][C][C][=Branch1][C][=O][O][C][C][=Branch1][C][=O][O][C][=C][O][C][Ring2][Ring1][N][=N][Ring1][P],-0.25796342627589663
546.6180000000003,1.897169999999998,13,6,217.41,10,0.14078863442838332,6.1491631534272955,2,[O][=C][Branch1][C][O][C][C][C@H1][Branch1][C][O][C@H1][Branch1][C][O][=N][C][C][C][C][C][C][C][C][C][C][C@@H1][Branch1][C][O][=N][O][C][=Branch1][C][=N][O][C][=Branch1][Branch1][=N][O][Ring1][Branch2][C][C][C][C][C][=Branch1][C][=O][O][C][Ring2][Ring1][Branch2],-0.25852967551134337
468.4990000000004,3.127200000000001,9,5,170.82,6,0.3647413507980528,5.371694418929231,2,[C][C][Branch1][C][C][Branch1][C][O][C][C][C][C][C][C][=C][C][Branch1][C][O][=C][Branch1][C][O][C][Branch1][C][O][=C][Ring1][N][C][=Branch1][C][=O][O][C@H1][Branch1][Branch2][C][C][C][=Branch1][C][=O][O][C][=Branch1][C][=O][O][C][C][C][Ring2][Ring1][#Branch1],-0.25866972456010406
500.5250000000004,3.147170000000001,11,6,217.54,5,0.1400779880345947,5.527782621012834,1,[C][O][C][Branch1][C][O][=N][C][=C][Branch1][C][O][C][C][C][C][Branch1][C][O][=C][Branch1][C][O][C][C][C][C][C][C][C][C@@H1][Branch1][Ring1][C][O-1][C][C][Branch1][#Branch1][O][C][=Branch1][C][=N][O][=N][O][C][Ring2][Ring1][Branch2][=O],-0.2588701294549068
530.5710000000004,3.1310700000000002,11,5,205.25999999999996,19,0.023955396015653052,4.961027610449276,0,[C][O][C][Branch1][C][O][=N][C][=C][C][=C][Branch1][C][O][C][C][C][C][C][C@H1][Branch1][C][C][C@H1][Branch1][Ring1][C][=O][O][=C][Branch1][C][O][C][=Branch1][C][=O][O][C][=Branch1][Ring2][=N][Ring1][Branch2][O][C][C][C][C][C][C][=Branch1][C][=O][O],-0.2597272402887309
498.4850000000002,3.1495700000000006,12,8,222.57999999999996,4,0.12157138997711268,5.584814822429838,1,[C][O][C][Branch1][C][O][=N][C][=C][Branch1][C][O][C][C][C][C][C][C@@H1][Branch1][C][O][C][C][=C][Branch1][C][O][C][Branch1][C][O][=C][Ring1][=Branch2][C][=Branch1][C][=O][O][C][C][=C][Branch1][C][O][C][Branch1][C][O][=C][O][C][Ring2][Ring1][Branch2][=N][Ring1][Branch2],-0.25984566666388753
470.4310000000003,1.8661999999999996,10,6,207.93,7,0.14657891270934162,5.098573545929319,2,[C][C][C][C][C][C][O][C][Branch1][C][O][C][C][=C][C][Branch1][C][O][=C][Branch1][C][O][C][Branch1][C][O][=C][Ring1][=Branch2][C][C][=Branch1][C][=O][O][C][Branch1][C][O][=N][C][=Branch1][C][=O][O][C][Branch1][C][O][=N][C][Ring2][Ring1][Branch2],-0.2603261290074433
521.5640000000004,1.8577999999999997,11,6,208.95999999999995,18,0.05017757944689008,5.070276346236252,1,[C][O][C][Branch1][C][O][=N][C@H1][Branch2][Ring2][Branch2][C][C][Branch1][C][O][=N][C@H1][Branch1][C][O][C][C][C][C][C][C][C][C][C@H1][Branch1][C][O][C][C][C][=Branch1][C][=O][O][O][=N][O][C][C][C][=Branch1][C][=O][O][C][Ring2][Ring1][Branch2],-0.26047525560789864
386.40100000000007,2.8185,8,7,175.56,2,0.27976056597887056,5.059045000830759,1,[C][O][C][Branch1][C][O][=N][C][=C][Branch1][C][O][C][C][C][C][C@H1][Branch1][C][C][C@H1][Branch1][Ring1][C][O][C][=C][Branch1][C][O][C][Branch1][C][O][=C][Branch1][C][O][C][Branch1][C][O][=N][Ring2][Ring1][=Branch1][O][C][Ring1][=Branch1][=O][C][=C][Branch1][C][O][C][Branch1][C][O],-0.2604797328085237
501.4850000000003,1.8487999999999993,12,6,204.79999999999995,3,0.18614294040001525,5.773275259353071,1,[C][O][C][Branch1][C][O][=N][C][=C][C][Branch1][C][O][C][=C][Branch1][C][O][C][C][C][=Branch1][C][=O][O][C][Branch1][C][O][C][C][C][=C][Branch1][C][O][C][Branch1][C][O][=C][Branch1][C][O][C][C][=Branch1][C][=O][O][C][Branch1][C][C][C][Ring2][Ring1][Branch2],-0.26049693145985453
413.3790000000002,2.0133,10,6,186.33999999999997,5,0.28739069278765667,5.180662510809821,2,[C][C][C][C][C][C][C][C][C][Branch1][C][O][=C][Branch1][C][O][C][=C][Branch1][C][O][C][Branch1][C][O][=C][Ring1][N][C][=Branch1][C][=O][O][C][Branch1][C][O][C][=Branch1][C][=O][O][C][Branch1][C][O][=N][Ring2][Ring1][#Branch1],-0.2606014062970495
531.6030000000003,3.1327000000000007,10,7,214.21999999999997,3,0.1603411587704071,5.746519900685639,1,[C][O][C][Branch1][C][O][=N][C@H1][Branch1][C][O][C@H1][Branch1][C][C][C][C][C][C][Branch1][C][O][=N][C@H1][Branch1][C][C][C][C][Branch1][C][O][=N][C][C][C][C][=Branch1][C][=O][O][=C][Branch1][C][O][C][Branch1][C][O][=C][Branch1][C][O][C][C][C][C][Ring2][Ring1][N],-0.26085337804214886
532.5430000000005,3.133,12,8,239.16,6,0.1397442116027841,5.4439880035316195,1,[C][C][C][Branch1][C][O][C][C][C][C][Branch1][C][O][C][C][C][=C][Branch1][C][O][C][Branch1][C][O][=C][Branch1][C][O][C][C][C][C][=Branch1][C][=O][O][C][Branch1][#Branch1][O][C][=Branch1][C][=O][O][C][Branch1][C][O][=N][C][C][C][Ring2][Ring1][N][=N][O],-0.26143149656458786
472.44300000000027,1.8610000000000002,12,5,189.27999999999997,4,0.2952880012995402,6.006710889150923,2,[C][C][Branch1][C][C][C][C][C][C][C][C@H1][Branch1][C][O][C][=C][Branch1][C][O][C][Branch1][C][O][=C][Branch1][C][O][C][C][Branch1][C][O][=C][Ring1][N][C][=Branch1][C][=O][O][C][C][=Branch1][C][=O][O][C][Branch1][C][O][C][=Branch1][C][=O][O][Ring2][Ring1][O],-0.26147449779280557
469.48700000000025,1.8638000000000001,10,5,175.33999999999997,11,0.28080279591926005,5.254622984131567,2,[C][O][C][Branch1][C][O][=C][C][=C][Branch1][C][O][C][Branch1][C][O][=C][Ring1][Branch2][C][C][=Branch1][C][=O][O][C@H1][Branch1][C][C][C@H1][Branch1][C][O][C][C][=Branch1][C][=O][C][C][C][C][C@H1][Branch1][C][C][=C][Branch1][C][O][C][Branch1][C][O][=N][Ring1][Branch2],-0.26169494277880095
400.51600000000013,2.927100000000001,7,3,120.94000000000003,17,0.08618479230993631,4.503429873682788,0,[C][C][C][C][C][C][C][C][C][C][O][C][=N][C][=Branch2][Ring1][Branch1][=N][=C][C][Branch1][C][O][C][O][=C][Branch1][C][O][C][Branch1][C][O][=C][Ring1][N][C][=Branch1][C][=O][O][C][C][C][Branch1][C][O][=N][Ring2][Ring1][#Branch2][O],-0.26224906219851396
511.57200000000023,3.153080000000001,11,5,190.92999999999998,4,0.27501718807615827,5.401477706836763,1,[C][C][C][C][C][C@H1][Branch1][C][O][C][C][Branch1][C][O][=N][C][C][C][C][C][C@@H1][Branch1][Ring1][C][#N][C][=C][Branch1][C][O][C][Branch1][C][O][=C][Ring1][=Branch2][C][=Branch1][C][=O][O][C][C@@H1][Branch1][C][O][C][C][=Branch1][C][=O][O][=N][Ring2][Ring1][=C],-0.2622552240852415
606.7140000000005,2.8878000000000004,14,5,201.19999999999996,15,0.05992875832653858,6.2121433291759764,1,[C][C@@H1][Branch1][C][O][C][C@H1][Branch1][C][C][C@@H1][Branch1][C][O][C][C][C][C@@H1][Branch1][C][O][=N][C][Branch1][C][O][=N][C][C][C][C][C][C@H1][Branch1][=Branch1][C][C][C][N][=C][Branch1][C][O][O][C][=Branch1][C][=O][O][C@H1][Branch1][#Branch1][C][C][C][=Branch1][C][=O][O][=N][O][Ring2][Ring1][=N],-0.2638441312290279
515.5120000000003,3.155400000000002,13,6,204.79999999999995,5,0.23065060815190527,5.167414585681925,1,[C][O][C][Branch1][C][O][=C][C][Branch1][C][O][C][C][C][Branch1][C][O][=C][Branch1][C][O][C][C][C][=Branch1][C][=O][O][C][C][=C][Branch1][C][O][C][Branch1][C][O][=C][Branch1][C][O][C][C][C][C][=Branch1][C][=O][O][C][Branch1][C][C][#N][=C][Ring2][Ring1][#Branch2],-0.26398930693495987
516.4960000000003,3.155000000000001,13,8,223.66999999999996,16,0.06391995216266294,4.681986622690355,0,[C][O][C][=C][C][Branch1][C][O][=C][Branch1][C][O][C][C][C][C][Branch1][C][O][=C][Ring1][Branch2][C][Branch1][C][O][=C][Branch1][C][O][C][C][=Branch1][C][=O][O][C][Branch1][Ring1][C][O][C][=Branch1][C][=O][O][C][C][C][=C][Branch1][C][O][C][Branch1][C][O][=C][Ring1][=Branch2],-0.26406906684426384
516.5400000000004,3.1582000000000017,12,4,170.44,9,0.1529302962729567,5.821578210333266,1,[C][O][C][Branch1][C][O][C][C][=C][Branch1][C][O][C][C][Branch1][C][O][=C][Branch1][C][O][C][Branch1][C][C][C][=C][Branch1][C][O][C][C][=Branch1][C][=O][O][C][=Branch1][=Branch1][=C][Ring1][=N][O][C][C][C][C][C][Branch1][#Branch1][O][C][C][=Branch1][C][=O][O][C][Ring2][Ring1][Branch2],-0.2653500420199711
508.5250000000002,1.8372999999999995,13,5,213.80999999999997,10,0.07162540178491833,6.139992785266889,1,[C][C][Branch1][C][C][C][C@H1][Branch1][C][O][C][Branch1][C][O][=N][C@H1][Branch1][C][O][C][C][C][C][C][C@@H1][Branch1][C][C][C][C@H1][Branch1][C][O][=C][Branch1][Branch2][O][O][N][=N][O][C][=Branch1][C][=O][O][C][Branch1][C][O][=N][O][C][Ring2][Ring1][Branch2],-0.26562776379738645
546.5700000000002,1.877500000000001,12,6,217.15999999999997,16,0.053740877302492114,4.702868883873469,1,[C][O][C][Branch1][C][O][=N][C@H1][Branch2][Ring1][#Branch1][C][C][Branch1][C][O][=N][O][C][C][C][C][C][C][=Branch1][C][=O][O][C][C][Branch1][C][O][=C][Branch1][C][O][C][C][C][C][=C][Branch1][C][O][C][Branch1][C][O][=C][Ring1][=Branch2][C][=Branch1][C][=O][O][C][C][Ring2][Ring1][=Branch1],-0.26584969362404737
535.6390000000002,1.8595400000000017,12,9,230.02999999999997,21,0.04453007710177471,5.053463866084192,0,[C][C][C@H1][Branch1][C][O][C][C][C][C][Branch1][C][O][=N][C][C][C][C][C][C][C@@H1][Branch1][C][C][C@H1][Branch1][C][O][C][C@@H1][Branch1][C][O][C][=Branch1][C][=N][O][C][C][C][=Branch1][C][=O][O][=N][O][C][=Branch1][Ring2][=N][Ring1][N][=N][O],-0.2659150148825743
471.41500000000025,1.84898,13,6,216.22999999999996,4,0.1961341197360648,5.631138800899068,1,[C][O][C][Branch1][C][O][C][C][=C][Branch1][C][O][C][Branch1][C][O][=C][Branch1][C][O][C][C][C][=Branch1][C][=O][O][C][Branch1][C][O][=C][Branch1][C][O][C][C][C][=Branch1][C][=O][O][C][Branch1][Ring1][C][#N][C][=C][Branch1][C][O][C][Ring2][Ring1][=Branch1],-0.26660970605737505
489.47400000000033,1.83337,13,8,227.28999999999996,7,0.1454700934727229,5.357644489458355,1,[C][O][C][Branch1][C][O][C][O][C][Branch1][C][O][=C][Branch1][C][O][C][Branch1][C][O][C][C][C][C][C][C][C][C][=Branch1][C][=O][C][=C][Branch1][C][O][C][Branch1][C][O][=C][Branch1][C][O][C][C][=Branch1][C][=O][O][C][Ring2][Ring1][Ring2][=N],-0.2674817298583213
502.5130000000003,1.8313999999999997,12,5,189.27999999999997,4,0.12343101068401421,5.310515372118298,1,[C][O][C][Branch1][C][O][=C][C][=C][Branch1][#Branch1][C][=Branch1][C][=O][O][C][C][C][C][C][C@H1][Branch1][C][C][C@H1][Branch1][C][O][C][Branch1][C][O][=C][Branch1][C][O][C][C][C][=Branch1][C][=O][O][C@H1][Branch1][C][O][C][C][=Branch1][C][=O][O][=C][Ring2][Ring1][Branch2],-0.26748722264063396
541.5060000000005,1.8636999999999997,12,7,232.86999999999995,2,0.1955377462819467,5.636990063886872,2,[C][O][C][Branch1][C][O][C][C][=C][Branch1][C][O][C][=C][Branch1][C][O][C][Branch1][C][O][=C][Ring1][N][C][C][=C][Branch1][C][O][C][C][C][=Branch1][C][=O][O][C][Branch1][C][O][C][C][C][=Branch1][C][=O][N][=C][Branch1][C][O][C][C][C][C][=Branch1][C][=O][O][Ring2][Ring1][Branch2],-0.2677151892291513
458.4160000000002,3.1361999999999997,12,4,178.27999999999997,2,0.27017048595155996,5.281772281413961,2,[C][C][Branch1][C][C][O][C][C][Branch1][C][O][C][C][C][C][C][C][C][=C][C][Branch1][C][O][=C][Branch1][C][O][C][Branch1][C][O][=C][Ring1][N][C][=Branch1][C][=O][O][O][C][=Branch1][C][=O][O][C][=Branch1][C][=O][O][Ring2][Ring1][N],-0.26772558081737324
486.5910000000002,1.83378,12,4,187.81999999999996,3,0.3382281726358649,5.5381967871064495,1,[C][C][C][C][C][C@H1][Branch1][C][O][C@H1][Branch1][C][O][C][C][C][C][C][C@H1][Branch1][C][O][=C][Branch1][C][N][S][C][=N][N][=C][Branch1][Ring1][C][#N][C][=Branch1][C][=O][O][C][=Branch1][C][=O][O][C@H1][Ring2][Ring1][N][C],-0.2678340143969768
514.4800000000004,3.1674000000000007,12,6,209.50999999999996,15,0.04635367282229762,4.414803508483132,1,[C][C][C][C][C][Branch1][C][O][=C][C][Branch1][C][O][=C][C][Branch1][C][O][=C][Ring1][Branch2][O][C][C][=Branch1][C][=O][O][C@H1][Branch1][C][O][C][C][C][C][C][=Branch1][C][=O][O][C][=C][Branch1][C][O][C][Branch1][C][O][=C][Ring1][=Branch2][C][=Branch1][C][=O][O][Ring2][Ring1][Branch2],-0.26852620579749786
497.47300000000035,1.82849,12,5,197.11999999999998,0,0.1982593672383063,4.860539351782066,2,[C][C][C][C][C@@H1][C][C][C][C][C][=Branch1][C][=O][C@@H1][Branch1][C][O][C][=C][C][Branch1][C][O][=C][Branch1][C][O][C][Branch1][C][O][=C][Ring1][=Branch2][C][C][C][=Branch1][C][=O][O][C@H1][Branch1][C][O][C][=Branch1][C][=O][O][C][=Branch1][C][=O][O][Ring2][Ring2][Ring1][=N],-0.26865154332703917
536.6190000000004,1.8532699999999984,12,6,191.45999999999998,7,0.20466626571911603,5.784795062265144,1,[C][C][C@H1][Branch1][C][O][C@H1][Branch1][C][C][O][C@H1][Branch1][C][O][=N][C@@H1][Branch1][C][O][C][C][C][C][C@@H1][Branch1][C][O][C][C][C][C][C@@H1][Branch1][#Branch1][O][=C][Branch1][C][O][C][O][C][=Branch1][C][=O][O][C][C][=C][O][C][Ring2][Ring1][O][=N][Ring1][Branch2],-0.26885936008999284
517.6200000000003,1.8331900000000019,11,3,160.0,20,0.09351902111281646,5.748347278158644,1,[O][=C][Branch1][C][O][C][C@H1][C][C][C][C][C][C][C@H1][Branch1][C][O][=N][C][Branch2][Ring1][Ring1][O][Branch1][C][O][C][C][C][C][Branch1][=Branch1][C][O-1][O][=N][C][C][=Branch1][Branch1][=N][O][C][C][C][C][C][=Branch1][C][=O][O][N][C][Ring2][Ring1][Branch2],-0.26904191081688306
468.5070000000003,3.155400000000001,10,6,186.32,7,0.2562268998933188,5.744507657815406,2,[C][C][C][C][C][C][C][C][C@H1][Branch1][C][O][C@@H1][Branch1][C][O][=N][C][=C][C][Branch1][C][O][=C][Branch1][C][O][C][=Branch1][Ring2][=N][Ring1][Branch2][N][=C][Branch1][C][O][C][C][C][=Branch1][C][=O][O][C][C][Branch1][C][O][=N][Ring2][Ring1][Branch2][=N],-0.2696202918847173
558.5770000000005,3.1092000000000004,12,7,220.51,16,0.0476197411367131,4.831779258503421,1,[C][C][C][Branch1][C][O][C][C][C][C][C][Branch1][C][O][=C][C][Branch1][C][O][=C][Branch1][Ring1][O][C][C][C][=Branch1][C][=O][O][C][C][=Branch1][C][=O][O][C][Branch1][C][O][C][C][C][C][=C][Branch1][C][O][C][Branch1][C][O][=C][Ring1][=Branch2][C][C][=Branch1][C][=O][O],-0.2703793670308448
514.4840000000004,1.8274000000000004,12,7,235.99999999999994,12,0.14580361515862003,5.35156989845604,1,[C][C][C][Branch1][C][O][C][O][C][C][C][=Branch1][C][=O][N][=C][C][Branch1][C][O][=C][Branch1][C][O][C][C][=Branch1][Ring2][=N][Ring1][N][C][Branch1][C][C][=C][Branch1][C][O][C][C][=Branch1][C][=O][O][C][Branch1][C][O][=C][Branch1][C][O][C][C][C][=Branch1][C][=O][O],-0.27059502328017776
531.5590000000003,1.8416000000000008,11,7,216.46999999999994,8,0.07827759809816702,5.350412492219402,1,[C][O][C][Branch1][C][O][=N][C][=C][C][Branch1][C][O][=C][Branch1][C][O][C][C][C][C][C][C@@H1][Branch1][#Branch1][C][C][=Branch1][C][=O][O][=N][C@H1][Branch1][#Branch1][C][C][=Branch1][C][=O][O][C][C][C][C][=Branch1][C][=O][O][C][=Branch1][Branch1][C][O][=N][Ring2][Ring1][=Branch2],-0.2708179675058506
532.5390000000004,3.1586000000000016,12,4,195.35,16,0.16722225964848347,4.391627153480501,1,[C][C][C][C][C@H1][Branch1][C][O][=C][C][Branch1][C][O][=C][C][Branch1][C][O][=C][Ring1][Branch2][O][C][=Branch1][C][=O][O][C@@H1][Branch1][#Branch1][C][C][=Branch1][C][=O][O][C][C][C][C][=Branch1][C][=O][O][C@@H1][Branch1][Ring1][C][O][C][C][C][=Branch1][C][=O][O][=C][Ring2][Ring1][Branch2],-0.27135913414514073
552.5740000000003,1.8734699999999997,14,7,237.87999999999994,19,0.017716593220025344,5.003646040104881,0,[C][C][C@H1][Branch1][C][O][C@H1][Branch1][C][C][O][C][=Branch1][C][=O][C@@H1][Branch1][C][O][C][C][C][C][C@H1][Branch1][C][O][C][=C][Branch1][C][O][C][C][C][C][C][=Branch1][C][=N][O][C][Branch1][C][O][=N][O][C][=Branch1][C][=O][O][=C][O][C][Ring2][Ring1][=N][O],-0.2717765193095242
368.342,2.3280000000000003,8,6,172.39999999999998,6,0.4141577659464179,5.1493636919741,2,[C][O][C][Branch1][C][O][=N][C][=C][Branch1][C][O][C][C][Branch1][C][O][=C][Ring1][N][C][C][C][C][=Branch1][C][=O][C][C][C][Branch1][C][O][=C][Branch1][C][O][C][Branch1][C][O][=N][Ring1][Branch2][C][C][C][C][=Branch1][C][=O][O][C][Branch1][C][O][=C][Ring2][Ring1][Branch2],-0.27215575661007063
527.5270000000004,1.8333999999999997,10,6,228.13,2,0.17228156930841323,5.324137445150895,1,[C][O][C][Branch1][C][O][=N][C][=C][Branch1][C][O][C][Branch1][C][O][=C][Branch1][C][O][C][C@H1][Branch1][C][C][C][C][C][C][=Branch1][C][=O][N][=C][Branch1][Ring1][C][O][C][C][C][C][=Branch1][C][=O][N][=C][Branch1][C][O][C][Branch1][C][O][C][C][Ring2][Ring1][=N][=O],-0.27226426962787487
484.4540000000003,1.8235999999999999,12,5,189.27999999999997,3,0.28893903306215357,5.172738465716209,2,[C][C][C][C][C][C][C@H1][Branch1][C][C][O][C][/C][=C][\C][=C][Branch1][C][O][C][Branch1][C][O][=C][Branch1][C][O][C][Branch1][C][O][=C][Ring1][N][C][=Branch1][C][=O][O][=C][Branch1][C][O][C][=Branch1][C][=O][O][C][C][=Branch1][C][=O][O][Ring2][Ring1][=C],-0.2723406434302452
502.4250000000003,1.8187000000000004,14,8,232.89999999999995,4,0.11852742647733086,5.64748240620105,2,[C][O][C][Branch1][C][O][C][C][=C][Branch1][C][O][C][Branch1][C][O][=C][Branch1][C][O][C][C][C][C][=Branch1][C][=O][O][C][Branch1][C][O][C][C][=C][Branch1][C][O][C][Branch1][C][O][=C][Branch1][C][O][C][Branch1][C][O][=C][Ring1][=N][C][C][=Branch1][C][=O][O][Ring2][Ring1][Branch2],-0.27256315396619535
482.48600000000033,3.179280000000001,11,6,210.12999999999997,6,0.18374287709365186,5.570547228258016,1,[C][C][C][Branch1][C][O][C][C][C][Branch1][C][C][=C][Branch1][C][O][C][Branch1][C][C][C][=C][Branch1][C][O][C][C][Branch1][C][O][=C][Branch1][C][O][C][C][C][=Branch1][C][=O][O][=C][Branch1][Ring1][C][#N][C][Branch1][C][O][=N][O][C][Ring2][Ring1][Branch1][=O],-0.27396052950744604
485.5300000000003,1.8187799999999998,10,6,205.60999999999999,17,0.07577260273601767,4.82209051603114,0,[C][C][C@H1][Branch1][C][O][C@@H1][Branch1][C][C][C][=Branch1][C][=O][C@@H1][Branch1][C][O][C@H1][Branch1][C][O][C][C][C][C][=C][Branch1][C][O][C][=C][Branch1][C][O][C][C][C][=Branch1][C][=O][O][C@H1][Branch1][#Branch1][C][C][=Branch1][C][=O][O][C][C][#N][C][C],-0.27402049876605944
553.5370000000005,3.1305900000000015,12,5,206.34999999999994,7,0.18704070211169366,5.156910724205567,2,[C][C@H1][C][C][C][C][C@H1][Branch1][C][O][C][=C][C][=C][Branch1][C][O][C][=C][Branch1][C][O][C][=C][Ring1][Branch2][C][=Branch1][C][=O][O][C@H1][Branch1][#Branch1][O][C][=Branch1][C][=O][O][C][=Branch1][C][=O][O][C@H1][Branch1][C][O][C][C][C][C][C][C][=Branch1][C][=O][O][Ring2][Ring1][=C],-0.2740216071261544
512.7000000000004,1.8167000000000015,10,8,192.46999999999997,11,0.08883780342794592,5.610866159237058,1,[C][C@H1][Branch1][C][O][C][C][C][C][C][C][C@@H1][Branch1][C][O][=N][C][C][=N][C][=Branch2][Ring1][Ring2][=N][=N][C][Branch1][C][O][C][C][C][C][C][C][C][C][C][N][=C][Branch1][C][N][N][C][Branch1][C][O][=N][Ring1][Branch2][=N][Ring2][Ring1][O],-0.27449769106497
500.54500000000047,3.186580000000002,11,5,199.13,17,0.06454872042900349,4.547996609810075,0,[C][C][C][Branch1][C][O][C][C][Branch1][C][C][O][C][C][=C][Branch1][C][O][C][C][Branch1][C][O][=C][Branch1][C][O][C][C][C][C][=Branch1][C][=O][O][C][Branch1][C][O][=N][C][C][C][C][=Branch1][C][=O][O][C][Branch1][Ring1][C][#N],-0.27463416306789007
501.53300000000013,3.1866400000000006,12,7,215.19999999999996,7,0.08881962794887495,5.477648275547404,1,[C][C][C][C][C][C@H1][Branch1][C][O][C][=C][Branch1][C][O][C][=C][Branch1][C][O][C][C][C][C][C][C@@H1][Branch1][C][O][C][C@H1][Branch1][#Branch1][O][C][Branch1][C][O][=N][O][C][=Branch1][C][=N][O][C][Ring2][Ring1][#Branch1][=N][O][C][Ring2][Ring1][Branch2][=O],-0.27467311243003045
529.5830000000003,3.170600000000001,12,6,195.56999999999996,7,0.20925133461539588,5.173578766417863,1,[C][C][C][Branch1][C][O][C][C][C][C][C][Branch1][C][O][=N][C][C][C][C@H1][Branch1][Ring1][C][O][C][=C][Branch1][C][O][C][Branch1][C][O][=C][Branch1][C][O][C][C][=Branch1][C][=O][O][C][C][=C][Branch1][C][O][C][C][=Branch1][C][=O][O][C][Ring2][Ring1][N],-0.2746876647321469
479.4420000000003,1.8205000000000005,9,6,207.56999999999996,0,0.27762559082367955,5.929229102498779,2,[C][O][C][Branch1][C][O][=C][C][=C][Branch1][C][O][C][C][Branch1][C][O][=C][Ring1][N][C][=Branch1][C][=O][N][=C][Branch1][C][O][C][C][C][C][=Branch1][C][=O][O][C][Branch1][C][O][=N][C][C][C][C][=Branch1][C][=O][N][C][=C][Ring2][Ring1][#Branch2],-0.27489227973153385
502.5250000000002,1.812700000000002,10,6,219.73999999999995,4,0.18580331914833292,5.021648776056617,1,[C][O][C][C][O][C][Branch1][C][O][=N][C][C][C][C][C][C][C][C][N][=C][Branch1][C][O][C][Branch1][C][O][=N][C][Branch1][C][O][=N][C][Branch1][C][O][=N][C][C][C][C][=Branch1][C][=O][O][=N][Ring2][Ring1][O],-0.27496637776280863
448.4280000000003,3.137480000000001,10,6,193.05999999999997,2,0.26980784791820484,5.772379782540591,2,[C][O][C][Branch1][C][O][=C][C][=C][Branch1][C][O][C][C][C][C][Branch1][C][O][=C][Branch1][C][O][C][Branch1][C][C][=C][Ring1][=N][C][Branch1][Ring1][C][#N][=C][Branch1][C][O][C][Branch1][C][O][=N][C][C][C][=Branch1][C][=O][O][C][Ring2][Ring1][#Branch1],-0.2750629106222794
542.6020000000001,3.1549000000000005,11,6,209.39999999999995,11,0.07337678873600767,5.58339854085132,1,[C][C][C][C][C][C@H1][Branch1][C][O][C][Branch1][C][O][=N][C][C][C][C][C][C][C@@H1][Branch1][Ring1][C][O-1][C][=C][Branch1][C][O][C][Branch1][C][O][=C][Ring1][=Branch2][C][=Branch1][C][=O][O][C][=Branch1][C][=O][O][C][Branch1][C][O][=C][C][Branch1][C][O][C][C][Ring2][Ring1][Branch2],-0.2754682617217456
486.4740000000003,3.1855,11,7,207.59999999999997,5,0.16975622748856534,5.853437294251816,2,[O][=C][Branch1][C][O][C][C][C][C][Branch1][C][O][=N][C][C][C][C][C][Branch1][C][O][=C][Branch1][C][O][C][C][C][C][C][=C][Branch1][C][O][C][Branch1][C][O][=C][Branch1][C][O][C][=Branch1][C][=O][O][C][Ring2][Ring1][#Branch1][O][=N][Ring1][O],-0.2755312154802066
501.48900000000026,1.8095999999999992,12,8,234.44999999999996,12,0.047907682062677995,5.293244415154361,1,[C][C][C][C][Branch1][C][O][C][=C][C][Branch1][C][O][=C][Branch1][C][O][C][Branch1][C][O][=C][Ring1][N][C][C][C][C][Branch1][C][O][C][Branch1][C][O][=N][O][C][C][=Branch1][C][=O][O][C][Branch1][C][O][=N][C][C][C][Ring2][Ring1][Branch2][=N][O],-0.2761760563191533
529.5390000000004,3.1745,11,7,223.63999999999996,14,0.05661818428332261,4.3418400665392305,1,[C][C][O][C][Branch1][C][O][=N][C][C][C][C][C][C][C][C][=C][Branch1][C][O][C][Branch1][C][O][=C][Branch1][C][O][C][Branch1][C][O][=C][Ring1][N][C][=Branch1][C][=O][O][C][=Branch1][C][=O][C][C][Branch1][C][O][C][C][C][C][=Branch1][C][=O][O],-0.2761924149646404
515.6000000000001,3.1868000000000007,10,8,200.49999999999997,14,0.04239193153638868,5.5317501749661995,1,[C][C][C][C][C][C][C@H1][Branch1][C][O][C][Branch1][C][O][=N][C][C][C][C][C][C@@H1][Branch1][Ring1][C][O][=C][Branch1][C][O][C][Branch1][C][O][=C][Branch1][C][O][C][C][=Branch1][C][=O][O][=C][Ring1][#C][C][Branch1][C][O][=C][C][Branch1][C][O][=C][Ring1][=Branch2],-0.2764860184530136
554.5770000000005,1.8644599999999993,13,5,225.26999999999998,18,0.07148283945902532,5.614122453337753,2,[O][=C][Branch1][C][O][C][C@H1][C][C][C@H1][Branch1][C][O][C][C][C][C][C@H1][Branch1][C][O][=C][Branch1][C][O][C][=Branch1][Ring2][=N][Ring1][Branch1][C][=N][O][C][C][C][C][=Branch1][C][=N][O][C][=Branch1][Ring2][=N][Ring1][Branch2][N][=C][O][C][C][C][C][=Branch1][C][=O][O],-0.2766593037871677
498.5290000000004,3.1918000000000015,10,6,198.69999999999996,2,0.30721575913841115,6.206516166697705,2,[C][C][C][Branch1][C][O][C][C][C][C][C][Branch1][C][O][=C][Branch1][C][O][C][C][Branch1][C][O][=C][Ring1][N][C][C][C][C][=Branch1][C][=O][O][C][Branch1][C][O][=N][C][Branch1][C][O][=N][C][C][C][C][=Branch1][C][=O][O][=C][Ring2][Ring1][=N],-0.276735638767399
562.6570000000006,1.8821,10,6,215.76999999999995,23,0.026375919387189486,4.684554515294488,0,[C][C][C][C][C][C@H1][Branch1][C][O][C][C][C][C][Branch1][C][O][=N][C][Branch1][C][O][=N][C][C][C][C][C][C][C][C@@H1][Branch1][Ring1][C][O][=C][Branch1][C][O][C][=Branch1][C][=O][O][C][C][=Branch1][C][=O][O][=C][Branch1][C][O][C][Ring2][Ring1][N][=O],-0.2771130891820166
531.6470000000004,3.1747000000000005,11,3,157.5,11,0.20537737023807143,4.975933143375748,1,[C][C][Branch1][C][C][C][C][C][C][C][C][C@H1][Branch1][C][O][C][C@H1][Branch1][C][O][C][C][C][C][C][N][=C][Branch1][Branch1][O][C][O][C][C][=Branch1][C][=O][O][C][C][Branch1][C][O][=N][C][C][=Branch1][C][=O][O][=N][Ring2][Ring1][Branch2],-0.2772027143373604
437.5170000000001,3.1201700000000008,8,4,158.97,1,0.3595186311437536,5.584669637668332,1,[C][C@H1][C][C][C][Branch1][C][O][=N][C@H1][Branch1][C][O][C][C][C][C][C][C@H1][Branch1][C][C][=C][N][Branch1][Ring1][C][#N][N][=C][Branch1][C][O][C][Branch1][C][O][=C][Ring1][N][C][=Branch1][C][=O][O][C@H1][Ring2][Ring1][N][C],-0.2777665094643343
476.4350000000002,1.8147000000000006,12,7,220.31999999999994,6,0.16566302644971975,5.17000277669855,1,[C][O][C][Branch1][C][O][C][C][O][C][C][Branch1][C][O][C][C][C][C][C][=C][Branch1][C][O][C][Branch1][C][O][=C][Branch1][C][O][C][Branch1][C][O][=C][Ring1][=Branch2][C][=Branch1][C][=O][O][C][Branch1][C][O][=N][C][Branch1][C][O][=N][Ring2][Ring1][Branch2],-0.2781420703525445
515.5600000000004,3.191700000000001,9,7,210.73,17,0.049391490613766395,4.840448553349528,0,[C][C][C][Branch1][C][O][C@H1][Branch1][C][C][O][C][C][C][C][Branch1][C][O][=N][C][C][=C][Branch1][C][O][C][C][=C][Branch1][C][O][C][=Branch1][Ring2][=C][Ring1][Branch2][N][C][=Branch1][C][=O][O][C][Branch1][C][O][=N][C][C][C][C][=Branch1][C][=O][O][Ring2][Ring1][Branch2],-0.27842463396761474
486.62600000000043,1.8068899999999988,8,5,162.86999999999998,9,0.30808049010238264,5.9954330783337015,1,[C][C][C@@H1][Branch1][C][O][C@H1][Branch1][C][C][C@@H1][Branch1][C][O][C@H1][Branch1][C][O][C][C][C][C][C][Branch1][C][O][=N][C@H1][Branch1][N][C][C][C][C][Branch1][C][O-1][C][C][C][C@@H1][Branch1][Branch2][C][C][C][=Branch1][C][=O][O][C][Ring2][Ring1][N][O],-0.2785313106995338
474.50300000000027,3.185000000000001,10,6,191.04999999999998,15,0.05098423188107708,4.385044775709261,0,[C][C][Branch1][C][C][C][C][C][C][C][C][C@H1][Branch1][C][O][C][=C][Branch1][C][O][C][C][=C][Branch1][C][O][C][Branch1][C][O][=C][Ring1][N][C][=Branch1][C][=O][O][C][=Branch1][C][=O][O][C@H1][Branch1][Ring1][C][O][C][=Branch1][C][=O][O],-0.2787048403526572
500.5050000000002,1.8032,12,5,204.57999999999998,7,0.14825159241295635,6.586658406058938,3,[C][C@@H1][Branch1][C][O][C][C][C][C][C][Branch1][C][O][=N][C][C][C][C][C][C@H1][Branch1][C][O][C][C@H1][Branch1][C][O][C][Branch1][C][O][=N][O][C][=Branch1][Ring2][=N][Ring1][Branch1][C][=C][O][C][=Branch1][C][=O][O][C][Branch1][C][O][=N][Ring2][Ring1][Branch2],-0.27872182996672507
527.5710000000003,3.1845799999999995,12,6,211.15999999999997,5,0.1000050331261697,5.246826971857411,1,[C][O][C][Branch1][C][O][=N][C][C][C][C][C][C@H1][Branch1][C][O][=N][C][C][C][C][C][C][C][C@H1][Branch1][Ring1][C][#N][C][Branch1][C][O][=C][Branch1][C][O][C][Branch1][C][O][=C][Ring1][=Branch2][C][=Branch1][C][=O][O][C][=Branch1][C][=O][O][C][Ring2][Ring1][N],-0.2793288463227526
473.5270000000001,3.1872000000000007,5,7,212.63999999999996,13,0.09101106419672658,4.948066499210478,0,[C][C][C][Branch1][C][O][C@H1][Branch1][C][C][O][C][C][Branch1][C][O][=N][C][C][C][C][C][C][C][Branch1][C][O][=N][C][Branch1][C][O][=N][C][Branch1][C][O][=N][C][Branch1][C][O][=N][C][Branch1][C][O][=C][Ring1][=N][C],-0.27993265853772786
515.6000000000004,3.1958,9,7,197.33999999999997,17,0.0653209522112769,4.682863928653833,1,[C][C][C][C][C][C][C][C@H1][Branch1][C][O][C][C][Branch1][C][O][=N][C][C][C@H1][Branch1][C][O][C][C][C][C][C@@H1][Branch1][=Branch1][C][=Branch1][C][=O][O][=C][Branch1][C][O][C][=C][Branch1][C][O][C][Branch1][C][O][=C][Ring1][=Branch2][C][=Branch1][C][=O][O][Ring2][Ring1][Branch2],-0.2800633185549298
498.48500000000035,1.7990000000000008,12,5,196.93,9,0.10211611548571892,5.671288117642494,2,[C][O][C][Branch1][C][O][C][C][=C][Branch1][C][O][C][C][Branch1][C][O][=C][Branch1][C][O][C][C][C][=Branch1][C][=O][O][C][C][=Branch1][N][=C][Branch1][C][O][C][C][O][C][=Branch1][C][=O][C][Branch1][C][O][=N][C][C][C][C][Ring2][Ring1][Branch2][=N][Ring1][Ring1],-0.2804163705991499
468.4550000000004,1.8162999999999996,10,4,176.89,6,0.3300763451390557,5.515778086165878,2,[C][C][C@H1][Branch1][C][C][C@@H1][Branch1][C][O][C][=Branch1][C][=O][C@@H1][Branch1][C][O][C][C][=C][Branch1][C][O][C][=C][Branch1][C][O][C][=C][Ring1][=Branch2][C][C][C][=Branch1][C][=O][O][C@H1][Branch1][#Branch1][C][C][=Branch1][C][=O][O][C][C][=Branch1][C][=O][O][Ring2][Ring1][Branch2],-0.28066289120580223
544.5100000000004,1.8343999999999994,13,6,234.22999999999996,10,0.07577434894444462,5.588091768388896,1,[C][O][C][Branch1][C][O][=N][C][=C][Branch1][C][O][C][C][C][C][C][Branch1][C][O][=C][Branch1][C][O][C][Branch1][C][O][=C][Ring1][N][C][=Branch1][C][=O][O][C][=Branch1][C][=O][C][C][Branch1][Ring1][C][O][C][C][C][=Branch1][C][=O][N][=C][O][C][Branch1][C][O][C][Ring2][Ring1][Branch2],-0.2807281567637993
575.5640000000003,1.9085000000000005,15,5,216.60999999999996,21,0.03296773920532206,4.777847599788462,1,[C][C][C][C][Branch1][C][O][=C][C][Branch1][C][O][=C][C][Branch1][C][O][=C][Ring1][Branch2][C][=Branch1][C][=O][O][C][C][C][C][=Branch1][C][=O][O][C][Branch1][C][O][C][C][C][C][C][=Branch1][C][=O][O][=N][O][C][Branch1][Branch2][O][C][C][C][C][=Branch1][C][=O][O][Ring2][Ring1][Ring2],-0.2807476311280294
458.46400000000034,1.8281999999999996,11,6,197.87,14,0.05933632723302071,3.5453035401057464,1,[C][C][C][C][C][C][O][C][=C][C][Branch1][C][O][=C][Branch1][C][O][C][Branch1][C][O][=C][Ring1][=Branch2][N][C][C][C][=Branch1][C][=O][O][C][=Branch1][C][=O][O][C][Branch1][C][O][C][C][C][=Branch1][C][=O][N][Ring2][Ring1][#Branch2],-0.2812674804949907
481.4100000000003,1.8018999999999994,11,7,223.63999999999996,3,0.17400952414867935,5.026422737220313,2,[C][O][C][Branch1][C][O][=N][C][=C][C][=C][Branch1][C][O][C][C][C][=C][Branch1][C][O][C][Branch1][C][O][=C][Ring1][N][C][=Branch1][C][=O][C][Branch1][#Branch1][C][C][=Branch1][C][=O][O][=C][Branch1][C][O][C][C][C][=Branch1][C][=O][O][C][Ring2][Ring1][N][O],-0.2817043308151298
475.57900000000035,3.194700000000002,10,6,171.93,13,0.1004883419519056,5.047825660782736,1,[C][C][C][C][C][C@H1][Branch1][C][O][C@H1][Branch1][C][C][O][C][C][=Branch1][C][=O][O][C@H1][Branch1][C][O][C][C][=C][Branch1][C][O][C][Branch1][C][O][=C][Branch1][C][O][C][C][C][C][C][C@@H1][Branch1][Ring2][C][O][=N][Ring1][=N][O],-0.2821397443891951
534.6030000000003,3.185900000000002,11,7,207.59999999999997,20,0.022936556145954145,4.458055620233061,0,[C][C][C][C][C@H1][Branch1][C][O][O][C][C][Branch1][C][O][=N][C][C][C][C][C][C@@H1][Branch1][C][O][C][C][=C][Branch1][C][O][C][Branch1][C][O][=C][Branch1][C][O][C][C][C][=Branch1][C][=O][O][C][=Ring1][Branch2][=N][C][=Branch1][C][=O][O][C][Ring2][Ring1][O],-0.2829538478904298
482.5740000000001,3.2025500000000005,9,7,183.88999999999996,11,0.13290386985277336,5.769623520060865,1,[C][C@H1][C][C][C@H1][Branch1][C][O][C][C][C][C@H1][Branch1][=Branch1][C][C][C][C][C][C@H1][Branch1][C][O][=C][Branch1][C][O][C][=C][Branch1][C][O][C][Branch1][C][O][=C][Ring1][N][C][=Branch1][C][=O][C@H1][Branch1][Ring2][Ring1][Ring2][O][C][=N][O][C][=Branch1][C][=N][O],-0.28317291943969514
591.7670000000003,3.0397900000000027,11,7,205.19,28,0.017505796860379813,5.1296707026330255,0,[C][C@@H1][C][C][C][C][C@H1][Branch1][C][C][O][C@H1][Branch1][C][O][=N][C][C][C][C@H1][Branch1][C][O][=N][O][=C][Branch1][=Branch1][C][C][C][C][C][N][=C][Branch1][C][O][C][C][C][=Branch1][C][=O][O][C][C@@H1][Branch1][Branch2][C][C][C][=Branch1][C][=O][O][=N][Ring2][Ring2][Ring1],-0.28338039489703704
531.6230000000005,1.8087000000000013,12,5,190.2,14,0.07219792619240112,5.551776407472969,1,[C][C][C][C][C][C][C@H1][Branch1][C][C][C@@H1][Branch1][C][O][C@H1][Branch1][Branch2][C][C][C][=Branch1][C][=O][O][C@H1][Branch1][C][O-1][C][=Branch1][C][=O][O][C][C][=C][Branch1][C][O][C][=Branch1][Ring2][=N][Ring1][N][O][C][C][C][C][C][C@@H1][Branch1][C][O][=N][O],-0.2836606545081638
542.6300000000002,1.8220699999999992,11,6,205.56,12,0.11976416555483323,5.605046736117593,1,[C][C][C][C][C][C][C][C][C][C][Branch1][C][O][C][C@H1][Branch1][C][O][=N][C][C][=C][Branch1][Branch1][C][=N][Ring1][Branch2][C][=N][C][=Branch1][C][=O][O][C][Branch1][C][O][C][Branch1][C][O][=N][C][C][C][=Branch1][C][=O][O][=C][Branch1][C][O][C][Ring2][Ring1][Branch2],-0.28425960174460285
487.54600000000033,3.2086700000000006,11,6,186.82999999999998,2,0.3156739160129627,5.115332985081837,1,[C][C][C][Branch1][C][O][C@@H1][Branch1][C][C][O][C][C][C][C][C][C][C@H1][Branch1][C][O][C][=C][Branch1][C][O][C][C][C][=Branch1][C][=O][O][C][Branch1][C][O][=C][Branch1][C][O][C][C][C][=Branch1][C][=O][O][C][Ring2][Ring1][N][=N],-0.28456021416916333
545.5820000000004,1.8251000000000004,11,7,220.14999999999995,14,0.09413749340802433,5.145306415111094,1,[C][C][C][C][C][C@H1][Branch1][C][O][C][C][C][C@H1][Branch1][C][O][=N][C@H1][Branch1][#Branch1][C][C][=Branch1][C][=O][O][C][C][=C][Branch1][C][O][C][Branch1][C][O][=C][Ring1][=Branch2][C][=Branch1][C][=O][O][C@H1][Branch1][Branch2][C][C][C][=Branch1][C][=O][O][C][C][=Branch1][C][=O][O][Ring2][Ring1][Branch2],-0.2849373202934289
533.5270000000004,1.8075000000000012,13,5,210.86999999999998,19,0.030519059793458682,4.457906477077518,0,[C][O][C][O][C][Branch1][C][O][=C][C][Branch1][C][O][=C][Branch1][C][O][C][C][=C][Branch1][Ring1][O][C][C][C][=Branch1][C][=O][O][C@H1][Branch1][Ring1][C][O][C][C][=Branch1][C][=O][C][Branch1][C][O][=N][C][C][C][C][C][=Branch1][C][=O][O][C][Ring2][Ring1][Branch2],-0.28500041915056873
358.479,2.4051000000000005,5,4,114.87,12,0.24288664404729912,4.525645676569501,1,[C][C][Branch1][C][C][O][C][C][Branch1][C][O][C][C][Branch1][C][O][=N][C][C][C][C][C][C][C][C@H1][Branch1][C][C][=C][Branch1][C][O][C][Branch1][C][O][=N][Ring1][Branch2][C][=Branch1][C][=O][O][C][Branch1][Branch2][C][C][C][=Branch1][C][=O][O][=C][Ring2][Ring1][Branch2],-0.28557614634979583
402.4440000000001,3.0224,8,7,175.56,12,0.11270685820407582,4.405446286015394,1,[C][O][C][Branch1][C][O][C][C][C][C][Branch1][C][O][=N][C][C][C][C][C][C][C][C][Branch1][C][O][=C][Branch1][C][O][C][Branch1][C][O][=C][Branch1][C][O][C][Branch1][C][O][=N][Ring1][N][C][C][=Branch1][C][=O][O][C][Ring2][Ring1][Branch2],-0.28588979370379763
481.54600000000033,3.2101000000000015,7,5,170.26999999999998,4,0.4073088673878037,6.297351800681444,2,[C][C][C][C@H1][Branch1][C][C][O][C][C][C][=Branch1][C][=O][N][=C][Branch1][C][O][C][=C][Branch1][C][O][C][=C][Ring1][N][C][C][C][C][C@H1][Branch1][C][C][C@@H1][Branch1][C][O][N][=C][Branch1][C][O][N][C][=Branch1][C][=O][O][C][Ring2][Ring1][O],-0.2864278653762589
565.6650000000004,1.863000000000001,15,7,204.94999999999996,8,0.12763120653089333,5.917059495656345,1,[C][C][C][C][C][C][C@H1][Branch1][C][C][C@@H1][Branch1][C][O][C@@H1][Branch1][C][O][=N][C@H1][Branch1][C][O][C][C][C][C][C@@H1][Branch1][C][O][=N][O][C][=Branch1][Branch1][=N][O][C][C][C][C][C][C][=Branch1][C][=O][O][=N][O][C][Ring2][Ring1][N][=N][O],-0.28665416253736836
523.5910000000003,3.2081800000000023,9,5,225.39999999999995,18,0.058737122011983334,4.735465133589321,0,[C][C][C][Branch1][C][C][C][Branch1][C][O][=N][C][C][Branch1][C][O][=N][C][C][C][C][Branch1][C][O][=N][C][C][C][C][N][=C][Branch1][Ring1][C][#N][C][Branch1][C][O][=N][C][C][C][=Branch1][C][=O][O][N][=C][Branch1][C][O][C][=Ring2][Ring1][=N],-0.287174454135462
514.5280000000004,1.7852000000000012,11,5,207.42999999999995,14,0.0738719410518743,5.489691439960781,1,[C][O][C][Branch1][C][O][=C][C][=C][Branch1][C][O][C][C][=Branch1][C][=O][O][C][Branch1][C][O][=C][Ring1][N][C][=Branch1][C][=O][O][C][C][C][C@H1][Branch1][C][C][C@H1][Branch1][=Branch1][C][C][C][C][N][=C][Branch1][C][O][C][Branch1][C][O][=N][C][Ring2][Ring1][Branch2][=O],-0.2873925843441333
531.5150000000002,1.7978000000000016,14,7,221.34999999999997,7,0.14157290030422984,6.772373824480277,2,[C][O][C][Branch1][C][O][C][C][C][C][C][Branch1][C][O][=C][Branch1][C][O][C][C][O][C][C][Branch1][C][O][=C][Branch1][C][O][C][C][Branch1][C][O][=N][O][C][C][C][=Branch1][C][=O][O][=N][C][C][=C][O][C][Ring2][Ring1][Branch2][=N][Ring1][N],-0.2878651686119731
541.5980000000002,3.189600000000002,12,4,193.5,7,0.13013142713027584,6.196729307354163,2,[C][C][C][C][C][C@H1][Branch1][C][O][C][C][Branch1][C][O][=N][C][C][C][C][C][C][C@H1][Branch1][C][O][C][C@H1][Branch1][C][O][C][C][=Branch1][C][=O][O][C][=N][C][=Branch1][Branch1][=C][O][Ring1][Branch1][C][=N][O][C][=Branch1][C][=O][O][C][Ring2][Ring1][O],-0.2881133110704893
496.5170000000003,1.7798,10,6,202.85999999999999,7,0.2225926562456688,6.479483698586735,2,[C][C][C][C][C][C@H1][Branch1][C][O][C][C@H1][Branch1][C][O][C][C][C][C][=C][N][=C][Branch1][C][O][N][C][=C][Branch1][C][O][C][N][=C][Ring1][#C][C][=Branch1][C][=O][O][C][Branch1][C][O][=N][C][=Branch1][C][=O][O][C][Ring2][Ring1][Branch2],-0.28816420935987175
554.5010000000004,3.1682000000000015,13,5,215.57999999999996,15,0.06460279868365716,4.131448696179528,1,[C][O][C][=C][C][Branch1][C][O][=C][C][=C][Branch1][C][O][C][Branch1][C][O][=C][Ring1][Branch2][C][=Branch1][C][=O][O][C][C][C][Branch1][C][O][=C][Branch1][=Branch1][C][=Branch1][C][=O][O][C][C][=Branch1][C][=O][O][C][=C][Branch1][C][O][C][C][C][C][C][=Branch1][C][=O][O][=C][Ring2][Ring1][O],-0.28865209925444935
521.6040000000004,3.214480000000002,12,3,174.0,19,0.1287548186189099,4.890432698113527,0,[C][C][C@H1][Branch1][C][C][C@H1][Branch1][C][O][C@H1][Branch1][C][O][C@@H1][Branch1][C][C][O][C][C][C][C][C@H1][Branch1][C][C][=C][O][C][=Branch1][C][=O][O][C@H1][Branch1][C][C][O][=C][O][C][=Branch1][C][=O][O][C@H1][Branch1][C][O][C][C][C][#N],-0.2890397871020536
555.6730000000006,1.8311000000000015,12,6,197.31999999999996,4,0.2197466574361964,6.225275793029791,2,[C][C@H1][Branch1][C][O][O][C][C][C][C][C][C][C@H1][Branch1][C][O][=N][C][C][=N][C][Branch1][=Branch1][C][C][C][C][N][=C][Branch1][C][O][C][=Branch1][Ring2][=N][Ring1][Branch2][N][C][=Branch1][C][=O][C][C][C][C][C][C][C][=Branch1][C][=O][O][O][Ring2][Ring2][Ring1][=C],-0.28980387388025014
497.4970000000003,1.7746799999999998,10,7,225.83999999999997,15,0.10448074926466483,4.118252214553603,1,[C][C][C][C][Branch1][C][O][C][C][C][C][Branch1][C][O][C][C][C][C][=C][Branch1][C][O][C][Branch1][C][O][=C][Branch1][Ring1][C][#N][C][Branch1][C][O][=C][Ring1][O][C][=Branch1][C][=O][O][C@H1][Branch1][#Branch1][C][C][=Branch1][C][=O][O][C][=Branch1][C][=O][O],-0.2901711846824216
532.4950000000005,3.207300000000001,13,9,251.73999999999995,17,0.05642575911591977,4.550100329510798,0,[C][O][C][Branch1][C][O][=C][C][=C][Branch1][C][O][C][Branch1][C][O][=C][Ring1][=Branch2][C][C][=Branch1][C][=O][O][C][Branch1][C][O][C][C][C][=Branch1][C][=O][C][C][C][Branch1][C][O][=C][Branch1][C][O][C][Branch1][C][O][=C][Branch1][C][O][C][C][C][C][=Branch1][C][=O][O],-0.29028852285269624
514.5240000000003,3.222600000000001,12,5,189.27999999999997,18,0.02627338709634501,4.286908846002755,0,[C][=C][C][C][C][C][O][C][Branch1][C][O][C][C][C][=C][Branch1][C][O][C][=C][Branch1][C][O][C][C][C][=C][Ring1][#C][C][=Branch1][C][=O][O][C][Branch1][C][O][=C][Branch1][C][O][C][=Branch1][C][=O][O][C][C][=Branch1][C][=O][O][C][Ring2][Ring1][=C],-0.29049596882573125
487.4580000000003,3.223600000000002,12,5,201.64,3,0.28762371863555114,4.918137110192255,1,[C][C][C][C][C][Branch1][C][O][=C][C][Branch1][C][O][=C][Branch1][C][O][C][C][C][Branch1][C][O][=C][Ring1][N][C][=Branch1][C][=O][C@@H1][Branch1][C][O][C][C][C][C][=Branch1][C][=O][O][C][Branch1][C][O][=N][O][C][=Branch1][C][=O][O][C][Ring2][Ring1][=N],-0.29052490539711123
508.56500000000017,3.225100000000001,11,6,196.59999999999997,19,0.03724478385490693,4.93375965583758,0,[C][C][C][C][C@H1][Branch1][C][C][O][C][Branch1][C][O][=N][C][C][C][C][C][C][C@@H1][Branch1][C][C][C@H1][Branch1][C][O][C][C@H1][Branch1][C][O][C][=Branch1][C][=O][O][=N][O][C][=Branch1][Branch1][=C][O][Ring1][=N][O][C][=Branch1][C][=O][O],-0.29054541555495295
518.5560000000003,1.7786999999999993,12,6,200.27999999999997,19,0.06272951707558118,5.090960763840655,0,[C][C][C@@H1][Branch1][C][O][C@@H1][Branch1][C][C][C][=Branch1][C][=O][O][=C][Branch1][C][O][C][=C][Branch1][C][O][C][C][C][C][C][C@H1][Branch1][C][O][C][=Branch1][C][=O][C@@H1][Branch1][C][O][C][C][C][=Branch1][C][=O][O][C][=C][O][C][Branch1][C][O][=C][Ring1][Branch2],-0.2908970452651594
509.5080000000004,3.2258000000000013,12,6,206.06999999999996,7,0.12654388068124592,5.227338033221131,1,[C][O][C][Branch1][C][O][=C][C][Branch1][C][O][=C][Branch1][C][O][C][C][C][C][C][=C][Branch1][C][C][C][=C][Branch1][#Branch1][C][=C][Branch1][C][N][O][C][C][=Branch1][C][=O][O][C][=Branch1][C][=O][C][C][=C][Branch1][C][O][C][=Branch1][C][=O][O][=C][Ring2][Ring1][Branch2],-0.2909421087708005
469.44300000000027,1.7879,10,7,206.57,8,0.2013099240368011,5.711677483739601,2,[C][O][C][Branch1][C][O][=C][C][=C][Branch1][C][O][C][C][Branch1][C][O][=C][Ring1][N][C][Branch1][C][O][C][C][=Branch1][C][=O][O][C][Branch1][C][C][Branch1][C][O][C][C][C][C][C][=C][Branch1][C][O][C][Branch1][C][O][=N][C][Ring1][Branch2][=O],-0.29132241004769943
446.4530000000001,1.8223,10,6,198.7,6,0.2582015818077455,4.607021905491063,1,[O][=C][Branch1][C][O][C][C][C][C][C][C][Branch1][C][O][=N][C][C][C][C][C][C][C@@H1][Branch1][C][O][=C][Branch1][C][O][C][Branch1][C][O][=C][Branch1][C][O][C][=Branch1][C][=O][O][C][Branch1][C][O][=N][Ring2][Ring1][=Branch1][O],-0.2914678219563867
528.6430000000004,3.2144700000000004,11,4,167.95999999999998,11,0.10340922452824867,5.261855820359342,1,[C][C][C][C][C][C][C][C][C][C][C][C][C@H1][Branch1][C][O][C][C@H1][Branch1][C][O][C@H1][Branch1][Branch2][C][O][C][C][=Branch1][C][=O][O][C][=N][C][=Branch1][Branch1][=C][O][Ring1][N][C][=Branch1][C][=O][O][C][C][O][C][Ring2][Ring1][N][=N],-0.2914729262555961
430.49400000000014,3.1409000000000007,9,5,153.75,4,0.2569435561578398,4.8250336950271215,1,[C][C][C][C][C][C][C][C][C][C][C@H1][Branch1][C][O][C@H1][Branch1][C][O][C][C][C][Branch1][C][O][=C][Branch1][C][O][C][=C][Ring1][N][C][=Branch1][C][=O][O][C][=Branch1][C][=O][O][C@H1][Ring2][Ring1][Branch2][O],-0.29162439154501474
551.6370000000003,3.1831000000000005,11,5,192.21000000000004,5,0.26650638137516613,4.914973245173696,2,[C][C][C][C][C][C][C][C][C][C][C@H1][Branch1][C][O][C][C][=N][C][=C][Branch1][C][O][C][=C][Branch1][C][O][C][=C][Ring1][Branch2][C][=Branch1][C][=O][O][C][C][=Branch1][C][=O][O][C][C@H1][Branch1][Branch2][C][C][C][=Branch1][C][=O][O][=N][Ring2][Ring2][Ring1][=N],-0.29210548895219385
496.5610000000003,3.23177,7,7,219.11,9,0.141183861461076,5.068947381651133,1,[C][C][Branch1][C][C][C][C][C][C][C][C][Branch1][C][O][C][=C][Branch1][C][O][C][Branch1][C][O][=C][Ring1][N][C][C][C][C][=Branch1][C][=O][O][C][Branch1][C][O][=N][C][Branch1][Branch2][C][C][C][=Branch1][C][=O][O][=N][C][Branch1][C][N][=N][Ring2][Ring1][Branch2],-0.2927887978526501
527.5750000000002,1.7796800000000015,11,4,208.13999999999996,8,0.2041581605755284,5.1892171670443865,1,[C][O][C][Branch1][C][O][C][O][C][C][C][C][C][Branch1][C][O][=N][C][C][C][C][N][=C][Branch1][C][O][C][Branch1][C][O][=N][C][Branch1][Ring1][C][#N][C][Branch1][C][O][=N][C][C][C][C][C][=Branch1][C][=O][O][C][Ring2][Ring1][#Branch2],-0.2933585977673054
545.5660000000005,3.1988600000000007,12,7,240.64999999999995,21,0.02099148829950557,4.683438158685304,0,[O][=C][Branch1][C][O][C][C@H1][C][C][C][C][C][C][Branch1][C][O][=N][C][Branch2][Ring1][Branch2][N][C][=Branch1][C][=O][C][C][C][C][C][C][=Branch1][C][=O][O][C][Branch1][C][O][=C][Branch1][C][O][C][C][O][C][=Branch1][C][=N][O][C][Ring2][Ring1][Branch2][=N][O],-0.2940236204116947
499.5130000000004,1.7644999999999997,12,5,195.06999999999996,7,0.19367283620269382,6.036564165478091,2,[C][C][C][C][C][C][C@H1][Branch1][C][O][C@@H1][Branch1][C][O][C][C][C][=C][C][Branch1][C][O][=C][Branch1][C][N][C][Branch1][C][O][=C][Ring1][N][C][=Branch1][C][=O][O][C][=Branch1][C][=O][O][C@H1][Branch1][Ring1][C][O][C][C][=Branch1][C][=O][O][C][Ring2][Ring1][Branch2],-0.29420161229333885
472.39900000000034,1.7775000000000003,13,5,206.34999999999997,5,0.2198619596534094,5.102272470775038,2,[C][C][C][C][C][C][C@H1][Branch1][C][C][O][C][=C][Branch1][C][O][C][Branch1][C][O][=C][Branch1][C][O][C][Branch1][C][O][=C][Ring1][N][C][=Branch1][C][=O][O][C][=Branch1][C][=O][O][C][=Branch1][C][=O][C][C@@H1][Branch1][C][O][C][=Branch1][C][=O][O][Ring2][Ring1][#Branch2],-0.29422484735997373
490.55000000000024,3.2346700000000004,10,10,227.50999999999996,17,0.047011406768764155,4.973536515749478,0,[C][O][C][Branch1][C][O][=N][C@H1][Branch1][C][O][C@H1][Branch1][C][O][C][C][C][C][C][C@H1][Branch1][C][O][C][C][=C][Branch1][C][O][C][Branch1][C][O][=C][Branch1][C][O][C][C][C][C][C][=C][Branch1][C][O][C][Branch1][C][O][=N][Ring1][=C][O][C][Ring2][Ring1][Branch2][=O],-0.29447514568126126
487.50200000000035,1.7653999999999999,10,4,181.40999999999997,13,0.07416487298759249,5.438659008055771,1,[C][C][C][C][C][C@H1][Branch1][C][O][C][/C][=C][/C][=Branch1][C][=O][O][C@H1][Branch1][C][O][=C][Branch1][Branch1][C][O][C][=C][Ring1][N][C][C][=Branch1][C][=O][O][C][Branch1][C][O][=N][O][C][C][C][C][=Branch1][C][=O][O][Ring2][Ring1][Branch2],-0.29490124722693184
545.5860000000002,3.201480000000001,13,6,220.28999999999996,21,0.017954985545293768,5.321162227068736,0,[C][C@@H1][/C][=C][/N][=N][C@H1][Branch2][Ring1][Ring1][C][Branch1][C][O][=N][/O][=C][C][Branch1][C][O][C][C][C][C][C][C@H1][Branch1][C][O][C][C][C][=Branch1][C][=O][O][=C][Branch1][C][O][C][C][Branch1][C][O][=C][Branch1][C][O][C][C][=Branch1][C][=O][O][C][Ring2][Ring1][=N],-0.2950325474384145
538.6020000000003,3.212480000000001,11,6,221.93999999999997,6,0.27079916314521246,5.261546898275614,1,[C][C][C][C][C][C][Branch1][C][O][C][C][Branch1][C][O][=N][C][C][C][C][C][N][=C][Branch1][C][O][C][C][Branch1][C][O][=N][C][Branch1][C][O][=N][C][C][C][Branch1][Ring1][C][#N][=C][Branch1][C][O][C][C][=Branch1][C][=O][O][=N][Ring2][Ring1][=N],-0.2952641151240705
525.5870000000003,1.7725300000000006,12,8,237.64999999999995,7,0.10514361648680716,6.184181722988633,1,[C][C][Branch1][C][C][C][C@@H1][N][=C][Branch1][C][O][C@@H1][Branch1][C][O][C][C][C@@H1][Branch1][Ring1][C][O][N][=N][C][C][C][C][C][C][=Branch1][C][=O][N][O][C][=Branch1][C][=N][O][C][=Branch1][Ring2][=N][Ring1][Branch1][C][=C][N][C][Ring2][Ring1][Branch2][=N][O],-0.29545354020556247
501.44100000000026,1.7591000000000003,14,5,203.02999999999997,8,0.13935847497594012,5.853467953034493,2,[C][O][C][C][O][C][Branch1][C][O][C][C][C][C][Branch1][C][O][=N][C][C][C][=C][Branch1][C][O][C][Branch1][C][O][=C][Branch1][C][O][C][C][=Branch1][C][=O][O][C][=C][Branch1][C][O][C][Branch1][C][O][=C][Ring1][#C][C][=Branch1][C][=O][O][Ring2][Ring1][Branch2],-0.29637401290261584
485.39800000000025,1.76168,14,6,225.45999999999995,8,0.1635870363868014,5.642718108004383,1,[C][C][O][C][Branch1][C][O][=C][C][Branch1][C][O][=C][Branch1][C][O][C][C][O][C][=Branch1][C][=O][C][Branch1][C][O][C][=C][Branch1][C][O][C][Branch1][Ring1][C][#N][C][C][=Branch1][C][=O][O][C][Branch1][C][O][=C][O][C][Branch1][C][O][=C][Ring1][#C],-0.29676843026171096
514.4840000000003,3.2398800000000003,12,7,239.58999999999995,16,0.02978179938800003,4.5804855570678304,0,[C][O][C][C][O][C][Branch1][C][O][=N][C][=C][Branch1][C][O][C][C][C][C][C][C@@H1][Branch1][Ring1][C][#N][C][C][=Branch1][C][=O][O][C][=C][Branch1][C][O][C][Branch1][C][O][=C][Branch1][C][O][C][Branch1][C][O][=C][Ring1][=Branch2][C][=Branch1][C][=O][O][Ring2][Ring1][=N],-0.2973663251412306
516.5880000000003,1.7611999999999994,11,4,176.7,11,0.1796946909561242,5.785524481072464,1,[C][C][C][Branch1][C][O][C][Branch1][C][C][C][C][C][Branch1][C][C][=C][Branch1][C][C][Branch1][C][O][=C][Branch1][C][O][C][C][C][=Branch1][C][=O][O][C][Branch1][Ring1][C][O][=N][C][Branch1][C][O][=N][C][C][=Branch1][C][=O][O][=C][Branch1][C][O][C][Ring1][N][C],-0.2973763900782982
542.5860000000002,1.7876699999999996,14,6,216.06999999999994,13,0.037691771810696856,6.979240815154327,3,[C][=C][C][Branch1][C][O][C][C@H1][Branch1][C][O][C@@H1][Branch1][C][O][C][C][C][C][C][C][C@H1][Branch1][C][O][C][=C][Branch1][C][O][C][C][C][C@H1][Branch1][#Branch1][O][C][=N][O][N][=N][C][=Branch1][Branch1][=N][O][Ring1][N][C][C][O][C][Ring2][Ring1][Branch2][=O],-0.29738949915556895
524.5230000000004,3.2361000000000013,12,7,218.92999999999998,4,0.16067231514072364,6.030679462102214,2,[C][C][C][C][C][C][C@H1][Branch1][C][C][C][Branch1][C][O][=N][C][C][=N][C][Branch2][Ring1][Ring1][C][=C][Branch1][C][O][C][Branch1][C][O][=C][Branch1][C][O][C][Branch1][C][O][=C][Ring1][N][C][=Branch1][C][=O][O][C][C][Branch1][C][O][=C][Branch1][C][O][C][C][=Branch1][C][=O][O][Ring2][Ring2][Ring1],-0.29849694088214773
514.5320000000003,1.7570999999999997,14,7,215.25000000000003,6,0.08904766582486466,6.152492773798966,1,[C][=C][C][/C][Branch1][C][O][=C][/C@H1][Branch1][C][O][C@H1][Branch1][C][O][C][C][C][C][C@@H1][Branch1][C][O][C][=C][Branch1][Branch2][O][C][=Branch1][C][=O][O][C][Branch1][C][O][=N][C][=Branch1][Branch1][=C][O][Ring1][Branch1][C][N][=N][C][C][Ring2][Ring1][Branch2][=N][O],-0.29857793236607444
353.419,2.64698,7,6,149.33,1,0.4240398176947653,4.856191763463695,1,[C][C][C][C][C][Branch1][C][O][=C][C][Branch1][C][O][=C][Branch1][C][O][C][C][C][C][C@@H1][Branch1][Ring1][C][O][=N][C][Branch1][C][O][=N][C][Branch2][Ring1][Ring1][C][#N][C][Branch1][C][O][=N][O][C][C][=Branch1][C][=O][O][C][C][C][=C][Ring2][Ring1][S],-0.2989990928213663
430.4540000000003,1.8355799999999998,10,6,193.05999999999997,15,0.042430150032068785,4.64507782132439,0,[C][O][C][Branch1][C][O][C][C][C][C][C][Branch1][C][O][=N][C][C][C][=C][Branch1][C][O][C][Branch1][C][O][=C][Branch1][C][O][C][C][C][=Branch1][C][=O][O][C][Branch1][Ring1][C][O][C][#N][C][=Branch1][C][=O][O][C][Ring2][Ring1][=N],-0.29996535514622336
489.5900000000004,1.7502600000000026,8,8,218.77999999999997,21,0.050482295266380144,4.6565028670160755,0,[O][=C][Branch1][C][O][C][C@@H1][C][C][C][C][C@@H1][Branch1][Branch2][C][C][=Branch1][C][=O][O][N][=N][C][Branch1][C][O][=N][C][C][C][C][C][C][C][C@@H1][Branch1][Ring1][C][O][=C][Branch1][C][O][C][Branch1][C][O][=N][Ring2][Ring1][=Branch1][O][=N][NH1][Ring2][Ring1][Branch2],-0.3006178358248215
543.5220000000004,1.779,13,5,218.70999999999995,14,0.07433870522681055,4.4342642806712425,1,[C][O][C][Branch1][C][O][=N][C][=C][C][=C][Branch1][C][O][C][=C][Ring1][#Branch1][C][=Branch1][C][=O][O][C@H1][Branch1][C][O][C][C][=Branch1][C][=O][C][C][C@H1][Branch1][C][O][C@H1][Branch1][C][O][C][C][C][C][=Branch1][C][=O][O][C][=Branch1][C][=O][O][C][Branch1][C][C][C],-0.301249428109001
557.6210000000004,1.803790000000003,11,5,219.42999999999998,23,0.0400604888629775,5.048744533228696,0,[O][=C][Branch1][C][O][C][C@H1][C][C][C][C][C@H1][Branch1][#Branch2][N][=C][C][=C][N][=C][Ring1][=Branch1][O][N][C@H1][Branch1][Branch1][C][O][C][C][C][=Branch1][C][=O][O][C][=Branch1][C][=O][O][C][C@@H1][Branch1][C][O][C][C][C][C][C][=Branch1][C][=O][N][Ring2][Ring1][=C],-0.30138688893181725
487.5270000000004,3.2509000000000015,11,4,172.17999999999998,2,0.25574027678947536,6.211155342882152,2,[C][C][C][C][Branch1][C][C][C][C][C][C][Branch1][C][O][C][=C][Branch1][C][O][C][Branch1][C][O][=C][Ring1][N][C][=Branch1][C][=O][O][C][Branch1][C][O][=N][O][C][=Branch1][C][=O][C][C][C][C][C][=Branch1][C][=O][O][S][Ring2][Ring1][O],-0.3013941481117381
527.6190000000004,1.7572000000000005,12,5,187.14999999999998,15,0.12006772308496712,6.019934735005166,2,[C][C][C][C][C@@H1][Branch1][C][O][=C][C][C@@H1][Branch1][C][O][C][C][C][C][C][Branch1][=Branch1][C][=N][O][C][=Ring1][Branch1][C][=N][O][C][=Branch1][Ring2][=N][Ring1][N][N][=C][Branch1][C][O][C][C][C][=Branch1][C][=O][O][N][C][C][Branch1][C][C][O],-0.3022110703531556
486.47000000000025,1.7461,10,5,197.12,12,0.19809232830631235,5.127917562706177,1,[C][C][C][C][C@H1][Branch1][C][O][=C][C][=C][Branch1][#Branch1][O][C][C][C][C][=Branch1][C][=O][O][C][C][=C][Branch1][C][O][C][Branch1][C][O][=C][Ring1][N][C][=Branch1][C][=O][O][C@H1][Branch1][#Branch1][C][C][=Branch1][C][=O][O][C][=Branch1][C][=O][O][Ring2][Ring1][#Branch2],-0.30277165851512583
544.5100000000002,3.2260000000000018,13,5,223.22999999999996,13,0.05612464573164814,4.689175576267721,1,[C][C][C][C][C][Branch1][C][O][=C][C][Branch1][C][O][=C][C][Branch1][C][O][=C][Ring1][Branch2][O][C][=Branch1][C][=O][O][C][Branch1][C][O][C][C][C][=Branch1][C][=O][O][C][Branch1][C][O][=N][C][C][C][C][=Branch1][C][=O][O][C][Branch1][C][O][=N][C][C][Ring2][Ring1][Branch2],-0.30373791399823713
560.6410000000003,3.1968000000000014,11,5,207.42999999999995,15,0.06430023251835482,5.199506340107927,1,[O][=C][Branch1][C][O][C][C][C][C][C][C][C][C][C][C@H1][Branch1][Branch2][C][C][=Branch1][C][=O][O][=N][O][C][Branch1][C][O][=N][C][C][C][C][C][=Branch1][C][=O][O][=C][Branch1][C][O][C][=C][Branch1][C][O][C][C][O][=C][Ring1][#C][C][Ring2][Ring1][Branch2],-0.30396407998972585
511.5760000000003,3.2588800000000013,9,4,198.90999999999994,17,0.056469158707246225,5.4090285574244685,0,[C][C][C][C][C][C][C@H1][Branch1][C][C][O][C][C][Branch1][C][O][=N][C][=N][C][=Branch2][Ring1][C][=N][=C][Branch1][Ring1][C][#N][C][Branch1][C][O][C][Branch1][C][O][=N][C][C][C][C][=Branch1][C][=O][O][O][C][Branch1][C][C][=C][Ring2][Ring1][=N][O],-0.30443362463433693
480.56200000000024,3.255270000000001,8,7,180.21,13,0.09073264002881021,5.5206842383103165,1,[C][C][C][C][C][C@H1][Branch1][C][O][C][C][Branch1][C][O][=N][C][C][=C][Branch1][C][O][C][=C][Branch1][C][O][C][C][=Branch1][Ring2][=C][Ring1][N][C][C][=C][Branch1][Branch1][C][O][C][Branch1][C][O][=N][C][Branch1][C][O][=N][C][Ring2][Ring1][Branch2][=N],-0.30459905948640137
531.6720000000004,3.2449000000000003,11,6,173.42999999999998,15,0.07965301110405118,5.4078229655780214,1,[C][C][C][C][C][C][C][C@H1][Branch1][C][O][C][C][Branch1][C][O][=N][C@H1][Branch1][Ring1][C][O][=N][C][=Branch1][Ring2][=N][Ring1][O][C][=C][Branch1][Branch1][C][S][C][C][C][=Branch1][C][=O][O][C][C][Branch1][C][O][=C][Branch1][C][O][C][Branch1][C][O][C][Ring2][Ring1][Branch2],-0.3046188174358245
500.5010000000003,3.2616000000000014,11,6,207.92999999999998,10,0.14560917747892416,4.438844302284791,1,[C][C][C][C][C@H1][Branch1][C][C][O][C][Branch1][C][O][=N][C][C][=C][Branch1][C][O][C][C][C][Branch1][C][O][=C][Branch1][C][O][C][Branch1][C][O][=C][Ring1][N][C][=Branch1][C][=O][O][C][Branch1][C][O][=N][C][C][C][=Branch1][C][=O][O][C][Ring2][Ring1][N],-0.30464164784874764
440.5170000000002,1.7976899999999998,8,6,159.43,16,0.06964365574719455,4.621816100247205,0,[C][C][C][C][C][C][C@H1][Branch1][C][C][C][=Branch1][C][=O][N][C][=C][N][Branch1][C][O][C][=C][Branch1][C][O][C][=C][Ring1][N][C][=Branch1][C][=O][C@@H1][Branch1][Ring1][C][O][N][C][=Branch1][C][=O][C][C@H1][Ring2][Ring1][Branch2][O],-0.30507573310901004
575.6120000000003,1.8371000000000015,13,4,215.35999999999999,11,0.1576473017726025,5.031830311337462,1,[C][O][C][Branch1][C][O][C][C][O][C][C][C][C][Branch1][C][O][=N][C][Branch1][C][O][C][C][C][C][C][C][C][C][=Branch1][C][=O][O][C][Branch1][Branch2][C][C][C][=Branch1][C][=O][O][=N][C][Branch1][C][O][=N][C][C][=Branch1][C][=O][O][=C][Ring2][Ring1][=N],-0.3052515745676013
505.51700000000045,3.2628700000000013,12,9,238.28999999999996,16,0.03665743696602033,4.58555689190489,0,[C][C][C][Branch1][C][O][C][C][C][C][C][Branch1][C][O][C][=C][Branch1][C][O][C][Branch1][C][O][=C][Branch1][C][O][C][C][C][=Branch1][C][=O][O][C][Branch1][C][O][=C][Branch1][C][O][C][C][C][C][=Branch1][C][=O][O][C][Branch1][C][O][=N][Ring2][Ring1][Branch2],-0.30534742681083843
529.5430000000003,3.249900000000001,11,7,231.28999999999994,7,0.10939119498533958,5.066535302756968,1,[C][C][C][C][C][C][C@H1][Branch1][C][O][C][Branch1][C][O][=N][C][=C][Branch1][C][O][C][C][Branch1][C][O][=C][Branch1][C][O][C][C][C][C][=Branch1][C][=O][O][C][Branch1][C][O][=N][C][Branch1][C][O][=N][C][C][C][=Branch1][C][=O][O][=C][Ring2][Ring1][#Branch2],-0.30572398825738284
496.5530000000004,3.266600000000002,9,5,170.82,11,0.17390780648695933,4.455166595385461,2,[C][C][Branch1][C][C][C][C][C][C][C][C][C@H1][Branch1][C][O][C][C][C][=C][C][Branch1][C][O][=C][Branch1][C][O][C][Branch1][C][O][=C][Ring1][=Branch2][C][=Branch1][C][=O][O][C@H1][Branch1][Branch2][C][C][C][=Branch1][C][=O][O][C][=Branch1][C][=O][O][C][Ring2][Ring1][Branch2],-0.30671748700718143
498.4850000000004,3.269070000000002,12,6,208.41999999999996,4,0.14331494227154118,5.267870973858814,1,[C][O][C][Branch1][C][O][=N][C][=C][Branch1][C][O][C][C][C][Branch1][C][O][=C][Branch1][C][O][C][Branch1][C][O][=C][Branch1][C][O][C][Branch1][C][C][C][C][=Branch1][C][=O][O][C][C][=Branch1][=Branch1][=C][=N][Ring1][Branch1][C][C][C][C][C][=Branch1][C][=O][O][C][Ring2][Ring1][Branch2],-0.30764292171932134
525.5510000000004,3.2586000000000013,11,5,184.57,13,0.05934403002718707,4.86870736970665,1,[C][O][C][Branch1][C][O][=N][C][=C][C][=C][Branch1][C][O][C][C][C][=C][Branch1][C][O][C][Branch1][C][O][=C][Ring1][=Branch2][C][=Branch1][C][=O][O][C][C][=Branch1][C][=O][O][C][Branch1][C][O][C][C][C][C][C][C][=C][C][Branch1][C][O][C][Ring2][Ring1][Branch2],-0.3077129311614973
528.5590000000003,1.7426800000000005,11,6,227.00999999999993,8,0.11498776908006736,5.607842356472796,1,[C][O][C][Branch1][C][O][C][C][C][Branch1][C][O][=N][C][Branch1][C][O][C][C][C][C][C][C][Branch1][C][O][=N][C][C][C][Branch1][Ring1][C][#N][=C][Branch1][C][O][C][Branch1][C][O][=N][C][C][C][=Branch1][C][=O][O][=C][O][C][Ring2][Ring1][Branch2],-0.3082658578370299
384.3370000000002,1.9895,10,5,155.14,6,0.33893941986426707,4.67177851300686,2,[C][O][C][Branch1][C][O][=C][C][=C][Branch1][C][O][C][Branch1][C][O][=C][Ring1][Branch2][C][Branch1][C][O][=C][C][Branch1][C][O][=C][Branch1][C][O][C][C][=Branch1][C][=O][O][C][=Branch1][=Branch1][Branch1][=C][Ring1][Branch2][O][C][C][C][C][C][=Branch1][C][=O][C][Branch1][C][C][C][O],-0.3085601372115326
529.5950000000003,1.741750000000001,10,8,262.93999999999994,19,0.05193178593876623,5.4200921981481684,0,[C][C][C][Branch1][C][O][N][=C][Branch1][C][O][C][C@H1][Branch1][C][O][C][C@H1][Branch1][C][O][C][C][C][C][C][C][C][C@H1][Branch1][Ring1][C][#N][C][Branch1][C][O][=N][C][Branch1][C][O][=N][O][C][C][=Branch1][C][=N][O][N][=C][N][Ring1][#C],-0.3090215948764743
527.5230000000004,3.2604000000000006,12,5,201.63999999999996,12,0.06198353131913502,4.803738066539229,1,[C][C][C][C][C@H1][Branch1][C][C][O][C][C][=Branch1][C][=O][O][C][=C][Branch1][C][O][C][=C][Branch1][C][O][C][C][C][C][=C][Branch1][C][O][C][Branch1][C][O][=C][Ring1][=Branch2][C][=Branch1][C][=O][O][C][Branch1][C][O][=N][C][C][=Branch1][C][=O][O][=C][Ring2][Ring1][N],-0.30910090215979674
515.5600000000004,3.269000000000001,11,7,216.88,11,0.06958498877762995,5.0184275869663555,1,[C][O][C][C][O][C][Branch1][C][O][=N][C][=C][Branch1][C][O][C][C][C][C][C][N][=C][Branch1][C][O][C][Branch1][C][O][=C][Branch1][C][O][C][C][C][=Branch1][C][=O][O][C][Branch1][=Branch1][C][C][C][C][N][=C][Ring2][Ring1][=Branch1][O],-0.3091702029627052
549.6140000000003,3.2321000000000017,12,5,201.63999999999996,19,0.029976721157325487,4.771976334881492,0,[C][C][C][Branch1][C][O][C@@H1][Branch1][C][C][C][Branch1][C][O][=N][C][C][C][C][C][C@@H1][Branch1][C][C][=C][C][Branch1][C][O][=C][Branch1][C][O][C][C][C][=Branch1][C][=O][O][C][=Branch1][C][=O][C@H1][Branch1][C][O][C][O][C][=Branch1][C][=O][O][=C][O][C][Ring2][Ring1][=C],-0.30919486021601417
370.40200000000016,2.07752,7,3,134.61,11,0.30603927218580695,4.222764444535956,1,[C][O][C][Branch1][C][O][C][=C][C][Branch1][C][O][=C][Branch2][Ring1][Branch1][C][C][O][C][Branch1][C][O][=N][C@H1][Branch1][C][C][C][C][C][C][=Branch1][C][=O][O][C][Branch1][C][C][=N][Ring2][Ring1][Ring1][=N][C][Branch1][C][O][=C][Branch1][C][O][C][C][C][=Branch1][C][=O][O],-0.30942020373595497
503.5010000000004,3.2742000000000013,11,5,201.63999999999996,13,0.10635083813773409,4.667510875659142,1,[C][C][C][C][C@H1][Branch1][C][O][=C][C][Branch1][C][O][=C][Branch1][C][O][C][Branch1][C][O][=C][Ring1][=Branch2][C][=Branch1][C][=O][O][C@H1][Branch1][Branch2][C][C][C][=Branch1][C][=O][O][C][C@H1][Branch1][C][C][C][C][=Branch1][C][=O][O][C][Branch1][C][O][=N][O][C][Ring2][Ring1][Branch2],-0.3097591490238833
483.4740000000003,1.7282700000000002,11,9,233.21999999999997,12,0.06405002679801658,5.370713425730136,1,[C][C][C][C][Branch1][C][O][=C][C][Branch1][C][O][=C][C][Branch1][C][O][=C][Ring1][N][C][=Branch1][C][=O][C@@H1][Branch1][C][O][C@@H1][Branch1][C][O][C][C][C][C][C][=Branch1][C][=O][N][C][=C][Branch1][C][O][C][Branch1][C][O][=N][O][C][Ring2][Ring1][Branch2][=N][Ring1][Branch2],-0.3104564149248649
501.5810000000003,1.7221000000000029,8,7,209.14999999999995,17,0.038558290764472064,4.821609727218982,0,[C][C][Branch1][C][C][C][C@H1][Branch1][C][O][C][Branch1][C][O][=N][C][C][C@H1][Branch1][C][O][=N][C][C][C][C][C][C][N][=C][Branch1][C][O][C][Branch1][C][O][=N][C][Branch1][C][O][=N][C][C][=Branch1][C][=O][O][C][=C][Ring2][Ring1][O],-0.31117606566701
549.7060000000002,3.2377400000000014,12,7,194.64,27,0.01995168523074747,4.711741749378206,0,[C][C][C][C][C][C][C][C][C][C][C@H1][Branch1][C][O][C][C@H1][Branch1][C][O][C][C][C@H1][Branch1][Branch1][C][O][=N][O][C][=Branch1][C][=N][O][C][C][=Branch1][C][=O][O][C][C][C][O][=C][Branch1][C][O][C][C][Ring2][Ring1][Branch2][=N][Ring1][=C],-0.3113910643547763
450.4960000000002,3.23918,8,5,195.96999999999997,1,0.2982303043604421,5.295691676721237,1,[C][C][Branch1][C][C][Branch1][C][C][O][C][Branch1][C][C][=N][C][C][C][C][Branch1][C][O][=N][C][C][Branch1][C][O][=N][C][C][C][C][Branch1][Ring1][C][#N][=C][Branch1][C][O][C][Branch1][C][O][=N][C][Branch1][C][O][=N][Ring2][Ring1][Branch2],-0.31180845987240297
488.4420000000003,3.2789,12,6,217.34999999999997,8,0.1642844724288102,5.047606281512453,1,[C][C][C][C][C][C][C@H1][Branch1][C][O][C@@H1][Branch1][C][O][C][C][C][C][=C][C][Branch1][C][O][=C][Branch1][C][O][C][Branch1][C][O][=C][Ring1][N][C][=Branch1][C][=O][O][C][=Branch1][C][=O][O][C][=Branch1][C][=O][O][C][=Branch1][C][=O][O][Ring2][Ring1][N],-0.31241636169701487
512.5800000000004,1.7210899999999993,11,7,200.67,17,0.05265562077086995,4.110126570472316,1,[C][C][Branch1][C][C][C@H1][C][C][C][C][C][=Branch1][C][=O][N][C][=C][Branch1][C][O][C][=C][Branch1][C][O][C][=C][Ring1][Branch2][N][C][C][C][C][=Branch1][C][=O][O][C][C@@H1][Branch1][C][O][C@@H1][Branch1][C][O][C][C][=Branch1][C][=O][O][=N][Ring2][Ring1][N],-0.3125782329209765
516.4960000000003,1.7213999999999998,13,7,220.50999999999996,13,0.0653068374677385,4.513934405148174,1,[C][C][C][C][C][C@H1][Branch1][C][O][C][C][=C][Branch1][C][O][C][=C][Branch1][C][O][C][=Branch1][Ring2][=C][Ring1][Branch2][C][C][Branch1][C][O][=C][Branch1][C][O][C][C][=Branch1][C][=O][O][C][=Branch1][C][=O][O][C][Branch1][C][O][C][=Branch1][C][=O][O][=C][Branch1][C][O][C][Ring2][Ring1][Branch2],-0.3131826075375197
343.46799999999996,2.4748,6,4,106.67,14,0.28626467339782447,4.422639850806112,1,[C][C][C][C][C][C@H1][Branch1][C][O][C@H1][Branch1][C][O][=N][C][C][C][C][C][C][C][C@@H1][Branch1][=Branch1][C][=Branch1][C][=N][O][N][=C][O][Ring1][Branch1][C][=N][C][C][=Branch1][Branch1][=C][O][Ring1][Branch1][C][=N][O][C][C][=Branch1][C][=O][O],-0.31322623532520394
529.5430000000003,1.7304000000000015,13,4,200.94999999999996,4,0.17803540691593106,6.2355236047410925,2,[C][O][C][C][O][C][Branch1][C][O][=N][C][=C][C][C][C@H1][Branch1][C][O][C][C][C][C][C@H1][Branch1][C][N][=C][Branch1][C][O][C][=Branch1][C][=O][O][C][=Branch1][Branch1][=N][Ring2][Ring1][Ring1][O][C][=Ring1][Branch1][C][C][=C][Branch1][C][O][C][O][C][Ring2][Ring1][#Branch1][=O],-0.3134591217304095
519.5000000000005,1.7224000000000008,14,7,213.69999999999996,12,0.11106965244264692,5.409160188900133,1,[C][C][Branch1][C][C][C@H1][Branch1][C][O][C][O][C][C][=Branch1][C][=O][O][C][=C][Branch1][C][O][C][Branch1][C][O][=C][Branch1][Ring1][O][C][C][C][C][=Branch1][C][=O][O][C][C][=C][Branch1][C][O][C][Branch1][C][O][=C][Branch1][C][O][C][C][O][=N][Ring1][N],-0.3134754880369434
531.5550000000004,3.2701000000000002,12,5,201.63999999999996,11,0.08571047839516133,5.432943559482288,1,[C][=C][C][C][C][C][C@H1][Branch1][C][C][C@@H1][Branch1][C][O][C][C][C][C@H1][Branch1][C][O][C@@H1][Branch1][Branch2][C][C][C][=Branch1][C][=O][O][O][C][=Branch1][C][=O][O][C][=Ring1][Branch1][C][O][C][=Branch1][C][=O][O][C][=C][Branch1][C][O][C][Ring2][Ring1][Branch2][=N][O],-0.31443841002651085
470.43100000000027,1.7274999999999996,11,6,207.93,3,0.32714821681430256,5.726856775735198,2,[C][C][C][Branch1][C][O][C@@H1][Branch1][C][C][C@@H1][Branch1][C][O][C][C][C][C][=C][C][Branch1][C][O][=C][Branch1][C][O][C][Branch1][C][O][=C][Ring1][N][C][=Branch1][C][=O][O][C][Branch1][C][O][=N][C][C][=Branch1][C][=O][O][C][Branch1][C][O][=N][Ring2][Ring1][#Branch2],-0.31460817383532813
560.5050000000002,1.7738,15,6,235.80999999999995,9,0.058827693783528076,5.516472132449942,1,[C][C][O][C][=C][C][Branch1][C][O][=C][Branch1][C][O][C][C][C][C][C@H1][Branch1][C][O][C][C][=Branch1][C][=O][O][C][C][=C][Branch1][C][O][C][Branch1][C][O][=C][Ring1][=Branch2][C][=Branch1][C][=O][O][C][=Branch1][C][=O][O][C][Branch1][C][O][C][C][=Branch1][C][=O][O][=C][Ring2][Ring1][Branch2],-0.3146776930448043
483.4700000000002,1.7173,12,6,203.40999999999994,11,0.062308286010571166,5.726211375415207,1,[C][C][C][C][C][Branch1][C][O][=C][C][Branch1][C][O][=C][C][Branch1][C][O][=C][Ring1][N][C][C][C][=Branch1][C][=O][O][C][Branch1][C][O][C][C][=Branch1][C][=O][O][C][Branch1][C][O][C][=N][C][C][=Branch1][Branch1][=C][O][Ring1][#C][C][Ring2][Ring1][#Branch1][=O],-0.3148206632354362
513.4960000000003,1.7152999999999998,11,5,201.64,3,0.27043569723417493,5.55365373480879,2,[C][O][C][Branch1][C][O][=C][C][=C][Branch1][C][O][C][C][Branch1][C][O][=C][Ring1][Branch1][C][C][C][C][C][=Branch1][C][=O][O][C@H1][Branch1][C][O][C@H1][Branch1][C][O][C][C][C][=Branch1][C][=O][N][=C][Branch1][C][O][C][C][C][=Branch1][C][=O][O][C][Ring2][Ring1][Branch2],-0.31503844600937214
509.5120000000003,3.2861800000000008,12,5,203.64999999999998,8,0.13889126391740028,5.674848219375399,2,[C][O][C][C][O][C][Branch1][C][O][=N][C][C][C][C][C][C][C][C][C][Branch1][C][O][=N][C][C][Branch1][Ring1][C][#N][=C][Branch1][C][O][C][Branch1][C][O][=C][Ring1][O][C][=Branch1][C][=O][O][C][Branch1][C][O][=C][Branch1][C][O][C][Ring2][Ring1][Branch2],-0.3150469034286803
486.5260000000004,1.7131000000000032,11,8,223.83999999999997,10,0.0964878044223395,4.929834370104613,1,[C][C][C][C][C][C][Branch1][C][O][=C][C][Branch1][C][O][=C][Branch1][C][N][N][C][Branch1][C][O][N][C][=Branch1][C][=O][O][C][C][Branch1][C][O][=N][C][C][C][C][C][N][=C][Branch1][C][O][C][Branch1][C][O][=N][Ring1][=N][C][Ring2][Ring1][Branch2],-0.3159114627613236
502.5170000000004,3.2902000000000013,11,7,218.92999999999998,11,0.0939773253395636,5.06459441757154,1,[C][C][Branch1][C][O][C][C][C][C][C][C][C@@H1][Branch1][C][O][C][=C][Branch1][C][O][C][C][Branch1][C][O][=C][Branch1][C][O][C][C][C][=Branch1][Ring2][=N][Ring1][N][O][C][=Branch1][C][=O][O][C][Branch1][C][O][=N][C][C][C][=Branch1][C][=O][O],-0.3161200840756568
480.51400000000024,3.284480000000001,11,4,178.89999999999998,6,0.2502404184525801,5.62500673831526,2,[C][C][C][C][C][C@H1][Branch1][C][O][C][C][Branch1][C][O][=N][C@H1][Branch1][C][O][C][C][C][C][C@H1][Branch1][Ring1][C][#N][C][=C][Branch1][C][O][C][Branch1][C][O][=C][Ring1][N][C][=Branch1][C][=O][O][C][=Branch1][C][=O][O][C@H1][Ring2][Ring1][Branch2][C],-0.316202840037847
527.5230000000003,3.279700000000002,12,6,212.63999999999996,14,0.030049324288274604,4.016828938615978,1,[C][C][C][C][C][C][C@@H1][Branch1][C][O][C][Branch1][C][O][=N][C][C][=C][Branch1][C][O][C][C][C][=Branch1][C][=O][O][C][C][=C][Branch1][C][O][C][=C][Branch1][C][O][C][Branch1][C][O][=C][Ring1][=Branch2][C][=Branch1][C][=O][O][C][=Branch1][C][=O][O][C][Ring2][Ring1][=N],-0.31670048392132355
484.4580000000003,1.7108000000000005,9,7,226.77,10,0.10211502156401486,4.410594123049227,1,[C][C][C][Branch1][C][O][C][=C][C][Branch1][C][O][=C][Branch1][C][O][C][Branch1][C][O][=C][Ring1][N][C][=Branch1][C][=O][O][C][C][C][C][C][=Branch1][C][=O][N][=C][Branch1][C][O][C][Branch1][C][O][=N][C][C][C][C][=Branch1][C][=O][O][Ring2][Ring1][N],-0.3172066794000401
514.5720000000003,1.7101999999999995,12,6,195.29999999999998,8,0.12783933194217698,6.310123665398857,2,[C][C][C][C][C][C@H1][Branch1][C][O][C][C][C][C][C@H1][Branch1][C][O][C@@H1][Branch1][C][O][C][C@H1][Branch1][C][O][=C][Branch1][C][O][C][C][C][=Branch1][C][=O][O][C][=C][O][C][=Branch1][Ring2][=N][Ring1][Branch1][C][=C][O][C][Ring2][Ring1][Branch2][=N][O],-0.31726143657242706
500.5450000000004,1.7050999999999996,12,6,187.36999999999998,8,0.12317833887259942,6.409825852115008,2,[C][C][C][C][C][C@H1][Branch1][C][O][C@H1][Branch1][C][O][=N][C][C][C][C][C@@H1][Branch1][C][O][C][=C][Branch1][C][O][C][=Branch1][Ring2][=N][Ring1][Branch2][C][=C][Branch1][C][O][C][C][C][C][=Branch1][C][=O][O][O][C][=Branch1][C][=O][O][C][Ring2][Ring1][Branch2],-0.3179618683112805
355.459,2.84049,6,4,119.03000000000002,9,0.28797239140018716,5.830934734649004,1,[C][C@H1][C][C][C][/C][Branch1][C][O][=N][/C@H1][Branch1][C][O][C][C][C][C][C][C][C@H1][Branch1][C][C][=N][O][N][=C][Branch1][Branch1][Ring1][C][#N][C][C][Branch1][C][O][=N][Ring1][N][C][=Branch1][C][=O][C][C@@H1][Branch1][C][O][C][=Branch1][C][=O][O],-0.3195586849703822
539.5340000000003,1.72519,12,3,193.46999999999994,8,0.17521209333609133,6.512430988466728,2,[O][=C][Branch1][C][O][C][C@H1][C][C][C][C][=C][Branch1][C][O][C][=Branch1][Ring2][=C][Ring1][#Branch1][C][=C][Branch1][Branch1][O][C][O-1][C][C][C][C][C@H1][Branch1][C][O][C][=Branch1][C][=O][O][C][=Branch1][Branch1][=N][O][C][C][C][C][C][=Branch1][C][=O][O][O][C][Ring2][Ring1][=C],-0.31985095654069895
502.46900000000034,1.7003999999999995,12,6,217.34999999999997,10,0.1852698211283649,5.047749298521337,1,[C][C][C][C@H1][Branch1][C][O][C@@H1][Branch1][C][O][C][C][C][C][=C][C][Branch1][C][O][=C][Branch1][C][O][C][Branch1][C][O][=C][Ring1][N][C][=Branch1][C][=O][O][C][C][=Branch1][C][=O][O][C][=Branch1][C][=O][O][C@H1][Branch1][C][C][C][C][=Branch1][C][=O][O],-0.31987811654441156
496.55700000000024,3.300880000000001,10,4,178.89999999999998,4,0.33307309342344527,5.203891316784516,1,[C][C][C][C][C][C@H1][Branch1][C][O][C][C][Branch1][C][O][=N][C][C][C][C][C][C@@H1][Branch1][Ring1][C][#N][C][=C][Branch1][C][O][C][Branch1][C][O][=C][Ring1][=Branch2][C][=Branch1][C][=O][O][C][C@H1][Branch1][C][O][C][=Branch1][C][=O][O][C][Ring2][Ring1][=N],-0.320425999101197
528.6040000000003,3.2884900000000012,12,5,200.5,16,0.04892568415545571,4.766413709327942,0,[C][=C][Branch1][C][C][C@@H1][C][C][C][C][C][=Branch1][C][=O][N][C][=C][Branch1][C][O][C][=C][Branch1][C][N][S][C][Branch1][C][O][=C][Ring1][=Branch2][C][C][=Branch1][C][=O][O][C][=Branch1][C][=O][O][C][C@H1][Branch1][C][C][C][C][=Branch1][C][=O][O][=N][Ring2][Ring1][Branch2],-0.32054234054177677
499.46900000000034,3.302080000000002,13,7,227.22999999999996,15,0.05643961053127955,4.6578042304828795,0,[C][O][C][Branch1][C][O][=C][C][Branch1][C][O][C][C][C][C][C][Branch1][C][O][=C][Branch1][C][O][C][C][=Branch1][C][=O][O][C][Branch1][C][O][=C][Branch1][Ring1][C][#N][C][C][C][=Branch1][C][=O][O][C][Branch1][C][O][=C][C][Branch1][C][O][=C][Ring1][=Branch2],-0.3208337576814517
516.5040000000002,1.7014999999999998,13,6,210.51999999999995,7,0.17324245714854944,5.883940060169936,2,[C][C][O][C][Branch1][C][O][=N][C][C][C][C][C][C@H1][Branch1][C][O][C][=C][Branch1][C][O][C][=C][Branch1][C][O][C][=Branch1][Ring2][=N][Ring1][Branch2][N][C][=Branch1][C][=O][O][C][C@@H1][Branch1][C][O][C][C][C][=Branch1][C][=O][O][=N][O][C][Ring2][Ring1][Branch2],-0.32110105584379517
509.4840000000003,1.6970999999999992,12,5,195.26999999999998,12,0.20231763472047243,4.553901452732914,2,[C][O][C][Branch1][C][O][=C][C][Branch1][C][O][=C][Branch1][C][O][C][=C][Ring1][Branch2][C][C][=Branch1][C][=O][O][C][C][=Branch1][C][=O][O][C][C][Branch1][C][O-1][C][Branch1][C][C][C][C][C][C][=C][C][Branch1][C][O][=C][Branch1][C][O][C][Branch1][C][O][=C][Ring1][=Branch2],-0.3217196460025409
495.4810000000002,3.304900000000001,11,6,195.56999999999996,3,0.14538752672927896,5.6969350248589885,2,[C][O][C][Branch1][C][O][=N][C][=C][Branch1][C][O][C][C][Branch1][C][O][=C][Ring1][Branch1][C][C][C][C][=Branch1][C][=O][C][C][=C][Branch1][C][O][C][Branch1][C][O][=C][Branch1][C][O][C][C][=Branch1][C][=O][O][C][Branch1][C][O][C][C][C][=C][Ring2][Ring1][=Branch1],-0.32208683152839424
521.6080000000003,1.7012700000000007,12,6,192.37999999999997,7,0.12357249933039595,5.50945868091386,1,[C][O][C][Branch1][C][O][C][C][O][C][Branch1][C][O][=N][C][C][C][C][C][C][C][C][C][C@H1][Branch1][C][C][C@@H1][Branch1][C][O][=N][O][C][=Branch1][C][=N][O][=C][Branch1][C][O][C][C][C][=Branch1][C][=O][O][C][Ring2][Ring1][Branch2],-0.32240155198137593
529.5390000000004,3.2933699999999995,13,8,227.28999999999996,18,0.018689280779558205,4.946124989616154,0,[C][O][C][Branch1][C][O][=C][C][=C][Branch1][C][O][C][Branch1][C][O][=C][Ring1][=Branch2][C][=Branch1][C][=O][O][C@H1][Branch1][C][O][C@H1][Branch1][C][O][C][C][C][C][C][C][C][C][=C][C][Branch1][C][O][=C][Branch1][C][O][C][C][=Branch1][C][=O][O][C][Ring2][Ring1][=Branch1][=N],-0.32280019081159167
531.5590000000003,1.7068000000000016,13,8,225.77999999999997,9,0.052983377030114666,6.090480874551153,1,[C][O][C][Branch1][C][O][=N][C@H1][Branch1][C][O][C][/C][=C][\C][Branch1][C][C][O][=N][/O][C][C][C][=C][Branch1][C][O][C][Branch1][C][O][=C][Branch1][C][O][C][C][C][C][=Branch1][C][=O][O][=C][Branch1][C][O][C][C][C][=C][Ring2][Ring1][Ring2][=N][Ring1][Branch2],-0.3234972647859633
557.6410000000004,3.2567000000000013,11,6,199.72999999999996,17,0.03828073749531952,5.2719737820090815,1,[C][C][C@@H1][Branch1][C][O][C][Branch1][C][C][C][C][Branch1][C][O][=N][C][C][C][C][C][C][C][C@H1][Branch1][#Branch1][C][C][=Branch1][C][=O][O][=N][O][C][=Branch1][Ring2][=N][Ring1][N][O][C][=Branch1][C][=O][C][O][C][C][C][=C][C][Branch1][C][O][=C][Branch1][C][O],-0.3238906017839982
497.4970000000004,1.6901000000000006,12,5,181.07999999999998,5,0.21089171742998492,6.36416134909263,2,[C][C][C][Branch1][C][O][C][=C][C][Branch1][C][O][=C][Branch1][C][O][C][C][C][=C][Branch1][C][O][C][Branch1][C][O][=C][Ring1][=Branch2][C][C][=Branch1][C][=O][O][C][C][Branch1][=Branch1][C][C][=Branch1][C][=O][O][=N][C][C][C][=Branch1][C][=O][O][=C][Ring2][Ring1][=Branch2],-0.32399867536148946
530.5750000000003,1.7028700000000005,12,5,223.40999999999994,9,0.1254561315963794,5.52228178405211,1,[O][=C][Branch1][C][O][C][C][C][C][C][C][C][C][C][C@H1][Branch1][C][O][C][C][C@H1][Branch1][C][O][C@H1][Branch1][#Branch1][O][C][Branch1][C][N][=O][/C][=N][O][C][C][=Branch1][Branch1][=N][O][C][=Branch1][C][=O][O][C][C][C][Ring2][Ring1][N][=N],-0.32466277951745554
498.48100000000034,1.688,11,4,186.12,9,0.16724233615274814,4.4141797363974495,2,[C][C][O][C][=Branch1][C][=O][C][C][C][C][C][C@H1][Branch1][C][O][C][C][=C][C][Branch1][C][O][=C][Branch1][C][O][C][Branch1][C][O][=C][Ring1][=Branch2][C][C][=Branch1][C][=O][O][C@H1][Branch1][#Branch1][C][C][=Branch1][C][=O][O][C][=Branch1][C][=O][O][C][Ring2][Ring1][Branch2],-0.3248142075771933
502.51700000000034,1.6871,11,5,196.93,12,0.1922008063451994,5.590604044778173,1,[C][C][Branch1][C][C][C][C@H1][Branch1][C][O][C@@H1][Branch1][C][O][C@H1][Branch1][C][O][C][O][C][=C][Branch1][C][O][C][C][C][C][=Branch1][C][=O][O][C][=C][Branch1][C][O][C][C][C][C][=Branch1][C][=O][N][=C][O][C][Branch1][C][O][=N][Ring1][N],-0.3251989648753513
519.5920000000003,1.6927000000000005,12,6,190.60999999999996,10,0.18107784577556307,5.344776811731867,1,[C][C][Branch1][C][C][C][C][C][C][C][C][C@H1][Branch1][C][O][C][C@H1][Branch1][C][O][=N][C][C][C][C@@H1][Branch1][C][O][=N][C][C][C][=Branch1][C][=O][O][O][C][=Branch1][C][=O][C][Branch1][C][O][=N][O][C][Branch1][C][O][=C][Ring2][Ring1][=Branch1],-0.3252886598945618
530.6670000000001,1.7013000000000031,11,7,231.58999999999995,5,0.25407315828860144,5.49054382828745,1,[C][C][C][C][C][C][C][C][Branch1][C][O][C][Branch1][C][O][=N][C][C][C][C][C][C][C][C@H1][Branch1][C][N][=C][Branch1][C][O][C][Branch1][C][N][=N][C][Branch1][Branch2][C][C][=Branch1][C][=O][O][=N][O][N][=C][Branch1][C][O][C][Ring2][Ring1][P],-0.3253142018971801
520.5390000000003,3.3072800000000013,11,5,206.77999999999994,5,0.26378111240596397,5.984015637802891,2,[C][C][C][C][C][C][Branch1][C][O][C][Branch1][C][O][=N][C][C][Branch1][C][O][=N][C][C][C][C][Branch1][C][O][=N][C][C][Branch1][Ring1][C][#N][=C][Branch1][C][O][C][C][C][=C][Branch1][C][O][C][Branch1][C][O][=C][Ring1][=Branch2][C][=Branch1][C][=O][O][Ring2][Ring1][=N],-0.3255143035689836
527.6190000000004,3.3027000000000015,8,5,198.48,6,0.25573706609621183,4.963835199975965,1,[C][C][Branch1][C][C][C][C][O][C][C][C][C][C][Branch1][C][O][=N][C][C][Branch1][C][O][=N][C][C][C][C][C][C][N][=C][Branch1][C][O][C][Branch1][C][O][=N][C][Branch1][C][O][=N][C][C][=Branch1][C][=O][O][=C][Ring2][Ring1][=N],-0.32579687390151624
543.5220000000005,1.7146999999999997,12,5,218.70999999999995,16,0.05011496371627406,4.096371819202174,1,[C][C][C][Branch1][C][C][O][C][=C][C][Branch1][C][O][=C][C][Branch1][C][O][=C][Ring1][Branch2][C][C][=Branch1][C][=O][O][C][C][C][C][=Branch1][C][=O][O][C][Branch1][C][O][=N][C][C][=Branch1][C][=O][O][=C][Branch1][C][O][C][C][C][C][=Branch1][C][=O][O][Ring2][Ring1][#Branch2],-0.32595710198736316
525.5070000000004,3.3051000000000013,11,3,184.07999999999996,16,0.16231861645793913,4.811623352730603,2,[O][=C][Branch1][C][O][C][C][C][C][=C][C][=Branch1][Ring2][=C][Ring1][=Branch1][C][=C][O][C][=Branch1][Ring2][=N][Ring1][Branch1][C][=C][O][C][Branch1][C][O][C][C][O][C][=Branch1][C][=O][O][C][C@H1][Branch1][Branch2][C][O][C][=Branch1][C][=O][O][C][C][O][C][Ring2][Ring1][Branch2],-0.3260555010975898
545.6260000000004,3.2829000000000015,12,4,181.41,24,0.013341507619850286,4.990992895967465,0,[C][=C][C][C][C][C][C@H1][Branch1][C][C][C@@H1][Branch1][C][O][C][C][C][C@H1][Branch1][C][O][C][=C][Branch1][C][O][C][C][C][C][=Branch1][C][=O][O][=C][Branch1][Branch2][O][C][C][C][=Branch1][C][=O][O][C][C][=Branch1][C][=O][O][C][Ring2][Ring1][N][=N][O],-0.3261841705294733
534.5590000000003,1.702600000000001,14,9,227.49999999999994,8,0.12265648113609301,5.757993593515355,1,[C][C][C][C][C][C@H1][Branch1][C][O][C@H1][Branch1][C][O][C][C@@H1][Branch1][C][O][=N][C][C][C][C][=Branch1][C][=O][O][C][=C][Branch1][C][O][C][=C][Branch1][C][O][C][C][=Branch1][C][=O][O][C][Branch1][C][O][=C][Branch1][C][O][C][C][=Ring2][Ring1][Branch2][=N][O],-0.32636295672762833
472.51200000000034,3.3053000000000017,10,4,167.65999999999997,5,0.3420535724649629,5.270375427425927,1,[C][C][C][C][C@H1][Branch1][C][C][O][C][=Branch1][C][=O][C][=C][Branch1][C][O][C][=C][Branch1][C][O][C][Branch1][C][O][=C][Ring1][N][C][=Branch1][C][=O][C@@H1][Branch1][Branch2][C][C][C][=Branch1][C][=O][O][C][C][=Branch1][C][=O][O][S][C][Ring2][Ring1][=N],-0.3267776843298826
515.5640000000005,1.6854999999999989,13,4,188.03999999999996,4,0.14014250001481057,6.678080369996696,2,[C][C][Branch1][C][C][Branch1][C][C][O][C][Branch1][C][N][=N][C][=C][O][C][Branch1][C][O][C][C][C][C@@H1][Branch1][C][O][C][C][C][C][C][C][C][C][=Branch1][C][=O][O][O][C][=N][O][C][Ring2][Ring1][Ring2][=N][O][=N][Ring2][Ring1][=Branch1],-0.32728365737384496
498.5250000000004,3.320000000000001,11,7,194.20999999999998,5,0.21695250620195838,5.433148133846999,2,[C][C][C][C][C][C][Branch1][C][O][C][C][C][C][=C][C][Branch1][C][O][=C][Branch1][C][O][C][Branch1][C][O][=C][Ring1][N][C][C][=Branch1][C][=O][O][=C][Branch1][C][O][C][C][Branch1][C][O][=C][Branch1][C][O][C][C][=Branch1][C][=O][O][C][Ring2][Ring1][N],-0.3280132657378361
532.6790000000003,3.306490000000001,12,4,152.45999999999998,21,0.07494079617173283,5.324469225370676,1,[C][C][C][C][C][C][C][C][C][C][C@H1][Branch1][C][O][C][C@H1][Branch1][C][O][C][C][C@H1][Branch1][Branch1][C][O][C][C@H1][Branch1][C][O][C][C@H1][Branch1][Ring2][N][=N][Ring1][N][=N][O][C][=Branch1][C][=O][O][C][O][=N][C][Ring2][Ring1][O],-0.3291501897006902
458.54800000000023,3.2982000000000005,8,5,153.75,6,0.37713857231297726,4.648909469668665,1,[C][C][C][C][C][C][C][C][C][C@H1][Branch1][C][O][C][C@H1][Branch1][C][O][C][C][C][C@H1][Branch1][Branch2][O][C][C][=Branch1][C][=O][O][C][=C][Branch1][C][O][C][Branch1][C][O][=C][Ring1][N][C][=Branch1][C][=O][O][Ring2][Ring1][N][O],-0.32986783962065785
508.6090000000003,1.6750000000000003,12,9,212.52999999999994,21,0.015888181668630146,4.882368830527005,0,[C][C][C][C][C][C@H1][Branch1][C][O][C][C][C][C@H1][Branch1][C][O][=N][C@@H1][Branch1][C][O][C][C][C][C][C@@H1][Branch1][C][O][=C][Branch1][C][O][C][Branch1][C][O][=C][Branch1][C][O][C][C][C][=Branch1][C][=O][O][C][Ring2][Ring1][N][=N][O],-0.33044887580985954
525.5750000000003,3.3169700000000018,11,5,199.12999999999997,16,0.04942167289141515,5.253215884362943,1,[C][C][C][C@H1][Branch1][C][C][O][C][C][C][Branch1][C][O][=N][C][C][C][C][C][C@@H1][Branch1][Ring1][C][#N][=C][Branch1][C][O][C][Branch1][C][O][=C][Ring1][=Branch2][C][=Branch1][C][=O][O][C][=Branch1][C][=O][O][C@H1][Ring2][Ring1][#Branch1][C][=C][Branch1][C][O][C][C][O],-0.33076686569848635
500.52100000000036,1.6730599999999995,12,6,196.06,6,0.2901968552881622,5.722238336276149,1,[C][C][Branch1][C][C][C@H1][C][C@H1][Branch1][C][O][C][/C][=C][\C][=C][Branch1][C][O][C][Branch1][C][O][=C][Branch1][C][O][C][C][C][=Branch1][C][=O][O][C][C@H1][Branch1][C][O][C][O][=C][Branch1][C][O][C][C][=Branch1][C][=O][O][C][Ring2][Ring1][=Branch1][=N][Ring1][N],-0.3307776412335031
496.51700000000034,1.6730000000000003,12,6,205.51999999999995,2,0.30486285723616013,5.342436254042177,2,[C][O][C][Branch1][C][O][=N][C][=C][Branch1][C][O][C][=C][Ring1][#Branch1][C][C][C][=Branch1][C][=O][N][C][C][C][C][C][C][Branch1][C][N][=N][C][Branch1][C][O][=C][Branch1][C][O][C][C][=Branch1][C][=O][O][C][Branch1][C][O][C][C][Ring2][Ring1][Branch2],-0.33087333702793265
496.46500000000026,3.3284000000000002,12,7,203.43999999999997,1,0.2612071926241687,6.007836964592286,2,[C][C][C][C][Branch1][C][O][C][=C][C][Branch1][C][O][=C][Branch1][C][O][C][Branch1][C][O][=C][Ring1][N][C][C][C][C][=C][C][Branch1][C][O][=C][Branch1][C][O][C][=Branch1][C][=O][O][C][Branch1][C][O][=C][Branch1][C][O][C][C][=Branch1][C][=O][O][=C][Ring2][Ring1][=Branch2],-0.33143541527724535
505.5810000000003,1.6706000000000003,11,6,189.2,12,0.12848787701314804,5.569964379396443,1,[C][O][C][Branch1][C][O][O][=C][Branch1][C][O][C][Branch1][C][O][C][C][C][C][C][C][C][C][C@@H1][Branch1][C][C][C@H1][Branch1][Ring1][C][O-1][C][=C][Branch1][C][O][C][Branch1][C][O][=C][Branch1][C][O][C][=Branch1][C][=O][O][C][C][C][Ring2][Ring1][Ring2],-0.3319477185401339
502.5650000000002,1.6699000000000022,9,7,213.85999999999999,15,0.042915077230349694,5.34833038986328,0,[C][C][C@H1][Branch1][C][O][C@@H1][Branch1][C][C][C][=Branch1][C][=O][N][=C][Branch1][C][O][C][N][=C][Branch1][C][O][C][C][N][C][=C][Branch1][C][O][N][=C][Branch1][Ring2][O][Ring1][Branch1][C][Branch1][C][C][C][C][=Branch1][C][=O][O][C][Branch1][C][O][C][Branch1][C][C][C],-0.33207962674635644
509.5600000000004,3.329460000000002,10,4,210.33999999999995,16,0.05947009434024299,5.023756748526445,0,[C][C][C][Branch1][C][O][C][Branch1][C][C][C][C][Branch1][C][C][=C][Branch1][C][O][C][Branch1][C][C][=N][O][C][Branch1][Ring1][C][#N][C][C][Branch1][C][O][=N][C][Branch1][C][O][=N][O][C][C][C][C][C][=Branch1][C][=O][O][C][Branch1][Ring1][C][#N],-0.3323344656456813
516.5480000000002,3.326970000000001,12,6,208.23,12,0.07323058023450164,5.896207706836763,1,[C][C][C][C][C][C][C@H1][Branch1][C][C][O][C][Branch1][C][O][=N][C][C][=N][C][Branch2][Ring1][Ring1][C][=C][Branch1][C][O][C][Branch1][C][O][=C][Branch1][C][O][C][O][C][=Branch1][Ring2][=N][Ring1][Branch2][O][C][C][O][C][Branch1][C][O][=N][O][C][Ring2][Ring1][Branch2],-0.332439537600449
439.51300000000015,3.2741800000000003,9,4,161.27999999999997,4,0.29463362466191784,5.093621892863471,1,[C][O][C][C][C][C][Branch1][C][O][=N][C][Branch1][C][O][=N][C][C][C][C][C][C@@H1][Branch1][C][C][C@H1][Branch1][C][C][C][O][=N][C][Branch1][Ring1][C][#N][=C][Branch1][C][O][C][Branch1][C][O][=N][Ring2][Ring1][=Branch1][O][C],-0.33246271408986605
540.6100000000004,3.3067,11,7,206.29999999999995,19,0.10001469314875411,4.930588073482258,2,[C][C][C][C][C][C@H1][Branch1][C][O][C@@H1][Branch1][C][O][C][C][C][C][C][C][C@H1][Branch1][C][O][=C][Branch1][C][O][C][C][=Branch1][Ring2][=N][Ring1][Branch1][C][=C][O][C][=Branch1][Ring2][=N][Ring1][Branch1][C][=C][O][C][Branch1][C][O][=C][Branch1][C][O][C][C][=Branch1][C][=O][O],-0.3327447532268543
479.57100000000037,1.6726000000000008,10,7,210.31,18,0.04965004564973473,4.898286769784116,0,[C][O][C][Branch1][C][O][=N][C][=C][Branch1][C][O][C][C][C][C@H1][Branch1][C][O][C@H1][Branch1][C][O][C][C][C][C][C][C][C][C@H1][Branch1][C][O][=C][Branch1][#Branch1][O][C][Branch1][C][N][=O][C@H1][Branch1][C][C][O][=N][Ring2][Ring1][=Branch1],-0.33347248426819226
487.5020000000003,1.6685000000000003,10,3,178.24999999999997,15,0.0581649094257091,4.379418975120233,0,[C][O][C][Branch1][C][O][=C][C][=C][Branch1][#Branch1][C][=Branch1][C][=O][O][C][C][C][C][C][C@H1][Branch1][C][C][C@@H1][Branch1][C][O][C][C][=Branch1][C][=O][N][=C][Branch1][Branch2][O][C][C][=Branch1][C][=O][O][C][C][=Branch1][C][=O][O][C][Ring2][Ring1][#Branch2],-0.3335379438924452
529.5430000000005,3.323500000000002,13,6,208.95999999999995,15,0.04505203964279805,4.976595170102923,1,[C][C][C][C][C][C][C][C][O][C][=C][C][Branch1][C][O][=C][Branch1][C][O][C][Branch1][C][O][=C][Ring1][N][C][=Branch1][C][=O][O][C][Branch1][C][O][=N][O][C][C][C][C][C][=Branch1][C][=O][O][=N][C][C][Ring2][Ring1][Branch2][=N][O],-0.3346573103878064
459.53600000000034,1.6866900000000002,10,6,165.77999999999997,12,0.10938166340296165,5.054655450751992,1,[C][C][C][C][C][C@H1][Branch1][C][O][C@H1][Branch1][C][O][C][C@H1][Branch1][C][O][=N][C@H1][Branch1][C][C][C][C][C][C][C@@H1][Branch1][C][O][=C][C][Branch1][C][O][=C][Ring1][=Branch2][C][=Branch1][C][=O][O][C][=Branch1][C][=O][O][C@H1][Ring2][Ring1][O],-0.33523878976037336
527.5670000000005,1.6709999999999998,11,5,183.28999999999996,6,0.1915540737407551,5.541003879360431,2,[C][C][C][C][C][C@H1][Branch1][C][O][C][C][C][C@H1][Branch1][C][O][=N][C][=C][Branch1][Branch1][C][O][C][=C][Branch1][C][O][C][Branch1][C][O][=C][Ring1][N][C][=Branch1][C][=O][C@H1][Branch1][Branch2][C][C][C][=Branch1][C][=O][O][C][=Branch1][C][=O][O][C][Ring2][Ring2][Ring1][O],-0.33615222438056264
529.5870000000003,3.327400000000001,11,5,200.05999999999997,12,0.10801635328519935,4.820031266199464,1,[C][C][Branch1][C][C][Branch1][C][C][O][C][Branch1][C][O][=N][C][C][C][C][C][C][C][C][Branch1][Ring1][C][O][=N][C][Branch1][C][O][=N][C][C][Branch1][C][O][=C][Branch1][C][O][C][C][=Branch1][C][=O][O][=C][Ring1][N][C][C][C][=Branch1][C][=O][O],-0.336208393524017
501.5050000000002,1.6588000000000005,12,7,217.26999999999998,14,0.059407928603962636,4.979716730682634,1,[C][C][C][Branch1][C][O][C][=C][C][Branch1][C][O][=C][Ring1][#Branch1][C][C][=Branch1][C][=O][O][C][C][C][C][Branch1][C][O][=C][Branch1][C][O][C][Branch1][C][O][=C][Branch1][C][O][C][C][C][=Branch1][C][=O][O][C][Branch1][C][O-1][C][Branch1][C][O][C][C][Ring2][Ring1][Branch2],-0.3364934627893978
514.4800000000004,3.3412000000000024,13,7,220.50999999999996,13,0.08116820768968393,3.876411917155611,1,[C][O][C][=C][C][Branch1][C][O][=C][Branch1][C][O][C][C][Branch1][C][O][=C][Ring1][=Branch2][C][=Branch1][C][=O][O][C][C][C][=Branch1][C][=O][C][C][Branch1][C][O][=C][Branch1][C][O][C][Branch1][C][O][=C][Branch1][C][O][C][C][C][C][C][=Branch1][C][=O][O][=C][Ring2][Ring1][Branch2],-0.3377239582854623
499.5570000000003,3.3458000000000023,10,4,172.17999999999998,19,0.030164068121058544,4.845264558146866,0,[C][O][C][Branch1][C][O][=C][C][=C][Branch1][=Branch1][C][=Branch1][C][=O][O][C][C][C][C][C][C@H1][Branch1][C][C][=C][Branch1][C][O][C][Branch1][C][O][=C][Branch1][Ring2][N][=C][Ring1][=Branch2][C][=Branch1][C][=O][O][C@H1][Branch1][#Branch1][C][C][C][C][=Branch1][C][=O][O][C][Ring2][Ring1][=N],-0.3383211601363424
501.5370000000003,1.6538700000000013,11,5,223.87999999999997,20,0.053636871659395916,4.381236845247147,0,[O][=C][Branch1][C][O][C][C][C][C][C][C][C][C][C@H1][Branch1][C][O][N][=N][C][C][N][=C][Branch1][C][O][C][Branch1][C][O][=N][C][C][=Branch1][Ring2][=N][Ring1][N][C][=Branch1][C][=O][C][O][C][C][=Branch1][C][=O][O][C][Ring2][Ring1][Branch2],-0.33846595955871195
418.35500000000013,1.7572,11,7,211.08999999999997,1,0.18504873630728125,5.064998874010831,1,[C][O][C][Branch1][C][O][=N][C][=C][Branch1][C][O][C][C][C@@H1][Branch1][C][O][C][C][C][C][Branch1][C][O][=C][Branch1][C][O][C][Branch1][C][O][=C][Branch1][C][O][C][=Branch1][C][=O][O][C][Branch1][C][O][=N][Ring2][Ring1][=Branch1],-0.3390338014121894
358.5230000000002,2.967900000000001,5,4,108.3,11,0.14924914969371,4.49538908787841,1,[C][C][C@@H1][Branch1][C][O][C][C][C][C][C][Branch1][C][O][C][Branch1][C][O][=N][C][C][C][C][C@@H1][Branch1][C][C][C][C][C@H1][Branch1][Ring2][C][O][=N][Ring1][Branch2][O][C][=Branch1][C][=O][C][C][C][C][=Branch1][C][=O][O][C][Branch1][C][O][=C][O][C][Branch1][C][O][O][Ring1][N],-0.339251870615329
566.6040000000002,1.7197999999999996,13,7,229.42999999999998,1,0.08468809836339708,5.142797133454449,2,[C][C][Branch1][C][C][C@H1][C][C][C][C][C][=Branch1][C][=O][C@@H1][Branch1][C][O][C][C@H1][Branch1][C][O][C][C][C][=C][Branch1][C][O][C][=C][Branch1][C][O][C][Branch1][C][O][=C][Ring1][=Branch2][C][=Branch1][C][=O][O][C][C][=Branch1][C][=O][O][=C][C][Branch1][C][O][=C][C][Ring2][Ring2][Ring1][=N][=N],-0.3393203466696334
499.5130000000004,1.6511,11,6,195.56999999999996,6,0.2907225417842949,5.563567428173943,2,[C][C][C][Branch1][C][O][C][O][C][C][Branch1][C][O][C][C][C][C][C][=C][C][Branch1][C][O][=C][Branch1][C][O][C][Branch1][C][O][=C][Ring1][N][C][C][=Branch1][C][=O][O][C][Branch1][C][O][=N][C][C][C][=Branch1][C][=O][O][C][Ring2][Ring1][#Branch2],-0.33956139691666953
547.6620000000003,1.6843899999999994,11,6,183.20999999999998,10,0.1727677249621852,5.833029759439997,1,[C][C][C@H1][C][C][C@H1][Branch1][C][O][C@H1][Branch1][C][C][C@@H1][Branch1][C][O][C][C][C][C][C@@H1][Branch1][C][O][C][=C][Branch1][C][O][C][C][=Branch1][C][=O][O][C][C@@H1][Branch1][C][O][C][C][C][=Branch1][C][=O][O][=C][Branch1][C][O][C][C][O][=C][Ring2][Ring1][Branch2],-0.3398849989511162
469.4870000000003,3.335980000000001,11,6,197.76999999999998,3,0.33130436449126843,5.280301338536491,1,[C][C][C][Branch1][C][O][C][C][C][C][C][Branch1][C][O][=C][C][Branch1][C][O][=C][Branch1][C][O][C][C][C][C][C][Branch1][C][O][=C][Branch1][C][O][C][C][=Branch1][C][=O][O][C][Branch1][Ring1][C][#N][C][=Branch1][C][=O][O][Ring2][Ring1][N],-0.3399149633952589
517.5800000000004,1.6541700000000026,11,7,226.70999999999998,20,0.03082632163234139,4.7178284971171,0,[C][C][C][C][C][C@H1][Branch1][C][O][C@H1][Branch1][C][O][=N][C][C][C][C][C][N][=C][Branch1][C][O][C][Branch1][C][O][=N][C][C][C][=Branch1][C][=O][O][C][Branch1][Branch2][C][C][C][=Branch1][C][=O][O][=N][O][C][Ring2][Ring1][N][=N],-0.34015403543688755
483.4260000000003,3.3473000000000006,12,7,215.79999999999995,8,0.06602812933633255,5.026936471034684,1,[C][O][C][Branch1][C][O][=N][C][=C][Branch1][C][O][C][C][C][C][C][Branch1][C][O][=C][Branch1][C][C][C][=C][Branch1][C][O][C][Branch1][C][O][=C][Ring1][N][C][=Branch1][C][=O][O][C][=Branch1][C][=O][C][Branch1][C][O][=C][O][C][Branch1][C][O][=C][Ring1][P],-0.340537158477603
465.5910000000004,3.3354000000000017,8,4,146.95999999999998,14,0.07679065666111387,6.1541118856959525,2,[C][C@@H1][Branch1][C][O][C][C][C][C][C][C][Branch1][C][O][=N][C][C][=C][Branch1][C][O][C][=C][Branch1][C][O][C][C][C][N][=C][Branch1][Ring2][C][Ring1][Branch1][C][Branch1][C][=N][Ring1][Branch2][O][C][C@@H1][Branch1][Ring1][C][C][=Branch1][C][=O][O][O][C][C][Ring2][Ring1][Branch2][=O],-0.3411727168517441
547.6500000000003,3.3191700000000015,12,6,196.53999999999996,8,0.19249718797603874,5.722271553271273,1,[C][C][Branch1][C][C][Branch1][C][C][C][C][C@@H1][Branch1][C][O][C][C][C][C][C][C@H1][Branch1][C][O][=N][C][Branch1][C][O][=N][C][C][C][C][=Branch1][C][=N][O][C][Branch1][C][O][=N][O][C][C][C][=Branch1][C][=O][O][C][Branch1][C][C][O][=N][Ring2][Ring1][Branch2],-0.3412453783188873
501.48500000000035,1.6468999999999998,11,7,223.63999999999996,14,0.06349668270250135,4.0112305627776,1,[C][C][C][Branch1][C][O][C][=C][C][Branch1][C][O][=C][Branch1][C][O][C][Branch1][C][O][=C][Ring1][=Branch2][C][=Branch1][C][=O][O][C][C][C][C][Branch1][C][O][C][C][=Branch1][C][=O][O][C][Branch1][C][O][=N][C][C][C][C][C][=Branch1][C][=O][O],-0.34125292452959294
520.5280000000002,1.6530000000000002,13,7,212.66999999999996,7,0.14463529321010726,5.482197297846348,1,[C][O][C][Branch1][C][O][C][O][C][Branch1][C][O][=C][Branch1][C][O][C][C][C][C][C][=Branch1][C][=O][O][C][Branch1][C][O][C][Branch1][C][O][C][C][C][C][C][=Branch1][C][=O][C][C][=C][Branch1][C][O][C][Branch1][C][O][=C][O][C][Ring2][Ring1][Branch2],-0.3412785301421699
543.5220000000004,1.6744999999999994,13,5,218.70999999999995,3,0.148168409414052,5.241778378660626,1,[C][O][C][Branch1][C][O][=N][C][=C][Branch1][C][O][C][C][Branch1][C][O][=C][Ring1][Branch2][C][=Branch1][C][=O][O][C@H1][Branch1][C][O][C][C][C][=Branch1][C][=O][C][C][C][C@H1][Branch1][C][O][C][=Branch1][C][=O][C][=C][Branch1][C][O][C][C][C][C][=Branch1][C][=O][O][=C][Ring2][Ring1][N],-0.34148015745574484
528.5070000000004,3.3450000000000015,12,7,212.66999999999996,13,0.10387386009952196,4.80597940015444,1,[C][C][=C][C][Branch1][C][O][C][C][Branch1][C][O][=C][Branch1][C][O][C][C][C][=C][Branch1][C][O][C][=Branch1][Ring2][=C][Ring1][Branch2][O][C][C][Branch1][C][O][=C][Branch1][C][O][C][C][=Branch1][C][=O][O][C][C][Branch1][Branch2][O][C][C][=Branch1][C][=O][O][=C][Branch1][C][O][C][Ring2][Ring1][=Branch1],-0.34277484767117977
514.4840000000004,1.6451,13,7,238.65999999999994,12,0.04898131354460051,4.827726923690528,1,[C][O][C][Branch1][C][O][=C][C][Branch1][C][O][=C][Branch1][C][O][C][C][C][C][C][=C][Branch1][C][C][C@@H1][Branch1][C][O][=C][C][Branch1][C][O][=C][Branch1][C][N][N][=C][Ring1][Branch2][C][=Branch1][C][=O][O][C][=Branch1][C][=O][C][C@@H1][Branch1][C][O][C][=Branch1][C][=O][O],-0.34318477038470113
520.6680000000003,1.6482000000000028,10,7,209.94999999999996,22,0.027377660217184387,4.584468638229971,0,[C][C][Branch1][C][C][C][C][C][C][C][C][C@H1][Branch1][C][O][C][C@H1][Branch1][C][O][=N][C][C][C][Branch1][C][O][=N][C][C][C][C][C@H1][Branch1][#Branch1][C][Branch1][C][N][=O][N][=C][Branch1][C][O][C][O][C][=Branch1][C][=O][O][=N][Ring2][Ring1][O],-0.3432182735461492
503.50100000000026,3.357870000000002,12,6,213.13,17,0.03204638960856172,5.040122659619863,0,[C][C][C][C][C@H1][Branch1][C][C][O][C][=C][Branch1][C][O][C][=C][Branch1][C][O][C][Branch1][C][O][=C][Ring1][N][C][C][C][=Branch1][C][=O][O][C@H1][Branch1][C][O][C@H1][Branch1][Branch2][C][O][C][=Branch1][C][=O][O][C][C][=Branch1][C][=O][O][C][=Branch1][Ring2][=N],-0.3432194311340786
456.40400000000034,1.669570000000001,13,8,233.07999999999998,2,0.1682711961608742,5.820967111453003,2,[C][O][C][Branch1][C][O][=C][C][Branch1][C][O][=C][Branch1][C][O][C][C][C][Branch1][C][O][=C][Branch1][C][O][C][Branch1][C][O][=C][Ring1][=C][C][=Branch1][C][=O][O][C][C][Branch1][#Branch1][C][=Branch1][C][=O][O][=N][C][C][C][C][Ring2][Ring1][=Branch1][=N],-0.34342492985803985
416.42700000000013,1.7499000000000002,10,4,177.96999999999997,13,0.039759705470839846,4.5946961262809936,0,[C][O][C][Branch1][C][O][=N][C][=C][C][Branch1][C][O][=C][Branch1][C][O][C][C][C][C][C][C][C@@H1][Branch1][#Branch1][C][=Branch1][C][=O][O][=N][C@H1][Branch1][#Branch1][C][=Branch1][C][=O][O][C][=Branch1][C][=O][C][C][=Branch1][Branch1][=C][O][C][Branch1][C][O][C][C][O][C][Ring2][Ring1][=Branch1][=O],-0.34345565494834973
559.6090000000004,3.3053000000000017,12,8,215.46999999999997,17,0.04223422142676977,5.1504620385104385,1,[C][C][Branch1][C][C][O][C][O][C][C][C][C][C][C@H1][Branch1][C][O][=N][C][C][C][=C][Branch1][C][O][C][Branch1][C][O][=C][Branch1][C][O][C][C][C][C][=Branch1][C][=O][O][C][C][=C][Branch1][C][O][C][Branch1][C][O][=C][Ring1][N][C][=Branch1][C][=O][O][Ring2][Ring1][=Branch1],-0.34347376307951183
475.46700000000027,1.64969,12,5,189.27999999999997,12,0.11889092559059308,4.893874188826212,1,[C][C][C][C][C][C][C@H1][Branch1][C][C][C@@H1][Branch1][C][O][C][=C][Branch1][C][O][C][Branch1][C][O][=C][Ring1][=Branch2][O][C][=Branch1][C][=O][O][C@H1][Branch1][C][O][C@H1][Branch1][C][O][C][=Branch1][C][=O][O][C][C][=Branch1][C][=O][O][C@H1][Ring2][Ring1][Branch2][C],-0.34364488608445776
500.45700000000016,1.6389000000000002,11,6,217.15999999999997,6,0.1079539401076764,4.842011467166681,2,[C][O][C][C][O][C][Branch1][C][O][=N][C][C][C][C][C][C][C][C][=C][C][Branch1][C][O][=C][Branch1][C][O][C][Branch1][C][O][=C][Ring1][=Branch2][C][=Branch1][C][=O][O][C][Branch1][C][O][=N][C][=Branch1][C][=O][O][=C][Ring2][Ring1][Branch2][O],-0.3444412126851256
484.5220000000004,1.6419899999999992,10,5,179.69,17,0.06656313635017695,5.11103683043666,1,[O][=C][Branch1][C][O][C][C@H1][C][C][/C][=C][/C][C@H1][Branch1][C][O][=N][C@H1][Branch2][Ring1][=N][O][C][=Branch1][C][=O][C][C][C][C][C][C][C][=Branch1][C][=O][O][=C][Branch1][C][O][C][Branch1][C][O][=C][Ring1][=Branch2][C][=Branch1][C][=O][O][Ring2][Ring1][Branch2],-0.34459724251943774
500.54500000000047,3.3636000000000017,11,5,179.86,9,0.1362715720785258,6.079260765302854,2,[C][O][C][Branch1][C][O][C][C][C][C][C][C][C][C][Branch1][C][O][C][=C][Branch1][C][O][C][Branch1][C][O][=C][Branch1][C][O][C][C][C][Branch1][C][O][=N][C][=Branch1][Branch1][=N][O][Ring1][O][C][C][C][C][=Branch1][C][=O][O][C][Ring2][Ring1][Branch2],-0.3454417196865493
575.6080000000003,3.278270000000001,13,5,211.35999999999996,12,0.07439408402014754,5.255882060689376,1,[C][O][C][Branch1][C][O][C][O][=C][C][Branch1][C][O][=C][C][Branch1][C][O][=C][Ring1][Branch2][C][C][C][=Branch1][C][=O][O][C@H1][Branch1][C][C][O][C][C][C][=Branch1][C][=O][O][C@H1][Branch1][Branch2][C][O][C][=Branch1][C][=O][O][C][C][C][C][C][C][C][Ring2][Ring1][Ring2][=N],-0.34609095555937375
501.4850000000003,1.6346999999999996,12,7,212.30999999999997,14,0.0636965995715229,3.725123680353531,1,[C][C][O][C][=C][C][Branch1][C][O][=C][Branch1][C][O][C][Branch1][C][O][=C][Ring1][=Branch2][C][=Branch1][C][=O][O][C][C][C][Branch1][C][O][=C][Branch1][C][O][C][C][=Branch1][C][=O][O][=C][Branch1][C][O][C][C][C][C][C][=Branch1][C][=O][N][C][Ring2][Ring1][Branch2],-0.34613274231138563
545.6140000000001,1.6647300000000012,14,7,220.38999999999996,8,0.13197495482296004,6.233703379935176,1,[C][C][Branch1][C][C][C][Branch1][C][O][C][Branch1][C][O][=N][C@H1][C][C][C][C][C][C][C][C][C@H1][Branch1][C][O][=N][O][C][C][=Branch1][C][=N][O][C][=N][O][C][C][C][=Branch1][Ring2][=N][Ring1][Branch1][C][O][=N][O][C][Ring2][Ring1][Branch2][=O],-0.34633900104954934
545.6260000000003,3.3354999999999997,12,6,195.56999999999996,19,0.026480710210339417,4.970698644932815,1,[C][C][C][C][C][C][C][C][C][C][C][C@H1][Branch1][C][O][C][C@H1][Branch1][C][O][C][C@@H1][Branch1][Branch2][C][C][=Branch1][C][=O][O][C][=C][Branch1][C][O][C][Branch1][C][O][=C][Ring1][N][C][=Branch1][C][=O][O][C][Branch1][C][O][=C][O][C][Ring2][Ring1][=Branch1][=N][O],-0.3464340738206911
468.4590000000003,3.35167,11,6,195.7,3,0.2623270644896752,5.292082565848504,2,[C][C][C][C][C][C][C][C][C][C][C@H1][Branch1][C][O][C][=C][C][Branch1][C][O][=C][Branch1][C][O][C][Branch1][C][O][=C][Ring1][N][C][=Branch1][C][=O][O][C][=Branch1][C][=O][O][C][=Branch1][C][=O][O][=N][C][Ring2][Ring1][N][=N],-0.34645926881525324
472.4430000000003,1.6445999999999998,12,5,189.27999999999997,5,0.22121246467576966,6.240497614162941,2,[C][C][Branch1][C][C][C][O][C][Branch1][C][O][C][C][C][C][C][=C][C][Branch1][C][O][=C][Branch1][C][O][C][Branch1][C][O][=C][Ring1][N][C][=Branch1][C][=O][O][C][=Branch1][C][=O][O][C][C][=Branch1][C][=O][O][C][Branch1][C][O][C][Ring2][Ring1][Branch2],-0.3465703660095594
558.7170000000004,3.3161000000000023,10,7,198.17,26,0.046667924436077014,4.7746022255363885,0,[O][=C][Branch1][C][O][C][C][C][C][C][C][C@H1][Branch1][C][O][C][C][=C][N][=C][Branch1][Branch1][C][O][C][C][C@@H1][Branch1][=Branch1][C][C][C][C][N][=C][Branch1][Ring2][N][O][Ring1][=Branch2][C][C][=C][N][Branch1][C][O][C][C][C][=Branch1][C][=O][O][Ring2][Ring1][Branch2],-0.3469204778562384
485.5420000000002,1.6320000000000037,9,6,219.79,8,0.09720889628604847,5.1126016472172005,1,[C][O][C][C][O][C][Branch1][C][O][=N][C][C][C][C][C][C][C][C][N][=C][Branch1][C][O][C][Branch1][C][O][=N][C][Branch1][C][O][=N][C][C][Branch1][C][O][=N][C][C][C][Ring2][Ring1][Ring2][=N][=N][Ring1][Branch2],-0.34840203078627274
554.5930000000004,1.6721,11,7,226.76999999999995,13,0.07493541431264175,5.301561032899413,1,[C][C][C][C][C][C][C@H1][Branch1][C][O][C@@H1][Branch1][C][O][C@H1][Branch1][C][O][C][/C][=C][\C][=C][\C][=N][C][Branch1][=Branch1][C][=Branch1][C][=O][O][=C][Branch1][Branch2][C][C][C][=Branch1][C][=O][O][C][C][C][=Branch1][C][=O][O][=C][Branch1][C][O][C][Ring2][Ring1][Branch2][=N][O],-0.34869546626820397
498.6210000000003,1.6273000000000026,10,5,154.23000000000002,11,0.16236545208722022,5.990603779388518,1,[C][C][C][Branch1][C][O][C][C][Branch1][C][O][C][C][Branch1][C][C][C][Branch1][C][C][=C][C][Branch1][C][C][=C][Branch1][Ring2][C][N][C][Branch1][C][O][=N][O][C][C][=Branch1][Ring2][=N][Ring1][N][C][Branch1][C][C][C][=Branch1][C][=O][O][C][Branch1][C][O][=N][C][Ring2][Ring1][Ring2],-0.34909089498868234
470.49500000000035,1.639,11,4,166.83999999999997,7,0.24249839116073202,6.046352306644838,2,[C][C][C][C][C][C@H1][Branch1][C][O][C][C@@H1][Branch1][C][O][=N][C][C][C][=C][Branch1][C][O][C][Branch1][C][O][=C][Branch1][C][O][C][C][C][C][=Branch1][C][=O][O][C][Branch1][Ring1][C][O-1][=C][Ring1][#C][C][=Branch1][C][=O][O][Ring2][Ring1][Branch2],-0.34941886053846594
516.5480000000002,3.3697000000000017,12,3,190.41999999999996,8,0.107585383924956,5.466450632960145,1,[C][O][C][C][O][C][Branch1][C][O][=N][C][C][C][C][C][C][C][C@@H1][Branch1][C][C][C@H1][Branch1][C][O][C][C][C][=Branch1][C][=O][N][=N][O][C][=Branch1][Branch1][=C][O][Ring1][Branch1][C][=N][O][C][=Branch1][C][=O][O][C][Ring2][Ring1][Branch2],-0.34945076851539547
561.6690000000003,3.317500000000001,10,7,206.56999999999996,24,0.017293268121597205,4.717063584271112,0,[C][C][C][C][C][C@H1][Branch1][C][O][C][C][Branch1][C][O][=N][C][C][C][C][C][C][C@@H1][Branch1][Ring1][C][O][=C][Branch1][Branch1][C][O][C][O][C][=Branch1][C][=O][O][C][C][=C][Branch1][C][O][C][Branch1][C][O][=C][Ring1][=Branch2][C][C][=Branch1][C][=O][O],-0.3494871417434415
475.4470000000003,1.6336000000000004,13,6,204.79999999999998,7,0.10215258520968085,5.1065581613139335,1,[C][C][O][C][C][C][O][C][Branch1][C][O][C][C][C][C][=C][Branch1][C][O][C][Branch1][C][O][=C][Ring1][N][C][=Branch1][C][=O][O][C][C][C][Branch1][C][O][=C][Branch1][C][O][C][=Branch1][C][=O][O][C][Ring2][Ring1][=Branch1][=N][O],-0.3500217605178282
465.45900000000023,3.3584000000000014,10,5,182.98999999999995,2,0.3815783645825672,6.863166713864056,3,[C][C][Branch1][C][C][C][C][Branch1][C][O][C][=C][C][Branch1][C][O][=C][Branch1][C][O][C][C][C][Branch1][C][O][=C][Ring1][N][C][=Branch1][C][=O][O][C][Branch1][C][O][=N][C][Branch1][C][O][=N][O][C][C][C][C][C][Ring2][Ring1][Ring2][=N][Ring1][=Branch1],-0.35024050640095916
510.4720000000003,1.62226,12,7,224.12999999999997,15,0.054844479137380664,5.320043053988799,1,[O][=C][Branch1][C][O][C][C@H1][C][C@H1][Branch1][C][O][C][C][C][=C][Branch1][C][O][C][=C][Branch1][C][O][C][=C][Ring1][=Branch2][C][=C][Branch1][Branch1][O][C][C][O][C][=Branch1][C][=O][O][C][=C][Branch1][C][O][C][C][=Branch1][C][=O][O][C][Ring2][Ring1][Branch2][=N],-0.35172013356076165
467.4750000000002,1.6355800000000007,11,6,215.91999999999996,3,0.19901854161987212,5.757570488368943,1,[C][C][=C][Branch1][C][O][C][Branch1][C][C][=C][Branch1][C][O][C][C][C][Branch1][C][C][=C][Branch1][C][O][=C][Branch1][C][N][C][C][C][C][=Branch1][C][=O][O][C][Branch1][Ring1][C][#N][C][=Branch1][C][=O][O][C][Branch1][C][O][C][Branch1][C][O][=N][Ring2][Ring1][Branch2],-0.35183378508039814
488.6020000000002,3.377790000000002,9,7,184.42999999999998,19,0.0470444349495438,4.82618489312461,0,[C][C][C@H1][Branch1][C][C][C@@H1][Branch1][C][O][C@@][Branch1][C][O][C][C][C][=Branch1][C][=O][O][C@@H1][Branch1][=Branch1][C][C][C][C][C][C][N][=C][Branch1][C][O][C][Branch1][C][O][=C][Branch1][C][O][N][C][C][C][N][=C][Ring2][Ring1][Ring2][O],-0.3518552302751808
515.5560000000003,3.3763000000000014,10,6,203.40999999999997,17,0.03149507783915093,4.7949360927462905,1,[C][C][C][C][C][C@H1][Branch1][C][O][C][Branch1][C][O][=N][C][C][C][C][C][C][C@@H1][Branch1][=Branch1][C][C][=Branch1][C][=O][O][=C][Branch1][C][O][C][C][=C][Branch1][C][O][C][Branch1][C][O][=C][Ring1][=Branch2][C][=Branch1][C][=O][O][C][=Branch1][C][=O][O][Ring2][Ring1][=N],-0.3518980348680572
484.45800000000037,1.623,11,4,193.76999999999998,10,0.25984810686887067,5.4956515247573705,2,[O][=C][Branch1][C][O][C][C][C][C][C][C][C@H1][Branch1][C][O][C][C][=C][Branch1][C][O][C][Branch1][C][O][=C][Branch1][Ring1][O][C][C][C][=Branch1][C][=O][O][C][=Branch1][Ring2][=N][Ring1][N][C][=Branch1][C][=O][O][C][C][Branch1][C][O][=N][C][Ring2][Ring1][=Branch1],-0.35217446678599507
528.5070000000003,3.368900000000002,13,6,201.66999999999996,5,0.17234565528917595,5.852593602043105,2,[C][O][C][Branch1][C][O][C][C][C][C][Branch1][C][O][=C][Branch1][C][O][C][C][C][=C][Branch1][C][O][C][Branch1][C][O][=C][Branch1][C][O][C][C][=Branch1][C][=O][O][C][C][C][=C][Branch1][C][O][C][Branch1][C][O][=C][Ring1][=N][C][C][=Branch1][C][=O][O][C][Ring2][Ring1][O],-0.3522052665648266
528.5590000000004,1.629580000000001,12,5,223.84999999999997,20,0.022296420414643275,5.068690197536944,0,[C][C][Branch1][C][C][C][C@H1][Branch1][C][O][C][Branch1][C][O][=N][C][C][C][C][N][=C][O][C][Branch1][C][O][C][C][C][Branch1][Ring1][C][#N][=C][Branch1][C][O][C][Branch1][C][O][=N][C][C][C][=Branch1][C][=O][O][=C][O][C][Ring2][Ring1][N][=O],-0.3528220828519664
514.4840000000004,1.6187,11,6,224.99999999999997,15,0.08493052097953828,4.066524701575753,1,[C][O][C][C][C][Branch1][C][O][=N][C][=C][C][Branch1][C][O][=C][C][Branch1][C][O][=C][Ring1][Branch2][C][C][C][=Branch1][C][=O][O][C][Branch1][C][O][=N][C][C][C][=Branch1][C][=O][O][C][Branch1][C][O][C][C][C][C][=Branch1][C][=O][O][Ring2][Ring1][Branch2],-0.3537082066110427
498.48900000000026,1.6151500000000005,13,6,227.49999999999997,7,0.21806350078907744,5.504574447935911,1,[C][O][C][Branch1][C][O][O][=C][Branch1][C][O][C][C][C][C][Branch1][C][O][=N][C][C][C][C][=Branch1][C][=N][N][=C][Branch1][Ring1][C][#N][C][C][Branch1][C][O][=C][Branch1][C][O][C][Branch1][C][O][=C][Ring1][=Branch2][C][C][=Branch1][C][=O][O][C][Ring2][Ring1][Branch2],-0.35395290094022375
515.5120000000004,3.382600000000002,12,5,201.63999999999996,12,0.08345525051896704,4.471561320994255,1,[C][C][O][C][C][Branch1][C][O][=N][C][C][C][C][C][C][=C][Branch1][C][O][C][Branch1][C][O][=C][Branch1][C][O][C][Branch1][C][O][=C][Ring1][N][C][=Branch1][C][=O][O][C][=Branch1][C][=O][O][C][C][=Branch1][C][=O][O][C][Branch1][C][C][C][C],-0.35440052225695234
527.5670000000005,3.3756000000000013,10,5,192.40999999999997,11,0.08692362545207408,5.2609742003956494,1,[C][C][Branch1][C][C][C][C][Branch1][C][C][=C][C][C][Branch1][C][O][=C][C][Branch1][C][O][=C][Branch1][C][C][Branch1][C][O][=C][Ring1][N][C][=Branch1][C][=O][O][C][Branch1][C][O][=N][C][C][C][=Branch1][C][=O][O][=C][Branch1][C][O][C][C][C][C][=Branch1][C][=O][O],-0.3545529799000432
513.5400000000003,3.3840700000000012,12,7,207.05999999999997,13,0.08214862911479197,5.592243402284173,1,[C][C][C][C@H1][Branch1][C][O][C@H1][Branch1][C][O][C][C][C][C][=C][Branch1][C][O][C][Branch1][C][O][=C][Ring1][N][C][=Branch1][C][=O][C@@H1][Branch1][C][O][C][C][C][C][=Branch1][C][=O][O][C][=C][Branch1][C][O][C][C][Branch1][C][O][=C][O][C][Ring2][Ring1][Branch2][=N][Ring1][=Branch1],-0.35466334570124436
525.5070000000005,3.378800000000002,11,4,198.48,6,0.2401054372921423,4.569721230065011,2,[O][=C][Branch1][C][O][C][C][C][C][C][C][=C][C][Branch1][C][O][=C][Branch1][C][O][C][Branch1][C][O][=C][Ring1][=Branch2][C][=Branch1][C][=O][O][C][=Branch1][C][=O][O][C][C][C][Branch1][C][O][=N][C][C][C][C][C][C][=Branch1][C][=O][O][C][Ring2][Ring1][Branch2],-0.3552023910336199
555.5370000000003,1.6563000000000005,13,5,215.02999999999997,1,0.1769223240294107,5.698688252542208,2,[C][C][=C][C][Branch1][C][O][C][C][C][Branch1][C][O][=C][C][Branch1][C][O][=C][Ring1][=Branch2][C][Branch1][C][O][C][C][C][C][=Branch1][C][=O][O][C][C][Branch1][C][O][=N][O][C][=Branch1][C][=O][C][Branch1][C][O][=N][C][C][C][C][=Branch1][C][=O][O][=N][C][Ring2][Ring1][N],-0.3552888738421173
489.56200000000024,1.6129999999999993,11,5,175.33999999999997,7,0.26082283325126826,5.2092285555981395,1,[C][C][C][C][C][C@H1][Branch1][C][O][C][C][Branch1][C][O][=N][C][C][C][C][C][C@@H1][Branch1][C][O][C][C][=C][Branch1][C][O][C][C][=Branch1][C][=O][O][=C][Branch1][Ring1][C][O][C][=Branch1][C][=O][O][C][Ring2][Ring1][Branch2][O],-0.3554136285738072
518.4920000000003,1.6161900000000005,14,8,232.53999999999994,15,0.06658685798810518,5.208363462152065,0,[C][C@H1][C][C][Branch1][C][O][=C][C][Branch1][C][O][=C][Branch2][Ring1][Ring1][N][C][C][=Branch1][C][=O][C][Branch1][C][O][C][=C][Branch1][C][O][C][Branch1][C][O][=C][Ring1][=Branch2][O][C][=Branch1][C][=O][O][C][=Branch1][C][=O][O][C][Branch1][C][O][=C][C][Branch1][C][O][C][C][C],-0.35545328080072625
565.6240000000003,3.326380000000002,13,2,186.13999999999996,11,0.16280253466474584,6.606028888769752,3,[C][C][O][C][Branch1][C][O][=N][C][C][C][C][C][C][C@@H1][Branch1][C][O][C][C][C][C@H1][Branch1][Ring1][C][#N][C][=N][C][Branch1][C][O][=N][O][C][=Branch1][Ring2][=N][Ring1][Branch1][C][=C][O][C][C][C][=Branch1][C][=O][O][=C][Branch1][C][C][O][C][Ring2][Ring1][Branch2],-0.35565525752897387
514.5760000000002,3.3865000000000016,10,6,195.01999999999995,5,0.17970104596426542,5.502158994609886,1,[C][C][C][C][C@H1][Branch1][C][O][O][C][Branch1][C][O][=N][C][C][C][C][C][C][N][=C][Branch1][C][O][C][C][=C][Branch1][C][O][C][Branch1][C][O][=N][C][C][C][=Branch1][C][=O][O][=N][O][C][=Branch1][Branch1][=C][Ring1][N][C][Ring2][Ring1][Branch2][=O],-0.3557962887721013
532.5430000000005,3.375250000000001,11,7,236.48999999999995,20,0.02271017540688349,4.75437929730846,0,[C][C@@H1][C][C][C][C][C@H1][Branch1][C][O][C@@][Branch1][C][O][C][C][=C][Branch1][C][O][C][C][C][=Branch1][C][=O][O][C@H1][Branch1][Branch2][C][C][C][=Branch1][C][=O][O][C][Branch1][C][O][=N][O][C][=Branch1][C][=O][O][C][C][C][=Branch1][Ring2][=N][Ring1][Branch2][O],-0.35609857819991425
512.5080000000004,3.388300000000001,12,4,178.28,6,0.24833843444205578,4.544632020532788,2,[C][C][C][C][C][C][C][C@H1][Branch1][C][O][C][C][=C][C][Branch1][C][O][=C][C][Branch1][C][O][=C][Ring1][Branch2][O][C][C][=Branch1][C][=O][O][C][C][C][=Branch1][C][=O][O][C][Branch1][C][O][=C][Branch1][C][O][C][C][=Branch1][C][=O][O][Ring2][Ring1][N],-0.35619952646796194
503.54500000000036,3.390500000000001,11,5,184.57,17,0.028626582365629448,4.58012114422303,0,[C][C][O][C][=C][C][Branch1][C][O][=C][Branch1][C][O][C][C][C][Branch1][C][O][=C][Ring1][N][C][=Branch1][C][=O][O][C][C][Branch1][C][C][O][C][Branch1][C][O][=N][C][C][C][C][=Branch1][C][=O][O][=C][Branch1][C][O][C][C][C][=Ring2][Ring1][Branch2],-0.35627055463509794
512.5640000000003,3.3906800000000015,8,6,225.42999999999995,17,0.05507071505320031,4.131241263309456,0,[C][O][C][C][O][C][Branch1][C][O][=N][C][C][C][C][C][C][Branch1][C][O][=N][C][C][C][C][C][C][N][=C][Branch1][C][O][C][Branch1][C][O][=N][C][Branch1][C][O][=N][C][=Branch1][Branch1][=C][O][Ring1][=Branch2][C][#N][=C][Branch1][C][C][O],-0.3571570444048394
469.44700000000023,1.6194000000000002,12,4,185.57,5,0.4286425131962907,5.621970545561099,2,[C][C][C][C][Branch1][C][C][C][O][C][Branch1][C][C][=N][C][=C][Branch1][C][O][C][Branch1][C][O][=C][Ring1][N][C][=Branch1][C][=O][O][C@H1][Branch1][Branch2][C][C][C][=Branch1][C][=O][O][C][C][=Branch1][C][=O][O][=N][O][C][=Branch1][Ring2][=N][Ring1][N],-0.35750099417484127
486.5660000000004,1.6078799999999998,10,6,197.21999999999994,6,0.32052324495529594,5.823262094677252,1,[C][C][C][Branch1][C][O][C@@H1][Branch1][C][C][C][Branch1][C][O][C][C][C][C][Branch1][C][O][=N][C][Branch1][C][O][C][C][C][C][C][C][C@H1][Branch1][Ring1][C][#N][C][Branch1][C][O][=N][C][C][=Branch1][C][=O][O][=N][O][Ring2][Ring1][Branch2],-0.35785805080785876
513.5440000000002,3.392570000000001,11,7,214.70999999999998,6,0.09026996182720957,5.538486470277076,1,[C][C][=C][Branch1][Ring1][C][C][O][C][Branch1][C][O][=N][C][C][C][C][C][C@@H1][Branch1][C][O][C][C][C][=C][Branch1][C][O][C][Branch1][C][O][=C][Branch1][C][O][C][=Branch1][Ring2][=N][Ring1][Branch2][C][Branch1][C][O][=N][C][C][=Branch1][C][=O][O][O][C][Ring2][Ring1][Branch2],-0.3580541195517799
501.5370000000003,1.604770000000001,12,7,222.35999999999999,5,0.09534107247111548,5.838266466635482,1,[C][O][C][Branch1][C][O][=N][C][=C][Branch1][C][O][C][C][C@H1][Branch1][C][O][C][C][C][C@@H1][Branch1][C][O][C][C][C][C][=Branch1][C][=N][=C][Branch1][Ring1][O][C][C][Branch1][C][O][=N][C][=Branch1][Branch1][=N][Ring2][Ring1][=Branch1][O][C][Ring1][Ring2][C][=N][O],-0.358105193958423
557.5050000000003,3.3485900000000006,13,5,224.44999999999996,17,0.08008236825972426,4.483555774557696,1,[C][C][C][C][C][C][C][C][C@H1][Branch1][C][C@H1][Branch1][C][O][=N][O][C][=C][Branch1][C][O][C][=C][Branch1][C][O][C][=C][Ring1][Branch2][C][=Branch1][C][=O][O][C@H1][Branch1][#Branch1][C][C][=Branch1][C][=O][O][C][=Branch1][C][=O][O][C][=Branch1][C][=O][O][C][=Branch1][C][=O][O][Ring2][Ring1][#Branch2],-0.35839098509309675
516.5000000000003,1.60487,14,6,214.15999999999997,17,0.030843923011570115,4.8528047208933245,1,[C][C][C][C][Branch1][C][O][=C][C][Branch1][C][O][=C][C][Branch1][C][O][=C][Ring1][Branch2][C][=Branch1][C][=O][O][C@@H1][Branch1][C][O][C][C][C][=Branch1][C][=O][O][C][C][C][C][C][C@H1][Branch1][C][O][C][=Branch1][C][=O][O][=N][O][C][Ring2][Ring1][Branch2][=N],-0.3595695130346843
486.56600000000026,1.5974000000000017,8,5,171.3,9,0.30578863200290335,5.00002905854126,1,[C][C][C][C][C][C][C@H1][Branch1][C][C][O][C][C][Branch1][C][O][=N][C][=C][Branch1][Branch1][C][O][C][C][C][N][=C][Branch1][C][O][N][C][=Branch1][C][=O][O][C][C@@H1][Branch1][Ring1][C][O][C][=Branch1][C][=O][N][Ring2][Ring1][O],-0.3620383557359627
407.4710000000002,3.2808800000000007,6,5,174.38,6,0.3332994077401931,4.934912217206097,1,[C][C][C][C][C][Branch1][C][O][=N][C][C][C][C][Branch1][C][O][=N][C][C][C][C][Branch1][C][O][=N][C][C][C][Branch1][C][O][=C][Branch1][Ring1][C][#N][C][Branch1][C][O][=N][Ring2][Ring1][Ring2][C][Branch1][C][O][=N][C][Branch1][C][O][=N][Ring2][Ring1][#Branch1],-0.36305679344697583
452.5040000000003,3.3763000000000014,9,4,160.9,0,0.4037293176637274,4.528695582546064,1,[C][C][Branch1][C][C][Branch1][C][O][C][C][C][C][C][Branch1][C][C][=C][C][=C][C][Branch1][C][O][=C][Branch1][C][N][C][Branch1][C][O][=C][Ring1][N][C][C][=Branch1][C][=O][O][C][Branch1][C][O][=N][C][C][=Branch1][C][=O][O][C][Ring2][Ring1][=N],-0.3631635312968529
533.5710000000004,1.6075,13,6,207.45999999999998,19,0.037334410451757505,4.165840253252016,1,[C][O][C][C][C][C][O][C][=C][Branch1][C][O][C][=C][Branch1][C][O][C][Branch1][C][O][=C][Ring1][=Branch2][C][=Branch1][C][=O][O][C@H1][Branch1][C][O][C@H1][Branch1][C][O][C][=Branch1][C][=O][O][C][C][C][C][C][C][C][C@H1][Branch1][C][C][O][=N][Ring1][N],-0.36325892716353186
471.54700000000037,3.3986800000000024,10,5,177.54,18,0.08607480270570837,3.9621381673176517,0,[C][C][C][C@H1][Branch1][C][O][C][C][C][C][C][C][C@H1][Branch1][C][O][C][=C][Branch1][C][O][C][Branch1][C][O][=C][Branch1][C][O][C][C][C][=Branch1][C][=O][O][C][C][=Branch1][C][=O][O][C][C][=Ring1][Branch1][C][#N],-0.36394836394741575
464.4230000000004,1.6068,9,5,187.88999999999996,3,0.32275946594198573,5.190892001464062,2,[O][=C][Branch1][C][O][C][C][C][C][=C][C][Branch1][C][O][=C][Branch1][C][O][C][=Branch1][Ring2][=C][Ring1][Branch2][C][C][=C][C][Branch1][C][O][=C][Branch1][=Branch1][C][=Branch1][C][=O][O][=C][Ring1][N][C][=Branch1][C][=O][O][C][C][C][=Branch1][C][=O][O][C][Ring2][Ring1][=N],-0.3642964316542229
516.5400000000003,1.5917999999999994,11,6,208.11999999999998,17,0.04065977267998784,4.896178354933772,0,[C][C][C][C][C][C@H1][Branch1][C][O][C][/C][=C][/C][=Branch1][C][=O][C@H1][Branch1][C][C][=C][Branch1][C][O][C][=C][Branch1][C][O][C][Branch1][C][O][=C][Ring1][N][C][=Branch1][C][=O][O][C@H1][Branch1][C][O][C][=Branch1][C][=O][O][C][Branch1][C][C][C][C][=Branch1][C][=O][O][Ring2][Ring1][Branch2],-0.36478301056929746
468.4590000000003,1.6012800000000003,11,6,206.64,12,0.10487084262818164,4.8884727706421955,1,[C][C][C][C][C][Branch1][C][O][=C][C][Branch1][C][O][=C][Branch1][C][O][C][Branch1][C][O][=C][Ring1][N][C][=Branch1][C][=O][O][C@H1][Branch1][Ring1][C][O][C][C][C][=Branch1][C][=O][N][C@H1][Branch1][#Branch1][C][C][C][=Branch1][C][=O][O][C][#N][C][=Branch1][C][=O][O][Ring2][Ring1][#Branch2],-0.36498076780564737
529.5150000000004,3.401290000000002,12,5,206.34999999999997,14,0.12432307963322327,5.022761457499138,1,[O][=C][Branch1][C][O][C][C@H1][C][C][C][C][C][C][C@@H1][Branch1][C][O][C][=C][Branch1][C][O][C][Branch1][C][O][=C][Branch1][Branch2][O][C][C][C][=Branch1][C][=O][O][C][=Branch1][C][=O][O][C][C][=C][Branch1][C][O][C][C][C][=Branch1][C][=O][O][Ring2][Ring1][Branch2],-0.365316749076744
546.5460000000002,1.6166000000000016,13,6,227.85999999999996,16,0.04040934982599163,5.064157343975728,1,[C][O][C][C][O][C][Branch1][C][O][=N][C][=C][Branch1][C][O][C][C][C][C][C][C][Branch1][C][O][=C][Branch1][C][O][C][Branch1][C][O][=C][Ring1][=Branch2][C][=Branch1][C][=O][O][C][Branch1][Ring1][C][O-1][C][=Branch1][C][=O][O][C][Branch1][C][O][C][C][C][C],-0.3654167621552131
530.5710000000004,1.5989800000000007,12,7,219.02999999999994,17,0.08077309661316429,4.9815941823938505,1,[C][C][C][C][C][C@H1][Branch1][C][O][C@@H1][Branch1][C][O][C][C][C][C][C@H1][Branch1][C][O][=N][C@H1][Branch1][Ring1][C][#N][C][=Branch1][C][=O][O][=C][O][C][Branch1][C][O][C][C][C][=C][Branch1][C][O][C][Branch1][C][O][=C][Ring1][=Branch2][C][=Branch1][C][=O][O],-0.36555747923958537
432.55800000000016,1.6494999999999997,8,7,155.0,15,0.1926906894374277,5.182068715581736,1,[C][C][C][C@H1][Branch1][C][C][O][C@@H1][Branch1][C][O][C@H1][Branch1][C][O][=N][C@H1][Branch1][C][C][C][C][C][C@@H1][Branch1][C][O][C][C][C][C][C@@H1][Branch1][C][O][C][=C][Branch1][C][O][C][Branch1][C][O][=N][Ring1][=Branch2][O][C][=Branch1][C][=O][O][C][Ring2][Ring1][Branch2],-0.3659641149839694
556.4730000000004,1.6267,15,6,235.80999999999997,11,0.09826234956601212,4.185058822453197,2,[C][C][O][C][=C][C][Branch1][C][O][=C][Branch1][C][O][C][Branch1][C][O][=C][Ring1][=Branch2][C][=Branch1][C][=O][O][C][C][=Branch1][C][=O][O][C][C@H1][Branch1][C][O][C][C][=Branch1][C][=O][O][C][=Branch1][C][=O][O][C][C][C][C][C][=C][Branch1][C][O][C][Branch1][C][O][=C][Ring1][=Branch2],-0.3671256750977792
382.4530000000002,3.205000000000002,7,4,124.28999999999999,9,0.3563944139319982,5.258625961838021,1,[C][C][C@@H1][Branch1][C][O][C@@H1][Branch1][C][C][O][C][C][C][C][=C][C][Branch1][C][O][=C][Branch1][C][O][C][Branch1][C][O][=C][Ring1][N][C][=Branch1][C][=O][C@@H1][Branch1][Ring2][C][C][C][=Branch1][C][=O][O][=N][O][C][=Branch1][C][=O][O][C][Ring2][Ring1][=N],-0.36714191920291567
529.5910000000003,1.593469999999999,12,7,218.86999999999995,11,0.15126573507707758,6.247707439320294,2,[O][=C][Branch1][C][O][C][C][C][C][C@H1][Branch1][C][O][=N][C][C][C][C][C][C@@H1][Branch1][C][O][C][C@H1][Branch1][C][O][C][C][=Branch1][C][=N][O][C][Branch1][C][O][=N][C][Branch1][C][O][=N][O][C][C][C][C][C][Ring2][Ring1][=Branch1][=N][Ring1][N],-0.3674098143327153
558.5370000000005,1.6258999999999997,12,7,245.22999999999993,15,0.0654165289320848,4.684263612003271,1,[C][O][C][Branch1][C][O][=N][C][=C][C][C][=C][Branch1][C][O][C][Branch1][C][O][=C][Ring1][=Branch2][C][=Branch1][C][=O][O][C][C@@H1][Branch1][C][O][C][C][C][C][C][C][C@H1][Branch1][C][O][C][=Branch1][C][=O][O][C][Branch1][C][O][=N][C][C][C][=Branch1][C][=O][O][Ring2][Ring1][Branch2],-0.3687200171891951
472.4910000000004,3.413100000000002,10,4,168.86,1,0.4147984179953054,5.801904480557882,2,[C][O][C][Branch1][C][O][C][C][C][C][C][Branch1][C][O][=C][Branch1][C][O][C][Branch1][C][O][=C][Ring1][N][C][C][=Branch1][C][=O][O][C][Branch1][C][C][C][Branch1][C][O][=N][O][C][Branch1][C][O][=N][C][C][C][C][C][Ring2][Ring1][Branch2],-0.3693605798186922
528.6030000000003,1.5876000000000008,11,8,216.72,20,0.03967808390689977,4.6751319516526255,1,[C][C][C][C][C][C][C@H1][Branch1][C][C][O][C][C@H1][Branch1][C][O][=N][C@@H1][Branch1][Branch2][C][C][C][=Branch1][C][=O][O][C][=C][Branch1][C][O][C][=C][Branch1][C][O][C][=Branch1][Ring2][=N][Ring1][Branch2][C][=C][Branch1][Ring2][C][N][N][O][C][C][=Branch1][C][=O][O],-0.36941619893556354
504.48500000000035,1.5767,13,7,220.50999999999993,15,0.04206923061212461,4.788269050713824,0,[C][C][Branch1][C][C][C][Branch1][C][O][=C][C][Branch1][C][O][=C][C][Branch1][C][O][=C][Ring1][=Branch2][C][=Branch1][C][=O][O][C][Branch1][C][O][C][C][C][=Branch1][C][=O][O][C][Branch1][C][O][C][C][C][=C][Branch1][C][O][C][C][=Branch1][C][=O][O][C][Ring2][Ring1][N][O],-0.3694289150838088
510.4480000000003,3.422300000000001,13,7,220.50999999999996,3,0.16443548613997122,5.213381966607333,2,[C][O][C][=C][C][Branch1][C][O][=C][Branch1][C][O][C][Branch1][C][O][=C][Ring1][Branch2][C][C][C][C][=Branch1][C][=O][C][C][Branch1][C][O][=C][Branch1][C][O][C][C][=Branch1][C][=O][O][C][=Branch1][C][=O][C][Branch1][C][O][=C][O][C][Branch1][C][O][=C][Ring1][#C][C][C][Ring2][Ring1][Branch2],-0.36951131135054616
499.51300000000043,1.575499999999999,11,6,195.57,5,0.2372291289330413,6.086804069324245,2,[C][C][Branch1][C][O][C][C][C][C][C][C][Branch1][C][O][C][=C][C][Branch1][C][O][=C][Branch1][C][O][C][Branch1][C][O][=C][Ring1][N][C][=Branch1][C][=O][O][C][Branch1][C][O][=N][C][C][C][=Branch1][C][=O][O][=C][Branch1][C][O][C][C][C][Ring2][Ring1][=Branch1],-0.36980128268571527
502.5370000000004,3.4251600000000018,12,5,185.05999999999997,5,0.09258328946731327,5.1159374435742935,1,[C][C@H1][C][O][C][Branch1][C][O][=C][C][Branch1][C][O][=C][Branch1][C][O][C][C][C@@H1][Branch1][C][O][C][C][C][C][C][C][C@H1][Branch1][#Branch1][C][=Branch1][C][=N][O][O][C][=Branch1][C][=O][O][C][C][C][=Branch1][C][=O][O][C][Ring2][Ring1][O],-0.3700987835321815
531.5590000000003,3.4139000000000017,9,6,220.28999999999996,18,0.06505345341691239,4.101120326188623,0,[C][O][C][C][O][C][Branch1][C][O][=N][C][=C][Branch1][C][O][C][C][C][C][C][=Branch1][C][=O][N][=C][Branch1][C][O][C][C][Branch1][C][O][=C][Branch1][C][O][C][C][C][C][=Branch1][C][=O][N][=C][Branch1][C][O][C][C][O][=C][Ring1][S],-0.3709689953675382
456.4480000000003,1.5982999999999996,10,6,198.7,2,0.3316156572341664,6.123172002802988,2,[C][C][C][Branch1][C][O][C][C][C][C][C][Branch1][C][O][C][=C][Branch1][C][O][C][Branch1][C][O][=C][Ring1][N][C][=Branch1][C][=O][O][C][Branch1][C][O][=N][C][C][C][C][C][=Branch1][C][=O][O][C][Branch1][C][O][=N][Ring2][Ring1][Branch2],-0.3710487423722118
550.6500000000003,1.6071700000000015,13,8,215.41,5,0.1809128980440712,5.8065589613424065,1,[C][C][C@H1][Branch1][C][O][C@@H1][Branch1][C][C][C@@H1][Branch1][C][O][C@@H1][Branch1][C][O][C][C][C][C][C][C@H1][Branch1][C][O][=N][O][C][C][=Branch1][C][=N][O][C][C][C][C][C][C@@H1][Branch1][#Branch1][C][C][=Branch1][C][=O][O][=N][O][C][Ring2][Ring1][=N][=N][O],-0.3712208984203337
532.5430000000005,1.5856000000000006,12,6,213.67,19,0.02653508730174798,4.384585773345605,0,[C][O][C][Branch1][C][O][=C][C][=C][Branch1][C][O][C][Branch1][C][O][=C][Ring1][=Branch2][C][C][=Branch1][C][=O][O][C][C][C][C][C][C@H1][Branch1][#Branch1][C][=Branch1][C][=O][O][C][Branch1][C][O][=N][C][Branch1][Ring1][C][O][=N][C][C][C][=Branch1][C][=O][O],-0.3715058074862356
513.4960000000002,1.5717999999999999,12,6,204.79999999999995,7,0.07674247491845158,5.042616086742571,2,[C][O][C][C][O][C][Branch1][C][O][=N][C][=C][Branch1][C][O][C][C][C][C][C][C][=C][C][Branch1][C][O][=C][Branch1][C][O][C][Branch1][C][O][=C][Ring1][=Branch2][C][=Branch1][C][=O][O][C][Branch1][=Branch1][C@H1][Branch1][C][C][O][C][=Branch1][C][=O][O][=C][Ring2][Ring1][Branch2],-0.37225986415943374
514.5760000000002,1.5702000000000023,10,5,188.37,7,0.18833891203548217,5.495498647924841,1,[C][=C][C][C][C@@H1][Branch1][C][C][O][C][C][=Branch1][C][=O][N][=C][Branch1][C][O][C][C][C@@H1][Branch1][C][O][C][C][C][C][C@H1][Branch1][C][C][C@@H1][Branch1][#Branch1][C][C][=Branch1][C][=O][O][O][=N][C][=Branch1][Branch1][=N][Ring2][Ring1][O][=N][O][C][Ring2][Ring1][Branch2][=O],-0.37306075310061676
498.4850000000004,1.5664999999999996,12,3,183.29999999999998,8,0.3476830500856859,4.967405326207124,2,[C][C][Branch1][C][C][C][C][O][C][C][C][C][C][=C][N][=C][Branch1][C][O][C][Branch1][C][O][=C][Ring1][Branch2][O][C][C][=Branch1][C][=O][O][C][C][=Branch1][C][=O][O][C][Branch1][C][O][=N][C][C][C][=Branch1][C][=O][O][Ring2][Ring1][Branch2],-0.3734122934505506
511.48000000000036,3.4323000000000015,12,7,215.79999999999995,11,0.09185493439902741,5.027445112975842,1,[C][O][C][Branch1][C][O][=N][C][=C][C][C][=C][Branch1][C][O][C][C][=Branch1][Ring2][=C][Ring1][#Branch1][C][=C][Branch1][C][O][C][C][Branch1][C][O][=C][Branch1][C][O][C][C][=Branch1][C][=O][O][C][C][Branch1][C][O][=C][Branch1][C][O][C][C][=Branch1][C][=O][O][C][Ring2][Ring1][Branch2],-0.37362613398958117
528.5550000000004,1.5768000000000002,11,6,204.43999999999997,8,0.08766446554536732,5.491457718687751,1,[C][O][C][=C][C][Branch1][C][O][=C][Branch1][C][O][C][C][=Branch1][Ring2][=C][Ring1][Branch1][C][C][C][C][C][=Branch1][C][=O][N][C][Branch1][C][O][C][Branch1][C][O][=N][C][C][C][C][C][=Branch1][C][=O][O][=C][Branch1][C][O][C][C][O][C][Ring2][Ring1][=Branch1][=O],-0.37367000214092655
500.54100000000034,3.434380000000001,11,5,180.04999999999998,17,0.06487230027658841,5.294486816739338,0,[C][C@H1][C][C][C][C][C@H1][Branch1][C][C][O][C][C][=Branch1][C][=O][C@@H1][Branch1][C][O][C@H1][Branch1][C][O][C][=C][Branch1][C][O][C][C][=C][Branch1][C][O][C][Branch1][C][O][=C][Ring1][=Branch2][C][C][=Branch1][C][=O][O][C][=Branch1][C][=O][O][C@H1][Ring2][Ring1][N][C],-0.37375356617429123
516.5440000000003,1.5683999999999996,12,5,196.1,18,0.08183388217177327,3.9320326929212968,1,[C][C][C][C][C][C][O][C][=C][C][Branch1][C][O][=C][C][Branch1][C][O][=C][Ring1][Branch2][O][C][C][=Branch1][C][=O][O][C@H1][Branch1][C][O][C][C][=Branch1][C][=O][O][C][C][C][C@H1][Branch1][C][C][C][=Branch1][C][=O][N][O][=N][Ring2][Ring1][Branch2],-0.37410611508501196
554.5450000000003,3.3949000000000016,13,6,209.51,3,0.27664904799682993,5.206866290914709,2,[C][O][C][Branch1][C][O][=C][C][=C][Branch1][C][O][C][C][Branch1][C][O][=C][Ring1][=Branch2][C][=Branch1][C][=O][O][C][C][C][C][C][C][C][C][=Branch1][C][=O][C@H1][Branch1][C][O][C][=C][Branch1][C][O][C][Branch1][C][O][=C][Branch1][C][O][C][C][C][=Branch1][C][=O][O][=C][Ring2][Ring1][Branch2],-0.37421382884655746
515.5120000000005,1.5662000000000003,12,6,212.64,6,0.0977502267608826,5.740992954031105,1,[C][O][C][Branch1][C][O][C][C][=C][Branch1][C][O][C][Branch1][C][O][=C][Branch1][C][O][C][C][C][=C][Branch1][C][O][=C][Branch1][Ring1][O][C][C][C][=Branch1][C][=O][O][C][=Branch1][C][=O][C][Branch1][C][O][C][C][C][C][C][=Branch1][C][=O][N][=C][Ring2][Ring1][Branch2],-0.37480618855082953
501.5730000000004,3.439300000000001,10,6,186.33999999999997,17,0.04302604607152454,4.927932579959299,0,[C][C][C@H1][Branch1][C][O][C@H1][Branch1][C][C][C][Branch1][C][O][=N][C@H1][Branch1][C][C][C][=Branch1][C][=O][O][C][C][=C][Branch1][C][O][C][C][C@H1][Branch1][C][O][C][C][C][C][C][=Branch1][C][=O][O][C][=C][Branch1][C][O][C][Branch1][C][O][=C][Ring1][=Branch2],-0.3757331709019053
499.5130000000005,1.560599999999999,10,6,203.40999999999997,4,0.18596480752720826,5.458256311984651,1,[C][C][=C][Branch1][C][O][C][=C][Branch1][C][O][C][=C][Ring1][#Branch1][C][Branch1][C][O][C][Branch1][C][O][C][=Branch1][C][=O][O][C][Branch1][C][O][C][C][C][C][C][C][=Branch1][C][=O][N][=C][Branch1][C][O][C][C][C][C][=Branch1][C][=O][O][C][Ring2][Ring1][Branch2],-0.3757612623408649
530.5550000000004,1.5720899999999998,14,7,216.27999999999994,7,0.10799603130294182,6.9416479126930755,2,[O][=C][Branch1][C][O][C][C@@H1][C][C][C@H1][Branch1][C][O][C][C@@H1][Branch1][C][O][=N][C][=C][Branch1][C][O][C][C][C][C@H1][Branch1][C][O][C][C][C][C][C@@H1][Branch1][C][O][=N][C][=Branch1][Branch1][=N][O][Ring1][Branch1][C][=N][O][C][Ring2][Ring1][Branch2][=N][O],-0.3761610652313716
574.6720000000004,1.6342000000000005,13,7,211.75999999999996,9,0.09061470080724532,5.881072452645892,1,[C][C][C][C][C][C@H1][Branch1][C][O][C][Branch1][C][O][=N][C@H1][Branch1][C][O][C][C][C][C][C][C@@H1][Branch1][C][O][=N][C][=N][C][Branch2][Ring1][Branch2][C][=Branch1][C][=O][O][C][C][C][C][C][C][C][=Branch1][C][=O][O][=N][O][C][Ring2][Ring1][Branch2][=C][O],-0.3771487408649273
459.60000000000036,3.422600000000002,7,3,136.35,19,0.15179602946544288,4.660091586709059,0,[C][=C][C][/C][Branch1][C][C][C@H1][Branch1][C][C][C][C][C][O][C][=Branch1][C][=O][O][C@@H1][Branch1][C][C][C@H1][Branch1][C][O][C][C][C][C][C][C@H1][Branch1][C][O-1][C][C@H1][Branch1][C][O][C][C][=Branch1][C][=O][O][Ring2][Ring1][O],-0.3777818968664333
597.6420000000004,3.3124900000000013,14,4,218.27999999999997,9,0.18255418727764872,6.614389531370931,2,[C][C@@H1][C][C][C@H1][Branch1][C][O][=C][C][=C][Branch1][#Branch1][O][C][C][C][C][C][C@H1][Branch1][C][O][C@@H1][Branch1][#Branch1][O][C][Branch1][C][N][=O][C@H1][Branch1][C][O][C][C][C][C][C][=Branch1][C][=O][O][C][=N][O][C][=Branch1][Ring2][=N][Ring1][Branch1][C][=N][O][C][Ring2][Ring2][Ring1][=C][O],-0.37915463952324335
503.5010000000004,3.448100000000001,12,8,218.95999999999995,16,0.028862226326605952,4.768104478621838,0,[C][O][C][Branch1][C][O][C][C][C][C][C][Branch1][C][O][=N][C][C][Branch1][C][O][=C][Branch1][C][O][C][Branch1][C][O][=C][Branch1][C][C][C][C][=Branch1][C][=O][O][C][C][=C][Branch1][C][O][C][Branch1][C][O][=C][O][C][Branch1][C][O][=C][Ring1][=C],-0.3793046343033529
556.5650000000004,1.5947999999999996,12,7,224.67,19,0.03212566261658947,4.261165643933603,1,[C][C][O][C][=C][C][Branch1][C][O][=C][C][Branch1][C][O][=C][Ring1][Branch2][C][C][C][=Branch1][C][=O][O][C][Branch1][C][O][C][Branch1][C][O][C][Branch1][C][O][=N][C][C][C][C][C][C][=Branch1][C][=O][O][=N][C][Branch1][Branch2][C][C][C][=Branch1][C][=O][O][=C][Ring2][Ring1][Branch2],-0.3793419609007159
539.5100000000004,1.5712000000000006,12,7,234.33999999999997,14,0.12273546245679172,4.969464280671243,2,[C][O][C][=C][C][Branch1][C][O][=C][Branch1][C][O][C][Branch1][C][O][=C][Ring1][Branch2][C][C][=Branch1][C][=O][O][C@H1][Branch1][Ring1][C][O][C][C][C][C][=Branch1][C][=O][C][C@H1][Branch1][C][O-1][C][=C][Branch1][C][O][C][Branch1][C][O][=C][Ring1][=Branch2][C][C][C][C][=Branch1][C][=O][O],-0.37983058170716055
512.5120000000004,1.55228,12,5,216.19999999999996,18,0.10037205227283909,4.7378517913334175,1,[C][C][C][C@H1][Branch1][C][O][O][=C][C][=C][Branch1][C][O][C][=Branch1][Ring2][=N][Ring1][Branch1][C][=C][Branch1][C][O][C][C][C][=Branch1][C][=O][O][C@H1][Branch1][#Branch1][C][C][=Branch1][C][=O][O][C][C][C][C][=Branch1][C][=O][O][C@@H1][Branch1][Ring1][C][O][C][#N],-0.37991303257456177
528.5110000000003,1.5608999999999995,13,4,202.99999999999997,5,0.17371785763271294,6.654406652460465,3,[C][C][C][Branch1][C][O][N][=C][Branch1][C][O][C][C][C@@H1][Branch1][C][C][C@@H1][Branch1][Ring1][O][C][C][C][=C][Branch1][C][O][C][=Branch1][Ring2][=N][Ring1][Branch1][C][=C][O][C][=Branch1][C][=O][O][C][C][=Branch1][C][=O][O][C][Branch1][C][O][C][C][C][=Branch1][C][=O][O][Ring2][Ring1][=N],-0.3799433090396516
533.6150000000004,3.435500000000002,11,6,195.56999999999996,21,0.02404031835483859,4.391467958389954,0,[C][C][C][C][C][Branch1][C][O][=N][C][C][=C][Branch1][C][O][C][C][C][C][C@H1][Branch1][C][O][C][C][C][Branch1][C][O][=C][Branch1][C][O][C][=Branch1][C][=O][O][C][C][C][=Branch1][C][=O][O][=C][Branch1][C][O][C][C][O][=C][Ring1][S][Ring2][Ring1][=Branch1],-0.3801914161314018
482.4420000000003,1.5534800000000017,12,5,208.35999999999996,6,0.1580300229963819,5.339667476396974,2,[C][O][C][C][O][C][Branch1][C][O][=N][C][C][C][C][C][C][=C][Branch1][C][O][C][Branch1][C][O][=C][Branch1][C][O][C][Branch1][C][O][=C][Ring1][N][C][=Branch1][C][=O][O][C][C][=Branch1][C][=O][O][C][Branch1][Ring1][C][#N][C][Ring2][Ring1][Branch2],-0.3802330221324805
455.5120000000002,3.425650000000001,8,6,204.32999999999998,17,0.06280610794712384,3.8048400640742583,0,[C][O][C][C][O][C][Branch1][C][O][=N][C][C][C][C][C][C][Branch1][C][O][=N][C][C][C][C][C][C][Branch1][C][O][=N][C][Branch1][Ring1][C][#N][=C][Branch1][C][O][C][Branch1][C][O][=N][Ring1][=Branch2][C][=Branch1][C][=O][O][C][Ring2][Ring1][O],-0.38080073027240924
514.5720000000002,3.449600000000001,11,5,198.19999999999996,6,0.19861454165116943,5.375196198945249,1,[C][C][C][C][C][C@H1][Branch1][C][O][=C][C][=N][C][Branch1][C][O][=C][Branch1][C][O][C][C][C][C][C@@H1][Branch1][C][C][C@H1][Branch1][#Branch1][O][C][Branch1][C][N][=O][C][=Branch1][C][=O][O][C][=C][Branch1][C][O][C][C][=Branch1][C][=O][O][=C][Ring2][Ring1][=N],-0.38095642577071775
483.4700000000003,1.5506999999999995,11,6,195.56999999999996,11,0.08198044640875088,5.259680879746684,1,[C][O][C][Branch1][C][O][=N][C][=C][C][C][=C][Branch1][C][O][C][C][=Branch1][Ring2][=C][Ring1][#Branch1][C][=C][C][Branch1][C][O][=C][Branch1][C][O][C][C][=Branch1][C][=O][O][C][C][=Branch1][C][=O][O][C][Branch1][Ring1][C][O][C][Branch1][C][O][C][Ring2][Ring1][=Branch1],-0.38115645344136584
541.5100000000004,1.5686999999999993,13,7,240.51999999999995,4,0.0881706863014202,5.91329591928987,2,[C][O][C][Branch1][C][O][=N][C][=C][C][C][Branch1][C][O][=C][Branch1][C][O][C][=C][Ring1][Branch2][C][C][C][C][=Branch1][C][=O][O][C][Branch1][C][O][C][Branch1][C][O][=N][C][C][C][C][=Branch1][C][=O][O][=C][Branch1][C][O][C][C][C][Ring2][Ring1][Ring2][=N][O],-0.3816588408513556
529.5830000000004,1.5563000000000016,12,6,192.07999999999998,9,0.14363156687392473,5.463154410683044,1,[C][C][C][C][C][C][C][C][C][C@H1][Branch1][C][O][C][C@H1][Branch1][C][O][=N][C][=C][Branch1][Branch2][C][Branch1][C][O][C][C][=Branch1][C][=O][O][C][C][=Branch1][C][=O][O][C][C][=C][Branch1][C][O][C][Branch1][C][O][=C][Ring1][N][C][=Branch1][C][=O][O][Ring2][Ring1][=C],-0.3820886885999108
359.55100000000004,3.1525000000000007,5,4,95.94,12,0.24381569693868813,4.2468973517816675,1,[C][C][C][C][C][C@H1][Branch1][C][O][C@@H1][Branch1][C][O][C][C][C][C][C][C][C][C@H1][Branch1][C][C][C@H1][Branch1][C][O][C][C@@H1][Branch1][Ring2][C][O][=N][Ring1][=Branch2][=N][/O][=C][Branch1][C][O][C][C][C][=Branch1][C][=O][O][C][Branch1][C][O][=N][Ring2][Ring1][Branch2],-0.38343798247435024
503.5890000000005,3.458500000000001,11,4,160.85,7,0.22865373105454964,5.257051572702096,1,[C][C][C][C@H1][Branch1][C][C][O][=N][C@H1][Branch1][#Branch1][C][C][C][=Branch1][C][=O][O][C@H1][Branch1][C][O][C][C][C][C][=Branch1][C][=O][O][C][Branch1][C][O][=C][Branch1][C][O][C][C][C][C][C][C][C][=Branch1][C][=O][O][C][Ring2][Ring1][O],-0.3834671872324935
528.6470000000004,3.448170000000001,11,5,183.11999999999998,10,0.12260498738446314,5.572275809444193,1,[C][C][C][C][C][C@H1][Branch1][C][O][C][C][C][C@@H1][Branch1][C][O][=N][C][C][C][C][C@@H1][Branch1][=Branch1][C][C][C][N][=C][Branch1][C][O][C][=Branch1][C][=O][O][N][=C][Branch1][C][O][C][C][=Branch1][C][=O][O][C][Ring2][Ring1][N][=N][Ring2][Ring1][O],-0.3835711384606517
530.6190000000005,3.4482700000000017,11,7,220.49999999999997,19,0.01882240892474076,4.831455297308461,0,[C][O][C][Branch1][C][O][C][C][C][C][C][C][C][Branch1][C][C][=C][Branch1][C][O][C][Branch1][C][O][=C][Branch1][C][N][C][C][C][C][=Branch1][C][=O][O][C][Branch1][=Branch1][C][C][=N][O][C][C][N][=C][Branch1][C][O][C][Branch1][C][O][=N][Ring1][=Branch2],-0.38421953556267885
458.4160000000002,1.5617,12,7,203.43999999999997,4,0.2999083939019926,5.829432048451006,2,[C][O][C][C][C][C][C][C][C][C][Branch1][C][O][=C][Branch1][C][O][C][Branch1][C][O][=C][Ring1][N][C][Branch1][C][O][=C][Branch1][C][O][C][Branch1][C][O][=C][Ring1][N][C][=Branch1][C][=O][O][C@@H1][Branch1][Ring1][C][O][C][=Branch1][C][=O][O][Ring2][Ring1][O],-0.3844242690361782
544.6700000000004,1.5649900000000037,12,8,207.99,24,0.01272499206467061,5.03889902287229,0,[C][C][C@@H1][C][C][C][O][C][=Branch1][C][=O][C][C@H1][Branch1][C][O][C][=C][Branch1][C][O][C][Branch1][C][O][=C][Branch1][Branch1][C][N][N][C][C][C][C][N][=C][Branch1][C][O][C@@H1][Branch1][=Branch1][C][C][C][C][N][=N][O][C][Ring2][Ring1][O][=O],-0.3845264979373971
528.5550000000003,3.4509000000000025,11,5,193.43999999999997,9,0.09668386478476465,5.428225825241393,1,[C][O][C][=C][C][Branch1][C][O][=C][Branch1][C][O][C][C][Branch1][C][O][=C][Ring1][Branch2][C][Branch1][C][C][C][C][=Branch1][C][=O][O][N][=C][Branch1][C][O][C][C][C][=Branch1][C][=O][O][C][Branch1][=Branch1][C][C][C][C][C][C][=Branch1][C][=O][N][O][C][Ring2][Ring1][Branch2],-0.3846235584308388
514.5760000000004,1.5401999999999993,13,6,188.10999999999999,8,0.11926881051015452,6.666526385228988,2,[C][C][C][C][C][C][C@H1][Branch1][C][C][C@@H1][Branch1][C][O][C@@][Branch1][C][O][Branch1][C][O][C][C][=N][O][C][=Branch1][Ring2][=N][Ring1][N][C][=C][N][Branch1][C][O][C][C][C][=Branch1][C][=O][O][C][C@@H1][Ring2][Ring1][#Branch1][C][/C][=C][/N][=Branch1][C][=O][O],-0.38502520112844596
508.52100000000036,1.5374999999999992,13,8,227.82999999999996,17,0.02039139193239351,5.198510247453096,0,[C][C][=C][Branch1][C][O][C][C@H1][Branch1][C][O][C@H1][Branch1][C][O][C][C][Branch1][C][O][=C][Branch1][C][O][C][=Branch1][C][=O][C@H1][Branch1][C][C][C][Branch1][C][O][=N][O][C][C][C][C][C][C@@H1][Branch1][C][O][=N][O][C][=Branch1][C][=O][O][C][Ring2][Ring1][N],-0.38537699693157645
499.53300000000036,1.5364,10,5,193.87999999999997,15,0.12453837042866188,4.789531450135108,1,[C][C][C][C][C][C@H1][Branch1][C][O][C][C][=C][C][=C][Branch1][C][O][C][Branch1][C][O][=C][Ring1][=Branch2][C][C][=Branch1][C][=O][O][C][Branch1][Branch2][C][C][=Branch1][C][=O][O][C][Branch1][C][O-1][=C][Branch1][C][O][C][C][C][C][=Branch1][C][=O][O][Ring2][Ring1][=C],-0.38544113163490995
528.6030000000003,3.453240000000001,12,6,207.32999999999996,6,0.09788455858999345,5.573673578192252,1,[C][O][C][Branch1][C][O][=N][C][=C][Branch1][C][O][C][C][C][C][C][C][C][C@@H1][Branch1][C][O][C][C@H1][Branch1][C][O][C][C][C][C][=Branch1][C][=N][O][N][=C][Branch1][Ring1][O][C][C][C][C][=Branch1][C][=O][O][C][Ring2][Ring1][Branch2][=N],-0.3855634397242565
485.49400000000026,1.5379000000000025,10,6,199.53999999999996,6,0.13869285284810232,6.0320754492986755,3,[C][O][C][C][O][C][Branch1][C][O][=N][C][C][C][C][C][C][N][=C][Branch1][C][O][C][Branch1][C][O][=N][C][C][Branch1][C][O][=N][C][Branch1][C][O][=C][O][C][=Branch1][Branch1][=C][Ring1][Ring2][C][Branch1][C][O][=N][Ring2][Ring1][Branch2],-0.3859320169978117
498.5250000000003,3.464900000000002,11,3,165.89,8,0.25466909194048293,5.33164563875121,1,[C][C@@H1][C][C][C][C@H1][Branch1][C][O][=C][C][=C][Branch1][#Branch1][O][C][C][C][=Branch1][C][=O][O][C][=C][Branch1][C][O][C][Branch1][C][O][=C][Ring1][N][C][C][=Branch1][C][=O][C@H1][Branch1][Branch2][C][C][C][C][=Branch1][C][=O][O][C][=Branch1][C][=O][O][Ring2][Ring2][C],-0.385971273672019
512.5760000000002,3.463090000000001,11,5,175.34,18,0.07909800615783144,5.385782296000773,1,[C][C][C][C][C][C][C][C][C@H1][Branch1][C][C][C@H1][Branch1][C][O][C@@][Branch1][C][O][C][C][Branch1][=Branch1][C][C][=O][O][C@H1][Branch1][Ring1][C][O][C][=Branch1][C][=O][O][C][=Branch1][Ring2][=N][Ring1][N][C][=C][O][C][Branch1][C][O][=C][O][C][Branch1][C][O][=C][Ring1][Branch2],-0.3860562119691903
511.57200000000046,3.4635000000000016,9,7,201.49999999999997,15,0.07433011683387523,4.512334733737623,1,[C][C][Branch1][C][O][C][C][C][C][C][C][=Branch1][C][=O][N][C][=C][N][=C][Branch1][C][O][C][Branch1][C][O][=C][Branch1][C][O][C][Branch1][C][O][=C][Ring1][N][C][=Branch1][C][=O][O][C][Branch1][=Branch1][C][C][C][C][C][C][N][=C][Ring2][Ring1][#Branch2][O],-0.38609429513526944
526.6050000000004,1.5433999999999997,10,7,193.10999999999999,5,0.08994342691485802,5.37463682250384,1,[C][C][C][C][C][C@H1][Branch1][C][O][C@H1][Branch1][C][O][=N][C@H1][Branch1][C][O][S][=C][Branch1][C][O][C][C][=Branch1][C][=O][O][C][C][C][C][C@H1][Branch1][#Branch1][O][C][=Branch1][C][=O][O][=N][C][=Branch1][C][=O][O][C][C][C][Ring2][Ring1][=N],-0.3863219819011082
456.44800000000026,3.4415700000000014,10,7,210.18999999999997,9,0.11615594215272457,4.436220985050538,1,[C][C][C][C][C][Branch1][C][O][=C][C][Branch1][C][O][=C][Branch1][C][O][C][Branch1][C][O][=C][Ring1][N][C][C][C][=Branch1][C][=O][O][C][Branch1][C][O][=N][C][C][C][C][C][=Branch1][C][=O][O][C][Branch1][C][O][=N][Ring2][Ring1][=Branch2],-0.3865692139837319
497.49700000000047,3.469400000000002,10,5,192.41,1,0.3330360396204794,5.853199550624675,2,[C][C][=C][Branch1][C][O][C][C][C][C][Branch1][C][O][=C][Branch1][C][O][C][C][Branch1][C][O][=C][Ring1][N][C][C][Branch1][=Branch1][C][=Branch1][C][=O][O][C][C][C][C][=Branch1][C][=O][O][C][Branch1][C][O][=N][C][C][C][=Branch1][C][=O][O][C][Ring2][Ring1][Branch2],-0.3877923125024536
494.4610000000002,1.530680000000002,14,5,234.15999999999994,3,0.1631403607193096,4.856678037753095,1,[C][O][C][C][O][C][Branch1][C][O][=N][C][=C][Branch1][C][O][C][C][C][C][C][N][=C][Branch1][C][O][C][Branch1][C][N][=N][C][Branch1][Ring1][C][#N][=N][C][=Branch1][Branch1][=C][O][Ring1][Branch1][C][=Branch1][C][=O][O][C][Branch1][C][O][=C][Ring2][Ring1][=N],-0.3878862256744874
512.5560000000004,3.468600000000002,11,4,176.7,5,0.31491953056664057,6.173946674910141,2,[C][C][C][C][C][C@H1][Branch1][C][O][C][=C][Branch1][C][O][C][C][C][C][Branch1][C][O][=C][Branch1][C][O][C][C][C][=Branch1][Ring2][=N][Ring1][N][C][=Branch1][C][=O][O][C][Branch1][C][O][=N][C][C][C][=Branch1][C][=O][O][=C][Branch1][C][C][O][C][Ring2][Ring1][Branch2],-0.3882529666905337
577.6760000000003,1.6088700000000014,13,8,260.92999999999995,23,0.021578677357068615,5.047953413464692,0,[C][C][C][C][C][C@H1][Branch1][C][O][C][C@H1][Branch1][C][O][C][C][C][C][C@H1][Branch1][C][O][=C][Branch1][C][N][N][=N][C][C][Branch1][C][O][=N][O][C][=Branch1][Ring2][=N][Ring1][Branch2][C][=Branch1][C][=O][O][C][C@H1][Branch1][Ring1][C][O][C][C][C][C][=Branch1][C][=O][O],-0.388834504909222
488.44200000000023,1.529,12,8,231.50999999999996,11,0.05151708605462472,5.021741098426736,1,[C][C][C][Branch1][C][O][C][=C][C][Branch1][C][O][=C][Ring1][Branch2][C][Branch1][C][O][C][C][C][C][=Branch1][C][=O][O][C][Branch1][C][O][C][C][C][Branch1][C][O][=C][Branch1][C][O][C][Branch1][C][O][=C][Ring1][N][C][=Branch1][C][=O][O][C][=Branch1][C][=O][O],-0.38908727742757154
498.48100000000034,1.5265999999999995,12,6,200.27999999999997,5,0.18158935380716051,5.514122913592112,2,[C][=C][C][Branch1][C][O][C][C][C][C][C][Branch1][C][O][C][C][C][C][=C][C][Branch1][C][O][=C][Branch1][C][O][C][Branch1][C][O][=C][Ring1][N][C][=Branch1][C][=O][O][C][=Branch1][C][=O][O][C][C][Branch1][C][O][C][C][=Branch1][C][=O][O][Ring2][Ring1][N],-0.3893718518896816
511.5240000000004,3.473200000000001,12,5,184.56999999999996,3,0.34941362051938096,5.539599189354245,2,[C][O][C][Branch1][C][O][=N][C][=C][Branch1][C][O][C][Branch1][C][O][=C][Ring1][Branch2][C][C@@H1][Branch1][C][C][C][C][C][=Branch1][C][=O][O][C][C@H1][Branch1][C][O][C][C][C][C][C][C][=Branch1][C][=O][O][C][=C][Branch1][C][O][C][Branch1][C][O][=C][Ring2][Ring1][=Branch1],-0.3899617015861947
471.4590000000003,3.4644700000000013,12,6,196.05999999999997,10,0.06811387466391862,5.033014879544529,1,[C][O][C][Branch1][C][O][C][C][C][C][C][Branch1][C][O][=C][C][Branch1][C][O][=C][Branch1][C][O][C][C][C][C][=C][Branch1][C][O][C][Branch1][C][O][=C][Ring1][N][C][=Branch1][C][=O][O][C][=Branch1][C][=O][O][C][C][Ring2][Ring1][Branch2][=N],-0.3899881224704162
533.5270000000005,3.462600000000002,13,5,210.86999999999998,8,0.17198081287430728,5.209017944770087,1,[C][C][C][C@H1][Branch1][C][O][=C][C][Branch1][C][O][=C][Branch1][C][O][C][C][C@H1][Branch1][C][O][C][Branch1][C][O][=C][Branch1][Branch2][O][C][=Branch1][C][=O][O][C][C][C][C][C][=Branch1][C][=O][O][C][Branch1][C][O][=N][C][C][C][C][=Branch1][C][=O][O][Ring2][Ring1][Branch2],-0.39083505538270324
490.50200000000035,3.4772000000000007,10,6,200.27999999999997,17,0.05705804328614342,4.501060099857677,0,[C][C][C][C][C][C][C@H1][Branch1][C][C][O][C][=C][Branch1][C][O][C][=C][Branch1][C][O][C][Branch1][C][O][=C][Ring1][N][C][=Branch1][C][=O][O][C@H1][Branch1][Branch2][C][O][C][=Branch1][C][=O][O][C][C@@H1][Branch1][C][O][C][C][=Branch1][C][=O][O][Ring2][Ring1][N],-0.39134131192093713
485.4860000000004,1.5226000000000008,10,6,199.91999999999996,6,0.2979439716030926,5.022464100616427,1,[C][C][Branch1][C][C][C][C@H1][Branch1][C][O][C][C][C][=Branch1][C][=O][N][C][=C][Branch1][C][O][C][=C][Branch1][C][O][C][Branch1][C][O][=C][Ring1][N][C][=Branch1][C][=O][O][C@H1][Branch1][Branch2][C][C][C][=Branch1][C][=O][O][C][C][=Branch1][C][=O][O][C][Ring2][Ring1][N],-0.39203615443476597
558.5850000000005,3.4360500000000007,13,8,255.23999999999995,18,0.022826120825964268,4.945822774986938,0,[C][C][O][C][Branch1][C][O][=N][C][C][C][C][C][C@H1][Branch1][C][C][C@H1][Branch1][C][O][=N][C][Branch1][C][O][=C][Branch1][C][O][C][C][C][C][C][=Branch1][C][=O][O][C][=Branch1][C][=O][O][C][Branch1][Ring1][C][#N][C][=C][Branch1][C][O][C][Branch1][C][O][=N][Ring1][Branch2],-0.39232530545454297
542.5380000000001,1.5402,12,8,235.66999999999996,11,0.04633491887456577,5.47901033801594,1,[C][O][C][Branch1][C][O][=N][C][=C][C][=C][Branch1][C][O][C][C][C][C][Branch1][C][O][=C][Branch1][C][O][C][C][=Branch1][C][=O][O][C][Branch1][C][O][=C][Ring1][=C][C][=Branch1][C][=O][C@H1][Branch1][C][O][C@H1][Branch1][C][O][C][=Branch1][C][=O][N][C][C][C][C][C],-0.3932333813093696
559.6610000000003,1.5619800000000055,12,5,206.97999999999996,11,0.1057513121025303,5.854266953611129,1,[C][C][C][C][C][C][C@H1][Branch1][C][C][O][C][C@H1][Branch1][C][O][=N][C@H1][Branch1][=Branch1][C][C][C][C][N][=C][Branch1][=Branch1][O][O][C][C][C][C][N][=C][Branch1][C][O][N][C][=Branch1][C][=O][C][Branch1][Ring1][C][#N][O][C][=Branch1][C][=O][O][Ring2][Ring2][Ring1],-0.3937242473457769
474.5110000000003,1.5237000000000016,10,6,195.01999999999998,7,0.2324497476948964,5.783922025956024,1,[C][C][C][C][C][C][C@H1][Branch1][C][C][O][C][C@H1][Branch1][C][O][=N][C@H1][Branch1][C][O][C][/C][=C][/C][Branch1][C][O][=N][O][C][Branch1][C][O][=N][C][C][C][=Branch1][C][=O][O][C][Branch1][C][O][=N][Ring2][Ring1][Branch2],-0.3938332475604357
499.4690000000004,1.5151999999999994,12,4,190.63999999999996,3,0.323766566384509,5.29090429527929,2,[C][C][C][C][C][Branch1][C][O][=C][C][Branch1][C][O][=C][C][Branch1][C][O][=C][Ring1][Branch2][C][Branch1][C][O][C][C][=Branch1][C][=O][O][C][Branch1][C][O][C][C][C][=Branch1][C][=O][O][C][Branch1][C][O][=N][C][C][C][=Branch1][C][=O][O][C][Ring2][Ring1][Branch2],-0.3939214315621837
506.5890000000003,1.5152999999999999,11,7,194.20999999999998,18,0.06161187594807075,4.808994227374824,0,[C][C][C@H1][Branch1][C][O][C@@H1][Branch1][C][C][C@@H1][Branch1][C][O][C@@H1][Branch1][C][O][C][C][C][C][C][=Branch1][C][=O][O][C][=C][Branch1][C][O][C][=C][Branch1][C][O][C][C][C][C@H1][Branch1][C][O][=C][Branch1][C][O][C][C][=Branch1][C][=O][O][C][Ring2][Ring1][=N],-0.3941003857952946
545.4940000000005,3.458700000000001,13,8,253.09999999999994,16,0.026284053215979833,4.26581605738456,0,[C][O][C][Branch1][C][O][=N][C][=C][Branch1][C][O][C][C][Branch1][C][O][=C][Ring1][Branch2][C][C][C][=Branch1][C][=O][O][C][C][=C][Branch1][C][O][C][Branch1][C][O][=C][Branch1][C][O][C][=Branch1][C][=O][O][C][=C][Branch1][C][O][C][C][C][C][C][=Branch1][C][=O][O],-0.3941265362088685
481.4540000000003,3.482100000000001,11,6,195.56999999999996,2,0.1918107493825333,5.1834041077108655,2,[C][O][C][Branch1][C][O][=N][C][=C][C][C][=C][Branch1][C][O][C][C][Branch1][C][O][=C][Ring1][Branch2][C][C][C][C][C][=Branch1][C][=O][C][Branch1][C][O][=C][Branch1][C][O][C][Branch1][C][O][=C][Branch1][C][O][C][C][=Branch1][C][=O][O][C][Ring2][Ring1][Branch1],-0.39458722998090073
502.47300000000035,3.486500000000002,13,5,206.15999999999997,7,0.11144632836606022,4.499892614477917,1,[C][O][C][C][O][C][Branch1][C][O][=N][C][=C][Branch1][C][O][C][C][C][C][C][Branch1][C][O][=C][Branch1][C][O][C][Branch1][C][O][=C][Ring1][S][C][=Branch1][C][=O][O][C][=Branch1][C][=O][O][C][Branch1][C][O][=N][C][C][C][C][Ring2][Ring1][=N],-0.39463099588856504
501.61700000000036,3.4880000000000004,10,5,154.78,14,0.07850561557339059,5.037213600686183,1,[C][C][C][C][C][C][C][C][C][C][C][C@H1][Branch1][C][O][C][C@H1][Branch1][C][O][=C][C][Branch1][C][O][=C][Branch1][Branch1][O][C][N][C][C][C][=Branch1][C][=O][O][C][=Branch1][Branch1][=C][O][Ring1][N][C][=Branch1][C][=O][O][C][Ring2][Ring1][=Branch1],-0.39521323201026576
519.5690000000003,1.5160999999999998,13,6,184.23999999999995,4,0.11068102878576602,5.012827240654461,2,[C][C][C][C][C][C@H1][Branch1][C][O][C@H1][Branch1][C][O][=N][C@H1][Branch1][C][O][S][C][C][C][C][=Branch1][C][=O][O][C][=C][Branch1][C][O][C][=C][Branch1][C][O][C][Branch1][C][O][=C][Ring1][=Branch2][C][=Branch1][C][=O][O][C][C][O][=C][Ring2][Ring1][=N],-0.3955012726199501
541.6020000000003,3.4667000000000017,10,8,237.22,21,0.026452122079204263,4.673054861982006,0,[O][=C][Branch1][C][O][C][C][C][C][C][C][C][C][C@@H1][Branch1][C][O][C][=C][Branch1][C][O][C][Branch1][C][O][=C][Branch1][C][O][C][C][N][=N][C][=N][C][=N][C][=Branch1][Branch1][=C][O][Ring1][Branch2][=N][C][=Branch1][C][=O][C][C][C][O][Ring2][Ring1][Branch2],-0.3955304387983315
528.5110000000004,3.481600000000002,11,7,235.99999999999997,6,0.06547757549815918,4.4672014001544404,1,[C][C][O][C][Branch1][C][O][=N][C][C][C][C][C][Branch1][C][O][=C][C][Branch1][C][O][=C][Branch1][C][O][C][C][C][=Branch1][C][=O][O][C][Branch1][C][O][=C][Branch1][C][O][C][C][C][C][=Branch1][C][=O][N][=C][Branch1][C][O][C][C][Ring2][Ring1][Branch2][=O],-0.3967589672382979
524.5670000000003,3.485190000000002,11,4,190.52999999999997,8,0.26988335995214924,6.781279315408008,2,[C][C][Branch1][C][C][C@@H1][C][C][C][C][C][Branch1][C][O][=C][C][C][Branch1][C][O][=C][Branch1][C][O][C][C][C][C][=Branch1][Ring2][=N][Ring1][Branch1][C][=N][O][C][C@@H1][Branch1][Branch2][C][C][C][=Branch1][C][=O][O][O][C][=Branch1][C][=O][O][C][Ring2][Ring1][=N][O-1],-0.39712723871827366
532.5430000000003,3.480100000000003,12,6,217.15999999999997,16,0.055323591563061374,5.137766234371398,0,[C][O][C][Branch1][C][O][=N][C][=C][Branch1][C][O][C][C][Branch1][C][O][=C][C][C][Branch1][C][O][=C][Branch1][C][O][C][C][C][=Branch1][C][=O][O][C][Branch1][C][O][=N][C@H1][Branch1][C][C][C][C][C][=Branch1][C][=O][C@H1][Branch1][C][C][O][C][O][=C][Ring2][Ring1][=Branch1],-0.39740602536448916
521.5160000000003,1.5109000000000015,13,7,225.02999999999994,18,0.019859300062102483,4.6616704407404885,0,[C][O][C][Branch1][C][O][C][O][C][C][Branch1][C][O][=N][C][C][C][C][C][C][=Branch1][C][=O][O][C][C][=C][Branch1][C][O][C][Branch1][C][O][=C][Branch1][C][O][C][Branch1][C][O][=C][Ring1][=Branch2][C][=Branch1][C][=O][O][C][Branch1][C][O][C][C][Ring2][Ring1][Ring2],-0.3979733189850792
499.5130000000004,1.5043799999999992,11,6,214.83999999999997,12,0.1663345851090016,5.200730648969837,1,[C][C][C][Branch1][C][O][C][C][C][C][C][Branch1][C][O][C][=C][Branch1][C][O][C][Branch1][C][O][=C][Ring1][N][C][=Branch1][C][=O][O][C][Branch1][C][O][C][C][C][=Branch1][C][=O][O][C][Branch1][Ring1][C][#N][C][C][C][C][=Branch1][C][=O][O],-0.3982491910600702
484.4580000000003,1.5071000000000017,11,5,193.43999999999997,5,0.1642441579495485,4.343025243538775,1,[C][O][C][C][O][C][Branch1][C][O][=N][C][=C][C][=C][Branch1][C][O][C][=Branch1][C][=O][O][C][C][C][=C][Branch1][C][O][C][Branch1][C][O][=C][Ring1][=Branch2][C][=Branch1][C][=O][O][C][C][C][C][C][=Branch1][C][=O][N][Ring2][Ring1][Branch2],-0.3983745482030691
474.5590000000003,1.5116400000000014,11,7,223.75999999999993,17,0.05320599592546056,5.216360446388874,0,[C][C][C@@H1][Branch1][C][C][C@@H1][Branch1][C][O][C][C][C][=Branch1][C][=O][N][=C][Branch1][C][O][C@@H1][Branch1][C][O][C][C][C][C][C@H1][Branch1][Ring2][C][C][N][=N][O][C][=Branch1][C][=N][O][C][=Branch1][Ring2][=N][Ring1][Branch1][C][N][=O][N][=C][Ring2][Ring1][Branch2],-0.3986048874010446
539.5420000000004,3.4783800000000014,11,6,239.36999999999995,12,0.11907410439954905,4.504548488355632,1,[C][O][C][C][O][C][Branch1][C][O][=N][C][C][C][C][C][C][C][C][Branch1][C][O][=N][C][Branch1][C][O][=N][C][Branch1][C][O][=C][Branch1][C][O][C][C][C][C][Branch1][C][O][=N][C][Branch1][Ring1][C][#N][=C][Ring1][S][C][=Branch1][C][=O][O],-0.3992626541012827
469.3990000000002,1.5134999999999996,13,6,204.8,9,0.16145411959469,4.919576628856113,2,[C][O][C][C][C][C][C][O][C][Branch1][C][O][=C][Branch1][C][O][C][=C][Branch1][C][O][C][Branch1][C][O][=C][Ring1][N][C][=Branch1][C][=O][O][C@H1][Branch1][C][O][C][=Branch1][C][=O][C][=C][O][C][Branch1][C][O][=C][C][Ring2][Ring1][Branch2][=N][Ring1][Branch2],-0.3993179745566183
488.6260000000003,3.498300000000002,9,4,143.23000000000002,19,0.0705806376524209,4.760236691741439,1,[C][C][C][C][C][Branch1][C][O][=N][C][C][Branch1][C][O][=N][C][C][C][C][C][C][C@H1][Branch1][Ring1][C][O][=N][C@H1][Branch1][=N][C][C][C][C][C][=Branch1][C][=O][O][O][=N][C][=Branch1][Branch1][=C][O][Ring1][#C][C][=Branch1][C][=O][O],-0.39996741605285885
515.5400000000004,1.5016600000000022,9,9,242.08999999999995,21,0.02646515348984246,4.704869128577323,0,[O][=C][Branch1][C][O][C][C@H1][C][C][C][C][=Branch1][C][=O][N][C][=C][Branch1][C][O][C][=C][Branch1][Ring2][O][C][Branch1][Branch2][N][C][C][=Branch1][C][=N][O][N][=C][Branch1][C][O][C][C][C][C][C@@H1][Branch1][Ring1][C][O][C][=Branch1][C][=O][O][Ring2][Ring1][N],-0.40054363968985873
528.5790000000002,1.50836,11,6,211.54999999999998,11,0.09839139666135206,5.656256673126484,1,[C][C][C][C][C@@H1][N][=C][Branch1][C][O][C@@H1][Branch1][C][O][C][C][C][C][C][C@H1][Branch1][C][O][C@H1][Branch1][C][O][C][C][N][=C][Branch1][Branch2][O][C][C][=Branch1][C][=O][O][C][=C][O][C][=Branch1][Ring2][=N][Ring1][N][C][=Branch1][C][=O][O][C][Ring2][Ring1][Branch2],-0.40075306524092874
532.5390000000006,3.4899000000000004,12,7,220.50999999999996,18,0.04420026321645218,4.242034281273321,0,[C][C][Branch1][C][C][C@H1][Branch1][C][O][C][O][C][C][=Branch1][C][=O][O][C][=C][Branch1][C][O][C][Branch1][C][O][=C][Branch1][C][O][C][C][C][C][C][C][C][C][=Branch1][C][=O][O][C][=C][Branch1][C][O][C][Branch1][C][O][=C][Ring1][=Branch2][C][=Branch1][C][=O][O][Ring2][Ring1][N],-0.4012723111354686
504.48500000000035,3.503000000000001,13,7,212.67,10,0.05670368358917438,5.429787596333001,1,[C][C][C][C][C][C][O][C][Branch1][C][O][C][C][=C][Branch1][C][O][C][Branch1][C][O][=C][Branch1][C][O][C][C][O][=C][Ring1][N][C][=Branch1][C][=O][O][C][=Branch1][C][=O][O][C][=C][Branch1][C][O][C][Branch1][C][O][=C][Branch1][C][O][C][Ring2][Ring1][Branch2],-0.40130026277090863
487.4580000000004,1.4974000000000005,11,6,212.63999999999996,10,0.11190325945171943,4.9109368371013735,1,[C][C][C][Branch1][C][O][C@H1][Branch1][C][C][O][C][C][=C][Branch1][C][O][C][=C][Branch1][C][O][C][Branch1][C][O][=C][Ring1][N][C][=Branch1][C][=O][O][C][C][=Branch1][C][=O][O][C][Branch1][C][O][=N][C][C][C][C][C][=Branch1][C][=O][O][Ring2][Ring1][=C],-0.40182370345214796
515.5600000000002,1.4971000000000008,11,6,199.72999999999996,8,0.11838295609813626,6.324213802833393,2,[C][C][=C][Branch1][C][O][C][C@H1][Branch1][C][O][C][C][Branch1][C][O][=N][C][C][C][C][C][C][C@@H1][Branch1][C][O][C][C][C][C@H1][Branch1][#Branch1][C][C][=Branch1][C][=O][O][=N][O][C][=Branch1][Branch1][=N][O][Ring1][O][C][=Branch1][C][=O][O][C][Ring2][Ring1][Branch2],-0.4023652569494535
498.5290000000004,3.5109000000000012,10,4,176.7,8,0.21987943720573827,5.223470671171439,2,[C][C][C][C][C][C][C@H1][Branch1][C][C][O][C][/C][=C][/C][Branch1][C][O][=N][/O][=C][Branch1][C][O][C][C][C][C][N][=C][Branch1][C][O][C][Branch1][C][O][=C][Ring1][N][C][=Branch1][C][=O][O][C][=Branch1][C][=O][O][C][Ring2][Ring1][Branch2],-0.4043707024056026
534.6270000000004,1.5029399999999997,12,6,214.54,21,0.03096469881557394,5.393362384639438,0,[C][C][C@H1][Branch1][C][O][C@@H1][Branch1][C][C][O][C][C][=Branch1][C][=O][O][C@H1][Branch1][C][O-1][C][C][C][C@H1][Branch1][C][O][C][C][C][C][C][C@@H1][Branch1][C][C][C@H1][Branch1][C][O][C][C][=Branch1][C][=N][O][C][=Branch1][C][=O][O][=N][C][Ring2][Ring1][N][=N],-0.404792168269101
531.5110000000004,1.4994000000000005,14,6,221.86999999999998,5,0.16827500310408836,5.6183955419931575,1,[C][O][C][Branch1][C][O][=C][C][Branch1][C][O][C][C][C][C][=C][Branch1][C][O][C][Branch1][C][O][=C][Branch1][C][O][C][C][=Branch1][C][=O][O][=C][Branch1][C][O][C][C][C][=Branch1][C][=O][O][C][Branch1][C][C][=N][C][C][C][=Branch1][C][=O][O][=C][Ring2][Ring1][N],-0.4051713589137317
483.4700000000004,3.511700000000002,10,5,192.40999999999997,5,0.21815804454797488,4.8851013781823305,2,[C][C][C][C][C][C][C][C][C][Branch1][C][O][=C][C][Branch1][C][O][=C][Branch1][C][O][C][Branch1][C][O][=C][Ring1][N][C][=Branch1][C][=O][O][C][C][Branch1][C][O][=N][C][=Branch1][C][=O][O][C][C][C][=Branch1][C][=O][O][=C][Ring2][Ring1][N],-0.4060281591220006
486.5180000000003,1.4871000000000014,11,6,183.87999999999997,4,0.31512644236246823,4.862157291808552,1,[O][=C][Branch1][C][O][C][C][C][C][C][C][C][C@H1][Branch1][C][O][=N][C][C][=C][Branch1][Ring1][O][C][#N][C][=C][Branch1][C][O][C][Branch1][C][O][=C][Ring1][=Branch2][C][=Branch1][C][=O][O][C][C][C][C][=Branch1][C][=O][O][Ring2][Ring1][=N],-0.4060562558267013
469.3990000000002,1.4957999999999998,10,6,220.47999999999996,6,0.15093377318884246,4.5629453696112545,2,[O][=C][Branch1][C][O][C][C][C][C][C][C][C][C][C][=C][C][Branch1][C][O][=C][Branch1][C][O][C][Branch1][C][O][=C][Ring1][=Branch2][C][=Branch1][C][=O][O][C][Branch1][C][O][=N][C][=Branch1][C][=O][O][C][=Branch1][C][=O][C][Ring2][Ring1][Branch2][O],-0.40631577277285214
470.47500000000025,1.4940000000000015,11,5,194.70999999999995,5,0.28723396389573475,5.289880076652306,1,[C][C][C][C][C][C][C@H1][Branch1][C][C][O][C][=Branch1][C][=O][C][=C][Branch1][C][O][C][=C][Branch1][C][N][C][Branch1][C][O][=C][Ring1][N][C][=Branch1][C][=O][C@@H1][Branch1][#Branch1][C][C][=Branch1][C][=O][O][C][=Branch1][C][=O][O][=N][O][C][Ring2][Ring1][=N],-0.40670955545696175
498.52900000000045,3.5168800000000027,12,5,199.12999999999997,15,0.055224597608778334,4.404955104248785,0,[C][C][C][Branch1][C][C][C][C][O][C][Branch1][C][C][=N][C][=C][Branch1][C][O][C][Branch1][C][O][=C][Branch1][C][O][C][C][C][=Branch1][C][=O][O][C][Branch1][C][O][=C][Branch1][Ring1][C][#N][C][C][C][=Branch1][C][=O][O][C][Branch1][Ring1][C][O],-0.40676263946926206
486.4700000000003,1.4819999999999998,12,5,189.27999999999997,8,0.18898554167867793,5.238116711152115,2,[C][C][Branch1][C][C][C][C][O][C][C][C][C][C][C@H1][Branch1][C][O][C][=C][C][Branch1][C][O][=C][Branch1][C][O][C][Branch1][C][O][=C][Ring1][N][C][=Branch1][C][=O][O][C][=Branch1][C][=O][O][C@H1][Branch1][Ring1][C][O][C][=Branch1][C][=O][O][Ring2][Ring1][=Branch2],-0.408098129865845
518.5120000000005,1.4838999999999989,13,5,198.51,17,0.06102962123645998,4.735581304677216,1,[C][O][C][Branch1][C][O][=C][C][=C][Branch1][C][O][C][Branch1][C][O][=C][Ring1][Branch2][C][C][=Branch1][C][=O][O][C@H1][Branch1][C][O][C@@H1][Branch1][C][O][C][C][C][=Branch1][C][=O][C][C@@H1][Branch1][C][O][C][C][C][C][C][C][=Branch1][C][=O][O][O][C][Ring2][Ring1][Branch2],-0.4081228371164746
524.5710000000004,3.516350000000002,11,6,220.92999999999998,10,0.07970923561426958,5.656333880150051,1,[C][O][C][Branch1][C][O][=N][C][=C][Branch1][C][O][C][C][C][C][C][C][C][C@@H1][Branch1][Ring1][C][#N][C][=C][Branch1][C][O][C][Branch1][C][O][=C][Branch1][Branch1][C][O][C][C][C][C][=Branch1][C][=O][O][C@H1][Branch1][#Branch1][O][C][Branch1][C][N][=N][Ring2][Ring1][Branch1],-0.4094993379286475
547.5980000000005,1.5037999999999994,12,5,201.63999999999996,19,0.06759320288884131,4.809707181681752,1,[C][C][C][C][C][C@H1][Branch1][C][O][C][C@@H1][Branch1][C][O][C][C][C][C][C@H1][Branch1][C][O][=C][Branch1][C][O][C][C][=C][Branch1][C][O][C][=Branch1][C][=O][O][C][=Branch1][=Branch1][=N][=C][O][Ring1][Branch2][C][=Branch1][C][=O][O][C][C][C][C][=Branch1][C][=O][O][Ring2][Ring1][Branch2],-0.4096932862715722
521.6280000000003,1.4793899999999993,12,7,190.53,24,0.014224917337766034,5.165218731301224,0,[C][=C][C][C][C][C][C@H1][Branch1][C][C][C@@H1][Branch1][C][O][C][C@H1][Branch1][C][O][C@@H1][Branch1][C][O][C][C][C][C][C][C@H1][Branch1][C][O][C@H1][Branch1][C][O][C][C][=Branch1][C][=O][O][=C][O][C@H1][Branch1][Ring2][Ring1][Ring2][=N][=N][O][C][Ring1][Branch2][=N][O],-0.41052922560032223
532.5430000000002,1.4848000000000003,12,6,213.67000000000002,15,0.044172196156956216,4.6098000399999215,1,[C][C][O][C][Branch1][C][O][=C][C][Branch1][C][O][=C][Ring1][Branch2][C][Branch1][C][O][C][C][C][=Branch1][C][=O][O][C][C][C][C][=Branch1][C][=O][O][C][Branch1][C][O][C][C][C][C][C][=Branch1][C][=O][N][O][C][Branch1][C][O][=N][C][C][Ring2][Ring1][Branch2],-0.4112628767540294
559.6170000000003,1.5150000000000028,12,5,216.11,21,0.025715760112293214,4.962730618204615,1,[O][=C][Branch1][C][O][C][C][C][C][C][C][C][C@H1][Branch1][C][O][=N][C][Branch1][C][O][=N][C][=C][Branch1][Ring1][O][C][C][C][C][C][C][=Branch1][C][=O][O][C][=Branch1][Ring2][=N][Ring1][Branch2][C][N][=C][O][C][Branch1][#Branch1][O][C][C][O][=N][Ring2][Ring1][Branch2],-0.41164638557383115
471.5030000000003,3.5196000000000014,10,5,175.33999999999997,12,0.05382204909178489,4.865133341082991,1,[C][O][C][Branch1][C][O][C][C][C][C][Branch1][C][O][=N][C][C][C][C][C][C][Branch1][C][O][=C][Branch1][C][O][C][Branch1][C][O][=C][Branch1][C][O][C][C][C][=Branch1][C][=O][O][C][=Branch1][Branch1][=C][Ring1][N][C][=Branch1][C][=O][O][C][Ring2][Ring1][#Branch1],-0.4118030859962081
470.4710000000003,1.4807999999999995,11,7,194.20999999999998,1,0.27430457921390144,6.165103453547813,2,[C][C][C][Branch1][C][C][C][C][Branch1][C][O][C][=C][C][Branch1][C][O][=C][C][Branch1][C][O][=C][Ring1][N][C][Branch1][C][O][=C][Branch1][C][O][C][Branch1][C][O][C][=Branch1][C][=O][O][C][Branch1][C][O][C][=Branch1][C][=O][O][Branch1][C][C][C][C][Ring2][Ring1][=N],-0.411935467960699
501.48500000000035,3.530100000000002,12,4,190.63999999999996,10,0.11207641052738085,4.759621646935738,1,[C][C][C][C][C][C][C][O][C][Branch1][C][O][C][=C][Branch1][C][O][C][=C][Branch1][C][O][C][C][C][Branch1][C][O][=C][Ring1][N][C][=Branch1][C][=O][O][C][=Branch1][C][=O][O][C][Branch1][C][O][=N][C][C][=Branch1][C][=O][O][C][Ring2][Ring1][N],-0.41205070379748243
512.5080000000003,3.5284000000000018,12,6,200.27999999999997,6,0.1310233688957976,5.32849253886188,2,[C][C][C][C][C][C@H1][Branch1][C][O][C][C][Branch1][C][O][=C][Branch1][C][O][C][=C][Branch1][C][O][C][C][C][C][C][C][=C][Branch1][C][O][C][Branch1][C][O][=C][Ring1][=Branch2][C][=Branch1][C][=O][O][C][=Branch1][C][=O][O][C][Branch1][C][O][C][Ring2][Ring1][Branch2][=O],-0.4121199459574853
529.4990000000004,1.4800000000000029,12,6,229.51999999999995,5,0.1286831481963533,5.9238946213690715,2,[C][O][C][C][O][C][Branch1][C][O][=N][C][C][C][C][C][Branch1][C][O][=N][C][Branch1][C][O][=C][Branch1][C][O][C][Branch1][C][O][=C][Ring1][=N][C][=Branch1][C][=O][O][C][C][Branch1][C][O][=N][C][C][C][C][C][=Branch1][C][=O][O][=C][Ring2][Ring1][O],-0.41224357363578046
441.4770000000004,3.4892800000000017,9,5,177.54,13,0.16132799129257433,4.427591713572983,1,[C][C][C][C@H1][Branch1][C][O][=C][C][Branch1][C][O][=C][Branch1][C][O][C][Branch1][C][O][=C][Ring1][=Branch2][C][=Branch1][C][=O][O][C@H1][Branch1][C][O][C][C][C][C][C][C][C][C@H1][Branch1][=Branch1][C][=Branch1][C][=O][O][C][#N][C][Branch1][C][O][=N][C][Ring2][Ring1][Branch2][=N],-0.41265936686327664
503.59300000000036,1.4666000000000001,9,6,190.5,15,0.08251816897055816,5.302591524319908,1,[C][C][C@H1][Branch1][C][O][C@@H1][Branch1][C][C][C][=Branch1][C][=O][O][C@H1][Branch1][C][C][C@H1][Branch1][C][O][C@H1][Branch1][C][O][C][C][C][=Branch1][C][=O][N][=C][Branch1][C][O][C][C][C][C][C][C][C@H1][Branch1][C][C][O][=N][C][Branch1][C][O][=N][Ring1][Branch2],-0.41342245729519816
499.46900000000034,1.4657,13,8,218.95999999999995,6,0.0855891482781223,6.176567361029689,2,[C][C][O][C][C][C][O][C][Branch1][C][O][C][C][=C][Branch1][C][O][C][=C][Ring1][Branch2][C][Branch1][C][O][C][Branch1][C][O][=C][Branch1][C][O][C][=Branch1][C][=O][O][C][C][C][=C][Branch1][C][O][C][Branch1][C][O][=C][C][Ring2][Ring1][Branch2][=N][O],-0.4137213630500605
482.4380000000003,1.4682900000000008,11,6,214.10999999999996,5,0.24259082695106035,5.420654759479998,2,[C][C@@H1][C][C][Branch1][C][O][=C][C][Branch1][C][O][=C][Branch1][C][O][C][C][C][C][C][Branch1][C][O][=C][Branch1][Ring1][C][O-1][C][Branch1][C][O][=C][Ring1][N][C][=Branch1][C][=O][O][C@H1][Branch1][#Branch1][C][C][=Branch1][C][=O][O][C][=Branch1][C][=O][O][C][Ring2][Ring1][=N],-0.4141760244533714
489.5180000000003,1.4645999999999997,12,8,206.23999999999995,14,0.057366273948848065,4.9472183427209036,1,[C][C][C][C][C][C@H1][Branch1][C][O][C@H1][Branch1][C][O][=N][C][C][C][C][C@H1][Branch1][C][O][=C][Branch1][C][O][C][C][=C][Branch1][C][O][C][Branch1][C][O][=C][Ring1][=Branch2][C][=Branch1][C][=O][O][C][=Branch1][C][=O][O][C][Branch1][C][O][=C][Ring2][Ring1][=N],-0.41469023969223107
515.5560000000003,3.534600000000001,11,5,184.56999999999996,7,0.14451006865754615,4.924824225379117,1,[C][C][O][C][Branch1][C][O][=N][C][C][C][C][C][C@@H1][Branch1][C][O][C][C][C][C][=C][Branch1][C][O][C][Branch1][C][O][=C][Branch1][C][O][C][=Branch1][C][=O][O][C][C][=Branch1][C][=O][O][=C][Branch1][C][O][C][C][C][=C][Ring2][Ring1][Branch2],-0.4150078338344957
515.5560000000004,3.534600000000002,11,5,184.57,18,0.059100312866190344,4.7964832423718455,1,[C][C][C][C][C][C@H1][Branch1][C][O][C][=C][Branch1][C][O][C][C][C][C][Branch1][C][O][=C][Branch1][C][O][C][C][C][=Branch1][C][=O][O][C][=Ring1][Branch1][O][C][C][C][Branch1][C][O][=N][C][Branch1][Ring1][O][C][C][=Branch1][C][=O][O][=C][Ring2][Ring1][N],-0.415007833834496
482.48600000000033,3.5347800000000014,10,4,181.14,19,0.05650271910467935,4.812601471034684,1,[O][=C][Branch1][C][O][C][C@H1][C][C][C][C][C@H1][Branch1][C][O][C][/C][=C][/C][Branch1][C][O][=N][/O][C][=C][Branch1][=Branch1][O][C@@H1][Branch1][C][O][C][C][C][C][=Branch1][C][=O][O][C][=C][O][C][Ring2][Ring1][Branch2][=N][Ring1][Branch1],-0.4153915075299451
530.5270000000003,1.4721700000000026,13,7,231.30999999999997,7,0.08131716869035646,5.628196183005074,2,[C][O][C][C][O][C][Branch1][C][O][C][C][C][C][C][=C][Branch1][C][O][C][Branch1][C][O][=C][Branch1][C][O][C][C][Branch1][C][O][=C][Ring1][N][C][=Branch1][C][=O][O][C][Branch1][#Branch1][O][C][Branch1][C][N][=N][C][C][C][C][=Branch1][C][=O][O][C][Ring2][Ring1][=N],-0.41564060477773246
481.51000000000033,1.461880000000003,8,5,220.21999999999997,13,0.1456494436282263,4.770682543909178,1,[C][O][C][C][O][C][Branch1][C][O][=N][C][C][C][C][Branch1][C][O][=N][C][Branch1][C][N][=N][C][C][C][C][N][=C][Branch1][C][O][C][Branch1][C][O][=N][C][C][C][=Branch1][Branch1][=C][O][Ring1][Branch1][C][#N][=N][C][Ring2][Ring1][=Branch1][=O],-0.4168913790233602
483.47400000000033,1.4573800000000001,10,6,194.95999999999998,10,0.24753749458325155,5.313048772723272,1,[C][C][C][C][C@@H1][N][C][=Branch1][C][=O][C][=C][O][C][Branch1][C][O][=C][Branch1][C][O][C][Branch1][C][O][=C][Ring1][N][C][=Branch1][C][=O][C@H1][Branch1][N][C][C][C][C][=Branch1][C][=O][N][C@@H1][Branch1][Ring1][C][O][N][C][=Branch1][C][=O][O][Ring2][Ring1][=N],-0.4183556728526577
548.6300000000005,1.4808000000000017,12,6,207.09999999999994,13,0.08371003265302882,5.260821094550399,1,[C][C][C][C][C][C@H1][Branch1][C][O][C@H1][Branch1][C][O][=N][C][C][C][C][C][C][C@@H1][Branch1][C][C][=C][C][Branch1][C][O][=C][Branch1][#Branch1][O][C][Branch1][C][N][=O][O][C][C][=Branch1][C][=O][O][C@H1][Branch1][Ring1][C][O][C][C][=Branch1][C][=O][O][Ring2][Ring1][Branch2],-0.4191210922871809
540.5620000000004,3.5283000000000015,11,6,208.11999999999998,9,0.1832718525507014,4.75788579378098,1,[C][C][C][C][C][C][C@H1][Branch1][C][O][C][=C][C][=Branch1][C][=O][C][=C][Branch1][C][O][C][Branch1][C][O][=C][Branch1][C][O][C][C][C][Branch1][C][O][=C][Ring1][=Branch2][C][=Branch1][C][=O][O][C@H1][Branch1][Branch2][C][C][C][=Branch1][C][=O][O][C][C][=Branch1][C][=O][O][C][Ring2][Ring1][=C],-0.419243659195939
473.47500000000036,1.4601,11,4,181.40999999999997,4,0.2634317846509636,5.206000131359916,1,[C][C][C][C][C][C][C@H1][Branch1][C][O][C][Branch1][C][O][=N][C][C][C][=C][Branch1][C][O][C][=C][Ring1][Branch2][C][=Branch1][C][=O][O][C][Branch1][C][O][C][O][C][=Branch1][C][=O][O][C][C][=Branch1][C][=O][O][C][Ring2][Ring1][N],-0.41932925500136514
488.59800000000035,1.4525000000000012,10,5,162.98,4,0.366009457167672,5.652968238813621,1,[C][C][C@H1][Branch1][C][C][C@H1][Branch1][C][C][C@@H1][Branch1][C][O][C@H1][Branch1][C][O][C@@H1][Branch1][C][O][C][C][C][C][=C][N][Branch1][Ring1][C][O-1][C][C][Branch1][C][O][=C][Branch1][C][O][C][C][C][C@H1][Branch1][C][O][C][=Branch1][C][=O][O][C][Ring2][Ring1][O],-0.4196200929602866
472.53500000000037,3.5421000000000014,9,7,192.63,4,0.29956628996425966,5.375307181233119,1,[C][C][C][Branch1][C][O][C][C][C][C][C][C][C][Branch1][C][O][=N][C][=C][Branch1][C][O][C][Branch1][C][O][C][C][C][C][Branch1][C][O][=C][Branch1][C][O][C][C][C][=Branch1][C][=O][O][C][Branch1][C][O][=N][Ring2][Ring1][O][=N][C],-0.42044368291127926
514.5240000000005,1.4468999999999994,10,5,197.11999999999998,11,0.19672574231125464,5.0053696968758885,2,[O][=C][Branch1][C][O][C][C][C][C][C][C][C@H1][Branch1][C][O][C][C][C][=C][C][Branch1][C][O][=C][Branch1][Branch1][O][C][C][O][=C][Ring1][=Branch2][C][=Branch1][C][=O][O][C][C][=Branch1][C][=O][O][C@H1][Branch1][Branch2][C][C][C][=Branch1][C][=O][O][Ring2][Ring1][Branch2],-0.4222403627129934
500.56900000000036,3.5615700000000023,10,6,216.15,19,0.02228155313663529,4.56737248025542,0,[O][=C][Branch1][C][O][C][C][C][C][C][C][C][C][C@@H1][Branch1][C][O][C][=C][Branch1][C][O][C][Branch1][C][O][=C][Branch1][C][O][C][=Branch1][Ring2][=N][Ring1][Branch2][N][=N][C][C][C][C][C][=Branch1][C][=O][O][C][Branch1][C][O-1][C][C][Ring2][Ring1][Branch2],-0.4246295249131893
414.4550000000001,1.5266000000000002,8,5,161.39999999999998,3,0.26375755330316725,5.431692703293107,2,[C][C][O][C][Branch1][C][O][=N][C][C][C][C][C][C][C@H1][Branch1][C][O][C][C][C@@H1][Branch1][C][C][=C][Branch1][C][O][C][Branch1][C][O][=C][Ring1][=Branch2][C][=Branch1][C][=O][O][C][Branch1][C][O][=N][Ring2][Ring1][=Branch1][O][C][=Branch1][C][=O][O],-0.42529166192155693
485.4620000000003,1.43879,11,6,208.11999999999998,4,0.3125668101570401,5.290390137957013,1,[O][=C][Branch1][C][O][C][C@H1][C][C][C][C][C@H1][Branch1][C][O][C][C][C][=Branch1][C][=O][O][C][=C][Branch1][C][O][C][=C][Branch1][C][O][C][Branch1][C][O][=C][Ring1][N][C][=Branch1][C][=O][C@H1][Branch1][C][O][C][C][C][=Branch1][C][=O][O][Ring2][Ring1][N],-0.425478648150527
513.5000000000003,1.437770000000001,11,8,239.28999999999994,14,0.054297708179356655,4.829905492286878,1,[C][C][C][Branch1][C][O][C][=C][C][Branch1][C][O][=C][Branch1][C][O][C][C][Branch1][C][O][=C][Ring1][N][C][C][=Branch1][C][=O][N][C][Branch1][Branch2][C][C][C][=Branch1][C][=O][O][C][Branch1][C][O][=N][C][C][C][=Branch1][C][=O][O][=C][O][C][Ring2][Ring1][=N][=N],-0.4257490007786274
548.6260000000002,1.4609000000000008,11,5,197.11999999999998,22,0.04298131827417074,4.547674882019687,0,[C][=C][C][C][C][C@H1][Branch1][C][C][C@H1][Branch1][C][O][C@@H1][Branch1][C][O][C][C][C][C][C@@H1][Branch1][Branch2][=C][C][C][=Branch1][C][=O][O][C][C@H1][Branch1][C][O][C][C][=Branch1][C][=O][O][C][C][=Branch1][C][=O][O][C@H1][Branch1][C][O][C][=Branch1][C][=O][O][C][Ring2][Ring1][=N],-0.4268659755754724
486.5180000000002,3.5660000000000016,10,7,198.36999999999998,17,0.023166299122788215,4.476366049198456,0,[C][C][C][C][C][C][C][C][O][C][Branch1][C][O][=N][C][C][=C][Branch1][C][O][C][=C][Branch1][C][O][C][Branch1][C][O][=C][Ring1][=C][C][=Branch1][C][=O][O][C@H1][Branch1][#Branch1][C][C][=Branch1][C][=O][O][=N][C][=Branch1][Branch1][=C][O][Ring1][#C],-0.42725170250801875
511.55200000000036,3.5673700000000013,10,6,212.82999999999998,7,0.0966941505770006,5.85966163796653,1,[C][O][C][Branch1][C][O][=N][C][=C][Branch1][C][O][C][=C][Branch1][C][O][C][C][=C][Branch1][Ring2][C][C][C][C][C][C][C][C@H1][Branch1][#Branch1][C][C][=Branch1][C][=N][O][O][C][Branch1][C][O-1][=N][O][C][Branch1][C][O][=N][C][C][Ring2][Ring1][=Branch1],-0.42757267162436896
488.49000000000035,1.4320999999999997,12,4,182.43999999999997,14,0.12005066342385316,4.477025410372326,1,[C][O][C][C][C][C][Branch1][C][O][=N][C][=C][Branch1][C][O][C][C][Branch1][C][O][=C][Ring1][=Branch2][C][=Branch1][C][=O][O][C@H1][Branch1][C][C][O][C][=Branch1][C][=O][C@H1][Branch1][C][O][C][C][C][C][C][=Branch1][C][=O][N][O][C][Ring2][Ring1][O],-0.42777983355927385
499.51300000000026,3.5698000000000008,11,6,195.57,8,0.2108788059396839,5.200670121012835,1,[C][C][C][Branch1][C][O][C][C][C][C][C][C][C@H1][Branch1][C][O][C][C][=C][C][Branch1][C][O][=C][Branch1][C][O][C][Branch1][C][O][=C][Ring1][N][C][=Branch1][C][=O][O][C][Branch1][C][O][=N][C][C][=Branch1][C][=O][O][C][Branch1][C][O][=C][Ring2][Ring1][Branch2],-0.42792110847211107
511.5720000000004,1.4301000000000015,10,7,215.48999999999998,5,0.15996240770922804,6.033523239294583,2,[C][C][C@H1][Branch1][C][O][C@@H1][Branch1][C][C][C][=Branch1][C][=O][C@@H1][Branch1][C][O][C][C][C@H1][Branch1][C][C][=C][Branch1][C][O][C][C][C][C][=C][Branch1][C][N][C][Branch1][C][O][=C][Ring1][=Branch2][C][C][C][=Branch1][C][=O][O][C][Branch1][C][O][=N][C][Ring2][Ring1][Branch2][=N][O],-0.42858535478478443
527.5270000000003,3.563100000000003,12,5,220.29999999999995,14,0.07701100127082901,4.989546977861129,1,[C][O][C][C][O][C][Branch1][C][O][=N][C][=C][Branch1][C][O][C][C][C][C][C][C][=C][Branch1][C][C][C][C@H1][Branch1][#Branch1][O][C][Branch1][C][N][=O][C][=C][Branch1][C][O][C][Branch1][C][O][=N][C][=Branch1][C][=O][O][C][=Branch1][Ring2][=C][O][Ring1][N],-0.4287889929977227
530.5270000000005,1.4381999999999997,11,8,239.15999999999994,17,0.046901898852294545,4.525204317227645,1,[C][C][O][C][=C][C][Branch1][C][O][=C][Branch1][C][O][C][=C][Ring1][Branch2][C][Branch1][C][O][N][=C][Branch1][C][O][C][Branch1][C][O][C][C][C][C][Branch1][C][O][=N][C][C][C][=Branch1][C][=O][O][=C][Branch1][C][O][C][C][C][C][=Branch1][C][=O][O][Ring2][Ring1][Branch2],-0.42908585308304004
469.4630000000003,1.438,11,4,175.04,6,0.35023728494274553,5.633921361478941,2,[C][C][C][C][C][C][O][C][=C][C][Branch1][C][O][=C][Branch1][C][O][C][=C][Ring1][Branch2][C][Branch1][C][O][C][=Branch1][C][=O][O][C][Branch1][C][O][C][C][C][C][=Branch1][C][=O][O][C][Branch1][C][O-1][C][Branch1][C][O][=C][Ring2][Ring1][Branch1],-0.42916788495412833
527.5670000000003,3.5645000000000024,12,3,159.08,7,0.25130771188488454,5.453038701756471,2,[C][C][C][C][C][C][C@H1][Branch1][C][C][O][C][C@H1][Branch1][C][O][=N][C][=C][Branch1][Branch1][O][C][=C][Ring1][=Branch2][O][C][=Branch1][C][=O][O][C][C][C][C][=Branch1][C][=O][O][C][=C][Branch1][C][O][C][C][C][=Branch1][C][=O][O][C][Ring2][Ring1][Branch2],-0.42935462959656195
528.5070000000004,1.4329999999999996,12,4,203.18999999999997,16,0.10387229819278505,4.413846321252786,1,[C][C][C][C@H1][Branch1][C][C][C][C@@H1][Branch1][C][C][O][=C][C][=C][Branch1][C][O][C][=C][Branch1][C][O][C][=C][Ring1][Branch2][C][=Branch1][C][=O][O][C@H1][Branch1][#Branch1][C][C][=Branch1][C][=O][O][C][=Branch1][C][=O][O][C][C][=Branch1][C][=O][O][C][Branch1][C][O][C][Ring2][Ring1][=Branch1][=O],-0.4305912634924218
512.5120000000004,3.576900000000001,11,8,218.59999999999997,12,0.08170155189679146,4.6644603389869435,1,[C][O][C][Branch1][C][O][=N][C][=C][C][C][=C][Branch1][C][O][C][C][C][=Branch1][C][=O][N][C][Branch1][C][O][=C][Branch1][C][O][C][C][C][C][C][C][Branch1][C][O][=C][Branch1][C][O][C][Branch1][C][O][=C][Ring1][=Branch2][C][=Branch1][C][=O][O][C][Ring2][Ring1][=Branch1],-0.4314862433218473
529.6390000000004,1.4308400000000023,11,8,227.94999999999996,10,0.11522412409215245,5.498335595247596,1,[O][=C][Branch1][C][O][C][C][C][C][C][C][Branch1][C][O][=N][C][C][C][C][C][C@@H1][Branch1][C][O][=N][C][C][C@@H1][Branch1][#Branch1][O][C][Branch1][C][N][=N][O][C][=Branch1][C][=N][O][C][C][C][C][N][=C][N][Ring2][Ring1][Branch2],-0.431752681728787
531.5150000000004,1.4319000000000015,12,8,240.18999999999997,9,0.0909584461258615,5.723312021542774,1,[C][C][C@@H1][Branch1][C][C][O][C@H1][Branch1][C][O][C@@H1][Branch1][C][O][=N][/C][=C][/C][=C][O][C][Branch1][C][O][=C][Branch1][C][O][C][C][C][C][=Branch1][C][=O][O][C@H1][Branch1][Branch2][C][C][C][=Branch1][C][=O][O][C][Branch1][C][O][=N][C][Ring2][Ring1][Branch2][=N][O],-0.43186432881172254
517.5720000000003,3.5767000000000007,10,7,206.57,14,0.044226705774909406,4.822597416815158,1,[C][C][Branch1][C][C][C][C][C][C][C][C][C@H1][Branch1][C][O][C][C@H1][Branch1][C][O][C][C@H1][Branch1][C][O][C][C][C][C][=C][Branch1][C][O][C][Branch1][C][O][=C][Ring1][=Branch2][C][=Branch1][C][=O][O][C][Branch1][C][O][=N][O][C][=Branch1][C][=O][O][Ring2][Ring1][Branch2],-0.4321115170138379
543.6140000000004,1.4374000000000022,11,8,238.37999999999994,14,0.11463706953148146,5.458239289816672,2,[O][=C][Branch1][C][O][C][C][C][C][C][C][C@H1][Branch1][=Branch1][C][C][C][C][N][=C][Branch1][C][O][C][Branch1][C][O][=N][C@H1][Branch1][=Branch1][C][C][C][C][N][=C][Branch1][C][O][O][C][=C][Branch1][C][O][C][Branch1][C][O][=C][Ring1][=Branch2][C][=Branch1][C][=O][O][Ring2][Ring1][N],-0.4338982894458094
536.5310000000005,1.4304000000000014,14,6,211.56999999999996,5,0.2744771240517462,5.71704736350774,1,[C][C][C][C@H1][Branch1][C][C][O][=C][C][=C][Branch1][C][O][C][Branch1][C][O][=C][Ring1][Branch2][O][C][=Branch1][C][=O][O][C@H1][Branch1][C][O][C][C][C][=Branch1][C][=O][O][C][C][C@H1][Branch1][C][C][C][C][=Branch1][C][=O][N][O][=N][O][C][Ring2][Ring1][=N][O],-0.4340335487540101
470.5710000000001,1.4248000000000003,10,8,200.99999999999997,5,0.29084505207715766,5.457353539925601,2,[C][C][C][C][C][C@H1][Branch1][C][O][C@H1][Branch1][C][O][=C][C][C][C][C][C@@H1][Branch1][C][O][=C][Branch1][C][N][C][=C][Branch1][C][N][N][C][=C][N][N][=C][Ring1][Branch1][N][C][=Branch1][C][=O][O][C@H1][Ring2][Ring1][Branch2][O],-0.43408878189144656
563.6490000000003,3.5401700000000016,10,7,228.09999999999997,21,0.03509086656254974,4.724414406192329,0,[C][C][Branch1][C][C][C][C@H1][Branch1][C][C][O][C][Branch1][C][O][=N][C][C][C][C][C][C][C][C@H1][Branch1][C][O][C][C][Branch1][C][O][=N][C][Branch1][C][O][=N][O][C][C][=Branch1][Ring2][=N][Ring1][Branch2][=N][O][C][C][C][C][=Branch1][C][=O][O][O],-0.43510614960949556
514.4840000000004,3.5894000000000013,11,6,227.65999999999997,10,0.08055720792095551,5.02159275169853,1,[C][C][C][C][C][C][C@H1][Branch1][C][C][O][C][=Branch1][C][=O][N][=C][Branch1][C][O][C][=C][Branch1][C][N][O][C][Branch1][C][O][=C][Branch1][C][O][C][C][C][=Branch1][C][=O][O][C][=C][Branch1][C][O][C][Branch1][C][O][=C][Ring1][N][C][=Branch1][C][=O][O][Ring2][Ring1][Branch2],-0.43672179087377866
515.6080000000003,3.593350000000002,11,5,199.06999999999996,21,0.06507893314293414,4.6166143852289885,0,[C][C][C][C][C][C@H1][Branch1][C][O][C][C][Branch1][C][O][=N][C][C][C][C][C][C][C@H1][Branch1][Ring1][C][#N][C][Branch1][C][O][=N][O][C][=Branch1][C][=N][O][C][C][C][C][=Branch1][C][=O][O][=N][O][C][Ring2][Ring1][#Branch2],-0.4384526362744335
325.34100000000007,1.83749,6,5,142.94,9,0.3231270403262066,5.048674697091169,1,[O][=C][Branch1][C][O][C][C@H1][C][C][C][/C][=C][/C][=Branch1][S][=N][=C][Branch1][C][O][C][C][C][Branch1][C][O][=C][Branch1][C][O][C][Branch1][C][O][=N][Ring1][=Branch2][C][=Branch1][C][=O][O][C][=Branch1][C][=O][O][C][=C][C][=C][Branch1][C][O][C][C][Ring2][Ring1][#C],-0.4384634364915732
528.5070000000004,3.587200000000002,12,7,220.50999999999996,12,0.06332369410556947,4.772558932612261,1,[C][C][O][C][=C][C][Branch1][C][O][=C][Branch1][C][O][C][C][C][C][C][Branch1][C][O][=C][Branch1][C][O][C][C][Branch1][C][O][=C][Ring1][N][C][=Branch1][C][=O][O][=C][C][=Branch1][Branch1][=C][O][Ring1][Branch1][C][=Branch1][C][=O][O][C][C][C][C][=Branch1][C][=O][O],-0.43860142566571847
528.5990000000003,3.5877000000000026,11,2,154.70000000000002,13,0.15676889612217987,4.9939359266951,1,[C][C][C][C][C][C][C][C][O][C][=N][C][=Branch2][Ring1][Branch1][=N][=C][C][=C][Branch1][Ring1][O][C][C][O][C][=Branch1][C][=O][O][C][Branch1][C][O][C][Branch1][C][O][C][C][=C][Branch1][C][O][C][C][=Branch1][C][=O][O][C][=Ring2][Ring1][N],-0.4388236748444653
546.6580000000002,1.4279800000000014,12,8,212.95999999999998,22,0.031828791901262275,5.2267782113191075,0,[C][C][C@@H1][Branch1][C][O][C][C][C][C][C][C][C@H1][Branch1][C][O][=N][C][C][C@H1][Branch1][C][O][C][C@@H1][Branch1][C][O][C@@H1][Branch1][C][C][O][=C][Branch1][C][O][C@H1][Branch1][Ring1][C][#N][C][=Branch1][C][=O][O][C][C][=C][Branch1][C][O][C][Branch1][C][O][=C][Ring1][=Branch2],-0.43884413716033577
526.5870000000002,3.5904700000000016,13,8,223.66,10,0.08928992750260047,5.5705985997586644,1,[C][C][C][C][C][C][Branch1][C][O][C][C][Branch1][C][O][C][C][C][=N][C][Branch1][C][O][=C][Branch1][C][O][C][Branch1][C][O][=C][Branch1][C][O][C][C][=Branch1][Ring2][=N][Ring1][Branch1][C][=C][Branch1][C][C][O][C][Branch1][C][O][=C][O][C][C][Ring2][Ring1][Ring2][=N][=N][Ring1][Branch1],-0.43941716582309415
518.6040000000004,1.4053800000000005,11,5,179.85999999999999,12,0.10966275313820074,6.099556767255549,1,[C][C][C@H1][Branch1][C][C][C@@H1][N][=C][Branch1][C][O][C@H1][Branch1][C][O][C@H1][Branch1][C][O][C@@H1][Branch1][Branch2][O][C][C][C][C][C][C@H1][Branch1][C][O][=C][Branch1][Ring2][O][Ring1][Branch1][C][=N][C@@][Branch1][C][C][Branch1][C][O][C][C][C][=Branch1][C][=O][O][C][Ring2][Ring1][=N][O],-0.4394261102483555
457.4800000000002,1.421700000000001,11,6,187.52999999999997,2,0.19984073779894948,5.3669335425666,2,[C][O][C][Branch1][C][O][C][C][O][C][Branch1][C][O][=N][C][C][C][C][C][C][C][C][=C][N][Branch1][C][#N][C][Branch1][C][O][=C][Branch1][C][O][C][Branch1][C][O][=C][Ring1][N][C][=Branch1][C][=O][O][C][Ring2][Ring1][N],-0.43962341156949275
511.4840000000004,1.4023000000000008,13,5,211.94999999999996,5,0.153336158916118,5.354816174378943,2,[C][O][C][C][O][C][Branch1][C][O][=N][C][=C][Branch1][C][O][C][C][C][C][N][=C][Branch1][C][N][C][C][=C][Branch1][C][O][C][Branch1][C][O][=C][Ring1][=N][C][=Branch1][C][=O][C][Branch1][Ring1][C][O][=C][O][C][=Branch1][C][=O][O][C][Ring2][Ring1][#Branch2],-0.4396803104802394
561.6290000000002,1.4440700000000006,13,6,209.44999999999996,5,0.16062589654114554,5.682009860276434,1,[C][=C][C][C][C][C@H1][Branch1][C][O][C][Branch1][C][O][=N][C][C][C][C][C@@H1][Branch1][C][O][C][C][C@H1][Branch1][C][C][O][=C][Branch1][C][O][C][C][=Branch1][Ring2][=N][Ring1][Branch2][N][C][=Branch1][C][=O][C][C][O][C][=Branch1][C][=O][O][=C][O][C][Ring2][Ring1][=C][O],-0.43998936458509985
516.5000000000002,1.4024000000000003,12,6,217.15999999999994,3,0.29334916108973286,5.793442424148616,2,[C][C][C][C][Branch1][C][O][=C][C][Branch1][C][O][=C][Ring1][Branch2][C][Branch1][C][O][C][C][C][C][=Branch1][C][=O][O][C][Branch1][C][O][=N][O][C][Branch1][C][O][=N][C][C][C][C][C][=Branch1][C][=O][O][=C][Branch1][C][O][C][O][C][Ring2][Ring1][Branch2],-0.4402784591596549
295.335,2.0942,5,2,84.85999999999999,8,0.5288733011372901,3.9694130043488762,1,[C][O][C][Branch1][C][O][=C][C][=C][Branch1][C][O][C][=C][Ring1][#Branch1][C][=Branch1][C][=O][N][C@H1][Branch1][=Branch1][C][C][C][C][C][=Branch1][C][=O][N][C][Branch1][=Branch1][C][C][C][C][C][=Branch1][C][=O][N][O][C][=C][Branch1][C][O][C][Branch1][C][O][=C][Ring1][N],-0.44033945008368264
532.5870000000004,1.410000000000001,11,7,215.43999999999994,13,0.07753422102793103,5.6663431025135145,1,[C][C][C][C][C][C@H1][Branch1][C][O][C][C][Branch1][C][O][=N][C@H1][Branch1][C][O][C][C][C][C][C@H1][Branch1][C][O][=N][C@H1][Branch1][Branch2][C][C][C][=Branch1][C][=O][O][C][C][=Branch1][C][=O][O][C][C][=Branch1][C][=O][O][C][Branch1][C][O][=C][Ring2][Ring1][=Branch1],-0.4408442471848757
502.55700000000036,3.6022000000000025,11,3,158.04999999999998,14,0.1378419097020081,4.940599237085866,1,[C][C][Branch1][C][C][C][C][C][C][C][C][Branch1][C][O][C][C][=C][C][Branch1][C][O][=C][Branch1][C][O][C][C][C][=Branch1][C][=O][O][C][Branch1][Branch2][=C][Ring1][N][O][C][=Branch1][C][=O][O][C][C][O][C][=Branch1][C][=O][O][C][Ring2][Ring1][Ring2],-0.4409096589960362
500.4530000000005,1.3945999999999996,13,5,198.51,2,0.2693886221190239,5.422487217855096,2,[C][O][C][Branch1][C][O][=C][C][=C][Branch1][C][O][C][Branch1][C][O][=C][Ring1][Branch2][C][C][=Branch1][C][=O][O][C@H1][Branch1][C][O][C@@H1][Branch1][C][O][C][C][C][C][C][=Branch1][C][=O][O][C][=C][Branch1][C][O][C][C][C][=Branch1][C][=O][O][C][Ring2][Ring1][Branch2],-0.44216092821053304
485.6260000000002,3.605170000000002,7,7,193.83999999999997,22,0.0522410558566169,4.089944065142702,0,[C][C][O][C][C][C][Branch1][C][O][=N][C][C][C][C][C][C][C][C][C@H1][Branch1][=Branch1][C][=Branch1][C][=O][O][N][C][=N][C][Branch1][=Branch1][C][C][C][C][N][=C][Branch1][C][O][C][Branch1][C][O][=N][Ring1][N][C][=Branch1][C][=O][O][Ring2][Ring1][O],-0.44300176537797303
515.5120000000004,1.394500000000001,13,5,212.14,16,0.08516184683124807,4.543881358541391,1,[C][C][C][C][C][Branch1][C][O][=C][C][Branch1][C][O][=C][Branch1][C][O][C][=C][Ring1][Branch2][C][C][=Branch1][C][=O][O][C@@H1][Branch1][C][O][C][C][=Branch1][C][=O][O][C][C][=Branch1][C][=O][C@@H1][Branch1][C][O][C][C][C][C][C][=Branch1][C][=O][O][N][Ring2][Ring1][Branch2],-0.44328695962773335
502.46900000000034,1.3911999999999998,13,6,209.51,15,0.061527390047288966,4.286003066869252,1,[C][C][O][C][=C][C][Branch1][C][O][=C][Branch1][C][O][C][Branch1][C][O][=C][Ring1][Branch2][C][=Branch1][C][=O][O][C][C][C][=Branch1][C][=O][O][C][C@H1][Branch1][C][O][C][C][C][C][C][=Branch1][C][=O][O][=C][Branch1][C][O][C][Branch1][C][O][=C][Ring2][Ring1][Branch2],-0.4435474881498035
468.50700000000035,1.4011000000000002,12,4,174.28999999999996,4,0.2680606430808778,5.546086378557534,2,[C][C][C][C][C][C][C@H1][Branch1][C][C][O][C][C@H1][Branch1][C][O][=N][C][/C][=C][/C][=N][C][Branch2][Ring1][N][=C][C][Branch1][C][O][=C][Branch1][C][N][O][N][=C][Ring1][N][C][=Branch1][C][=O][O][C][=Branch1][C][=O][O][Ring2][Ring1][N],-0.44404980553536993
515.5640000000003,1.3922700000000006,13,7,211.98,7,0.15589181195317175,6.332995830773543,2,[C][C][C][C][C][C@H1][Branch1][C][O][C@H1][Branch1][C][O][=N][C@H1][Branch1][C][O][C][C][C][C][C][C@@H1][Branch1][C][O][=N][C][C][Branch1][C][O][=N][C][=N][C][=Branch1][Branch1][=C][O][Ring1][Branch1][C][=Branch1][C][=O][O][=C][O][C][Ring2][Ring1][Branch2][=N],-0.4441840528969943
511.48400000000026,1.3884199999999993,12,6,216.79999999999998,1,0.1797248324536069,4.974405693910585,2,[C][C][=C][C][Branch1][C][O][=C][C][Branch1][C][O][=C][Ring1][Branch2][C][Branch1][C][O][C][C][C][C][=Branch1][C][=O][O][C][C@H1][Branch1][C][O][C][C][C][C][=Branch1][C][=O][N][N][=C][Branch1][C][O][C][C][=Branch1][C][=O][O][C][Ring2][Ring1][Branch2][=N][O],-0.4452248246088713
498.48500000000035,1.3861999999999997,11,6,207.93,7,0.1796803636398985,5.769114697385808,2,[C][C][C@H1][Branch1][C][O][C@H1][Branch1][C][C][O][C][C][C][C][=C][C][Branch1][C][O][=C][Branch1][C][O][C][Branch1][C][O][=C][Ring1][=Branch2][C][=Branch1][C][=O][O][C][Branch1][C][O][=N][C][C][C][=Branch1][C][=O][O][C][Branch1][C][O][=N][C][C][Ring2][Ring1][Branch2],-0.44553030345869865
513.4760000000003,1.38799,12,6,212.38999999999996,7,0.16146768791062754,5.661720867675924,2,[O][=C][Branch1][C][O][C][C@H1][C][C][C@H1][Branch1][C][O][C][C][C][C][=C][N][Branch1][C][O][C][=C][Branch1][C][O][C][=C][Ring1][Branch2][O][C][=Branch1][C][=O][O][C][=Branch1][C][=O][O][C][C@H1][Branch1][C][O][C][C][C][=Branch1][C][=O][N][Ring2][Ring1][#Branch2],-0.4456198028813352
500.5010000000003,1.3855999999999995,11,7,211.94999999999996,8,0.18674261476485826,4.867269235385304,1,[C][C][C][C][C@@H1][Branch1][C][O][C][C][C][=Branch1][C][=O][N][C][=C][Branch1][C][O][C][=C][Branch1][C][O][C][C][Branch1][C][O][=C][Ring1][N][C][C][C][=Branch1][C][=O][N][C@H1][Branch1][Ring1][C][O][C][=Branch1][C][=O][O][C][=Branch1][C][=O][O][Ring2][Ring1][Branch2],-0.4457611261696114
453.4960000000001,1.4068400000000008,8,7,197.40999999999997,14,0.06678079976165137,4.8846547337396995,0,[C][C][Branch1][C][C][C][C@@H1][Branch1][C][O][C][=Branch1][C][=O][N][=C][O][C][C][C][=C][Branch1][C][O][C][=C][Ring1][N][N][C][=Branch1][C][=N][N][C][=Branch1][Ring2][=N][Ring1][Branch1][C][=C][O][C][C][C][=Branch1][C][=O][O][Ring2][Ring1][=Branch2],-0.44704618750191766
569.6080000000004,1.4379,12,5,217.12999999999997,15,0.10791081275340604,5.479772045239912,1,[C][C][Branch1][C][C][C][C][C][C][C][C][Branch1][C][O][C][C][=N][C][=N][C][=Branch2][Ring1][Branch1][=N][=C][C][=C][Branch1][Ring1][O][C][C][C][=Branch1][C][=O][O][C][C][=Branch1][C][=O][O][C][Branch1][C][O][C][Branch1][C][O][=C][O][C][Branch1][C][O][C][Ring2][Ring1][N][=O],-0.4470683619492663
502.5130000000004,3.6197000000000026,11,6,200.27999999999997,13,0.1579766771028269,4.732089900058556,1,[C][C][C][C][C][C][O][C][Branch1][C][O][=C][C][Branch1][C][O][=C][Branch1][C][O][C][Branch1][C][O][=C][Ring1][N][C][=Branch1][C][=O][C@@H1][Branch1][C][O][C@H1][Branch1][#Branch1][O][C][=Branch1][C][=O][O][C][C][=Branch1][C][=O][O][C@@H1][Branch1][C][C][C][C][C][Ring2][Ring1][=N],-0.44790819938465176
528.5590000000003,3.6114700000000015,11,6,223.90999999999997,8,0.05099876339985712,5.7083640759298095,1,[C][O][C][Branch1][C][O][=N][C][=C][Branch1][C][O][C][C][C][C][C][C@@H1][Branch1][C][O][C][C][Branch1][C][O][=N][C][C][C][C][C][C@@H1][Branch1][#Branch1][C][C][=Branch1][C][=N][O][C][=N][O][C][=Branch1][C][=O][O][C][Ring2][Ring1][Branch2][=O],-0.44824207262148047
512.5120000000003,3.622670000000002,12,7,219.41999999999996,3,0.16431166537097575,5.432620141318846,1,[C][O][C][Branch1][C][O][=N][C@H1][Branch1][C][C][C][C][C][C][C][=Branch1][C][=O][C][=C][Branch1][C][O][C][Branch1][C][O][=C][Branch1][C][O][C][C][=Branch1][Ring2][=N][Ring1][N][C][=C][O][C][Branch1][C][O][=C][Branch1][C][O][C][C][C][=Branch1][C][=O][O][C][Ring2][Ring1][N],-0.449764682028281
370.51000000000016,3.4208900000000018,6,2,88.35,17,0.10225837541701181,4.871326015917763,0,[C][C][C@H1][C][C][C][C@H1][Branch1][C][C][O][C@H1][Branch1][C][O][C][=N][C][=C][Branch1][N][O][C][C][C][C][C@H1][Branch1][Ring1][C][O][C][=Branch1][C][=O][O][C][=C][Branch1][C][O][C][Branch1][C][O][=C][Branch1][C][O][C][C][=Branch1][C][=O][O][Ring2][Ring2][Ring1],-0.45028522420350453
564.6730000000003,1.4132000000000011,12,7,204.10999999999996,9,0.19816754526674452,5.142727950137643,1,[O][=C][Branch2][Branch1][Ring1][C][C][C][C][C][C][C][C][C][C][C][C][C][C@H1][Branch1][C][O][C][C][C@H1][Branch1][C][O][C@H1][Branch1][Ring1][C][O][=N][O][C][=Branch1][C][=O][C][C@H1][Branch1][C][O][C][C][=Branch1][C][=O][O][=N][O][C][Ring2][Ring1][=N][O],-0.4535547002468388
489.47800000000035,1.3644700000000014,12,6,220.77999999999997,14,0.05102533072059855,4.94007104612615,0,[C][C][C][Branch1][C][C][O][C][C][C][Branch1][C][O][=N][C][=C][Branch1][C][O][C][Branch1][C][O][=C][Ring1][N][C][=Branch1][C][=O][O][C][C][C][Branch1][C][O][C][=Branch1][C][=N][O][C][C][=Branch1][C][=O][O][C][Branch1][C][O][=N][C],-0.4546992312287315
459.4480000000002,1.380700000000001,11,8,206.23999999999998,11,0.12523945641781442,4.981389060705242,1,[C][O][C][C][C][C][C][Branch1][C][O][=C][C][Branch1][C][O][=C][Branch1][C][O][C][Branch1][C][O][=C][Ring1][N][C][C][=C][Branch1][C][O][C@H1][Branch1][C][O][C][=Branch1][C][=O][O][C@@H1][Branch1][#Branch1][C][C][=Branch1][C][=O][O][=N][C][Ring2][Ring1][#Branch2],-0.4550066562326309
440.3130000000002,1.4022,12,6,217.34999999999997,4,0.2217802100339035,4.818937594309685,2,[O][=C][Branch1][C][O][C][C][C][C][=C][C][Branch1][C][O][=C][Branch1][C][O][C][Branch1][C][O][=C][Ring1][=Branch2][C][=Branch1][C][=O][O][C][Branch1][C][O][=C][C][Branch1][C][O][=C][Ring1][S][C][=Branch1][C][=O][O][C][=Branch1][C][=O][O][C][Ring2][Ring1][Branch2],-0.45505661875858916
482.48600000000033,3.6348800000000017,11,4,188.12999999999997,6,0.31939574549540106,4.8893432080751555,1,[C][C][C][C][C][C][O][C][Branch1][C][O][C][C][Branch1][C][O][=N][C][=C][Branch1][C][O][C][C][C][C][Branch1][C][O][=C][Branch1][C][O][C][=Branch1][C][=O][O][C][C][=Branch1][C][=O][O][C][Branch1][Ring1][C][#N][=C][Ring2][Ring1][#Branch2],-0.4553014156446261
493.4650000000003,3.6396700000000006,12,7,207.05999999999997,2,0.21811665537304817,5.190895103413471,2,[C][O][C][=C][C][Branch1][C][O][=C][C][=C][Branch1][C][O][C][C][=Branch1][Ring2][=C][Ring1][#Branch1][C][C][C][=Branch1][C][=O][O][C][C][C][C][Branch1][C][O][=C][Branch1][C][O][C][Branch1][C][O][=C][Branch1][C][O][C][C][=Branch1][C][=O][O][C][Ring2][Ring1][Branch2][=N],-0.45605532375359925
518.5560000000005,3.636400000000002,11,6,192.43999999999997,9,0.11247914233678437,5.239443137720761,1,[C][O][C][Branch1][C][O][O][C][=C][C][Branch1][C][O][=C][Branch1][C][O][C][Branch1][C][O][=C][Branch1][C][O][C][C][=Branch1][C][=O][O][C@H1][Branch1][#Branch1][C][C][=Branch1][C][=O][O][C][C][C][C][C][C][C][C][C@H1][Branch1][C][C][O][=C][Ring1][S],-0.45607246589111333
374.48200000000014,1.5476000000000003,6,5,154.63,14,0.07755632459999957,4.081397163929239,0,[C][C][O][C][Branch1][C][O][=N][C][C][C][C][C][C@H1][Branch1][C][O][C][C@@H1][Branch1][C][O][C][C][C][C][=C][N][Branch1][C][N][C][Branch1][C][N][=O][N][=N][C][Branch1][Ring1][C][#N][=C][Branch1][C][O][C][Ring2][Ring1][O],-0.4562341448160141
453.44400000000024,3.619270000000001,11,4,172.67000000000002,1,0.33907316243122476,4.945543019150912,2,[C][C][C][Branch1][C][O][C][C][C][C][C][C][C][C][=C][C][Branch1][C][O][=C][Branch1][C][O][C][Branch1][C][O][=C][Ring1][N][C][=Branch1][C][=O][O][C][C][=Branch1][C][=O][O][C][=Branch1][C][=O][O][C][Ring2][Ring1][N][=N],-0.45728798126344883
481.49800000000033,3.6416000000000013,11,5,175.33999999999997,5,0.2877557072611243,5.546861024784071,2,[C][C][C][Branch1][C][C][C][C@H1][Branch1][C][O][C][C][Branch1][C][O][=N][C][=C][C][Branch1][C][O][=C][Branch1][C][O][C][C][C][=Branch1][C][=O][O][C][C][C][C][=C][Branch1][C][O][C][Branch1][C][O][=C][Ring1][=Branch2][C][=Branch1][C][=O][O][Ring2][Ring1][=Branch2],-0.45813686341092485
527.5230000000003,1.3627000000000002,12,6,212.63999999999996,6,0.12502132710602215,6.086531605000768,2,[C][C][O][C][Branch1][C][O][=N][C][C][C][C][C][C@@H1][Branch1][C][O][C][=C][C][Branch1][C][O][=C][Branch1][C][O][C][Branch1][C][O][=C][Ring1][N][C][=Branch1][C][=O][C@H1][Branch1][C][C][O][C][=Branch1][C][=O][C@H1][Branch1][C][O][C][C][C][=Branch1][C][=O][O][C][Ring2][Ring1][Branch2],-0.45823822245203416
511.48000000000036,3.644800000000002,11,6,212.63999999999996,11,0.10147789792990168,5.187936447178307,1,[C][C][C][C][C][Branch1][C][O][=C][C][=C][Branch1][C][O][C][Branch1][C][O][=C][Ring1][N][C][C][=Branch1][C][=O][O][C][Branch1][C][O][=N][C][C][C][=Branch1][C][=O][O][C][Branch1][Branch2][C][C][C][=Branch1][C][=O][O][=C][O][C][Branch1][C][O][=C][Ring2][Ring1][Branch2],-0.45849524315962176
532.6310000000002,3.63567,10,9,224.34999999999997,20,0.036351455947314204,4.989570796777262,0,[C][C][C][C][C][C@H1][Branch1][C][O][C][C][Branch1][C][O][=N][C][C][C][C][C][C@H1][Branch1][C][C][C@H1][Branch1][Ring1][C][O][=C][Branch1][C][O][C][Branch1][C][O][=C][Branch1][C][O][C][C][=Branch1][C][=O][O][C][=C][Branch1][C][O][C][Branch1][C][O][=N][Ring2][Ring1][O],-0.45893196060854174
524.6150000000004,3.6413800000000016,9,5,208.04999999999995,20,0.03923533132025347,4.39637693861598,0,[C][O][C][C][C][Branch1][C][O][=N][C][C][C][C][C][Branch1][C][O][=N][C][C][C][C][C][Branch1][=Branch1][C][Branch1][C][N][=O][=C][Branch1][C][O][C][C][C][=Branch1][C][=O][O][C][Branch1][Ring1][C][#N][C][=C][Branch1][C][O][C][C][=Ring2][Ring1][Branch2],-0.45919856446204255
549.7020000000002,1.3791000000000009,11,8,189.16999999999996,17,0.07431271702639876,5.335851107707115,1,[C][C][C][C][C][C@H1][Branch1][C][O][C@@H1][Branch1][C][O][C@@H1][Branch1][C][O][=N][C][C][C][C][C][C][C@@H1][Branch1][C][O][C][C@@H1][Branch1][C][O][C][C][C][C][=Branch1][C][=O][O][=C][Branch1][C][O][C][=C][Branch1][C][O][C][C][O][=C][Ring1][#C],-0.4592470411619434
488.4900000000003,1.3487699999999998,13,6,208.41999999999993,5,0.18472688837108556,5.4253200818560305,1,[C][C][C][C][C@H1][Branch1][C][O][=C][C][Branch1][C][O][=C][Branch1][C][O][C][C][C@H1][Branch1][C][O][=C][Branch1][C][O][C][=Branch1][Ring2][=N][Ring1][N][C][=Branch1][C][=O][O][C][C][C][C][=Branch1][C][=O][O][C][=C][O][C][Ring2][Ring1][Branch2][=N][O],-0.4610670259994744
472.44300000000027,1.3542,12,4,178.27999999999997,4,0.26255489995165776,5.506042740673678,2,[C][C][Branch1][C][C][Branch1][C][C][O][C][Branch1][C][C][O][C][C][C][C][=C][C][Branch1][C][O][=C][Branch1][C][O][C][C][Branch1][C][O][=C][Ring1][N][C][=Branch1][C][=O][O][C][C][=Branch1][C][=O][O][C][Branch1][C][O][C][=Branch1][C][=O][O][Ring2][Ring1][Branch2],-0.4616218965733752
549.6660000000003,1.370300000000003,12,7,197.92999999999995,10,0.11749612605693048,5.598002537699189,1,[C][C][C][C][C][C@H1][Branch1][C][O][C@H1][Branch1][C][O][=N][C][C][C][C][C][C@@H1][Branch1][C][O][=N][C][C][Branch1][C][O][=N][C][Branch1][C][O][=N][C][C][C][C][C][C@@H1][Branch1][#Branch1][O][=N][O][C][=Branch1][C][=O][O][C][Ring2][Ring1][=N],-0.46266875907499855
551.5970000000003,1.3718999999999992,13,7,218.90999999999997,11,0.06842573122684581,6.162175962558659,2,[C][C][C][C][C][C][C@H1][Branch1][C][O][C][Branch1][C][O][=N][C][C][C][=C][Branch1][C][O][C][=C][Branch1][C][O][C][=Branch1][Ring2][=N][Ring1][Branch2][C][=C][Branch1][Ring2][C][=N][C][Branch1][C][O][C][C][C][=Branch1][C][=O][O][C][Branch1][C][O][C][Ring2][Ring1][Ring2][=N][=N][O],-0.46288933800207627
474.4150000000003,1.3495000000000008,12,9,234.66999999999996,10,0.0941686635572887,4.856253498882639,1,[C][O][C][Branch1][C][O][C][C][=C][C][Branch1][C][O][=C][Branch1][C][O][C][Branch1][C][O][=C][Ring1][N][C][C][=C][Branch1][C][O][C][Branch1][C][O][=C][Branch1][C][O][C][C][C][=Branch1][C][=O][O][C][Branch1][Ring1][C][O][C][=Branch1][C][=O][O][Ring2][Ring1][Branch2],-0.46303607732011515
442.46500000000026,1.3776999999999995,9,3,164.31,2,0.5356832290194994,5.216140388887946,1,[C][C][Branch1][C][C][C@H1][Branch1][C][O][C][/C][=C][\C][=Branch1][C][=O][N][=C][Branch1][C][O][C][C@@H1][Branch1][Ring1][C][O][C][C][=Branch1][C][=O][O][C@H1][Branch1][C][O][C][C][C][=Branch1][C][=O][O][C][Branch1][C][C][=N][Ring2][Ring1][O],-0.46343313573804806
525.5950000000004,3.6533700000000024,11,5,183.67,8,0.1355791414875379,5.126223428395375,1,[C][C][Branch1][C][C][C][C][C][C][C][C][Branch1][C][O][C][=C][Branch1][C][O][C][Branch1][C][O][=C][Branch1][C][O][C][C][C][=Branch1][C][=O][O][C][C][C][=C][Branch1][Branch1][C][=N][Ring1][Branch2][C][C][=Branch1][C][=O][O][C][Branch1][C][O][C][C][Ring2][Ring1][Branch2][=O],-0.4641792683909967
479.6110000000003,1.3433000000000002,9,7,172.42999999999998,14,0.18147987914227195,5.406467590925775,1,[C][C][C@H1][Branch1][C][O][C@H1][Branch1][C][C][C@@H1][Branch1][C][O][C@H1][Branch1][C][O][C][C][C][C][C][C@@H1][Branch1][C][O][C][C][C@H1][Branch1][C][O][C][C][C][C][C@H1][Branch1][C][O][=C][O][C][Branch1][C][O][=N][O][Ring1][N][=O],-0.46447349513615943
522.5510000000003,3.6577800000000016,11,5,199.12999999999997,8,0.1769347439430432,6.365618301116533,2,[C][C][C][Branch1][C][O][C][C@H1][Branch1][C][C][C][C][Branch1][C][O][=N][C][C][C][C][C][C][C@H1][Branch1][Ring1][C][#N][C][=C][Branch1][C][O][C][Branch1][C][O][=C][Branch1][C][O][C][C][=Branch1][C][=O][O][C][Branch1][C][O][=C][Ring1][N][C][=Branch1][C][=O][O][Ring2][Ring1][Branch2],-0.46530303561012865
410.44300000000027,1.42367,9,3,146.31,14,0.28565282514153495,4.410532910042511,1,[C][C][C][C][C][C@H1][Branch1][C][O][C@H1][Branch1][C][O][C@@][Branch1][C][O][C][C][=Branch1][C][=O][O][C][C][=C][Branch1][Branch1][C][O][C][C][C][C][=Branch1][C][=O][O][C][=Ring1][Branch1][C][#N][C@H1][Branch1][Ring2][Ring1][Ring1][C][O][=N][NH1][Ring2][Ring1][O],-0.4663042226058004
506.54900000000026,3.6666000000000016,12,7,207.59999999999997,19,0.019561062439883262,4.529445678635986,0,[C][C][O][C][=Branch1][C][=O][C][C][C][C][C@H1][Branch1][C][O][C][C][C][C][Branch1][C][O][=C][Branch1][C][O][C][Branch1][C][O][=C][Branch1][C][O][C][C][C][C@@H1][Branch1][#Branch1][O][C][=Branch1][C][=O][O][=N][O][C][Ring2][Ring1][Branch2][=N][C],-0.46682378603066127
494.4970000000004,3.6677000000000017,10,5,195.54000000000002,5,0.2776866213962657,5.592417903470654,2,[C][C][C][C][C][C][C][C][=Branch1][C][=O][C][=C][Branch1][C][O][C][=C][Branch1][C][O][C][Branch1][C][O][=C][Ring1][N][C][C][C][C][=Branch1][C][=O][O][C][Branch1][C][O][=N][C][C][C][=Branch1][C][=O][O][C][Branch1][C][O][=N][Ring2][Ring1][#Branch2],-0.4672096514799332
499.51700000000034,1.3304000000000007,11,7,210.72999999999996,4,0.274156866162723,5.68381744558789,2,[C][C][C][Branch1][C][O][C][C][C][C][C][Branch1][C][O][C][C][Branch1][C][C][=C][Branch1][C][O][C][Branch1][C][O][=C][Ring1][N][C][Branch1][C][O][=N][C][C][C][=Branch1][C][=O][O][C][Branch1][C][O][=N][C][C][C][=Branch1][C][=O][O][=N][Ring2][Ring1][=N],-0.4678409973014333
515.6080000000004,3.6685700000000008,10,4,190.62999999999997,17,0.05585609106420378,4.891823308305911,1,[C][C][Branch1][C][C][Branch1][C][C][O][C][C][C][C][Branch1][C][O][=N][C][Branch2][Ring1][N][O][C][C][C][C][C][C][C][C][C][C][N][=C][Branch1][C][N][O][C][Branch1][C][O][=N][O][C][=Branch1][C][=O][O][C][Ring2][Ring1][=Branch1][=N][Ring2][Ring1][Branch2],-0.46846918131292303
476.51900000000035,3.6655000000000015,11,6,183.20999999999998,16,0.10848887828197253,4.002374361072723,0,[C][C][C][C][C][Branch1][C][O][C][C][C][Branch1][C][O][=C][Branch1][C][O][C][C][C][C][Branch1][C][O][=C][Branch1][Ring1][O][C][C][Branch1][C][O][=C][Branch1][C][O][C][C][=Branch1][C][=O][O][C][C][=Branch1][C][=O][O][C][Ring2][Ring1][=Branch2],-0.46855935530517423
518.5600000000004,3.6709000000000023,12,4,188.58999999999997,9,0.19709976047053107,5.095542161403488,1,[C][C][C][Branch1][C][O][C][C][C][C][C][C][C][C@H1][Branch1][C][O][C][=C][C][Branch1][C][O][=C][Branch1][C][N][C][C][O][N][=C][Branch1][C][O][O][C][=Branch1][C][=O][O][C][=Branch1][C][=O][O][C][C][O][C][Ring2][Ring1][Branch2],-0.46982867515723314
303.443,1.8563699999999999,5,5,104.77000000000001,13,0.26441993898755056,4.142245077007324,0,[C][C][C][C][C][C][C@H1][Branch1][C][C][C@@H1][Branch1][C][O][C@@H1][Branch1][C][O][C][C][C][C@@H1][Branch1][C][O][=C][Branch1][C][O][C][=Branch1][C][=N][Ring1][N][=N][O][C][=Branch1][C][=O][O][C][C][C][C][=Branch1][C][=O][O][C][Ring2][Ring1][N],-0.4699150447687327
546.5900000000004,1.3476900000000012,11,6,212.63999999999996,21,0.0888954431735708,4.910517807210068,1,[O][=C][Branch1][C][O][C][C@H1][C][C][C@H1][Branch1][C][O][C][C][C][C][C][C@H1][Branch1][C][O][=C][Branch1][Ring1][O][C][C][=C][Branch1][C][O][C][=Branch1][Ring2][=N][Ring1][Branch2][O][C][C][C][=Branch1][C][=O][O][C][C@H1][Branch1][#Branch1][C][C][=Branch1][C][=O][O][C][Ring2][Ring1][Ring2][O],-0.47024828141738034
527.5750000000003,3.668070000000002,11,8,233.35999999999996,12,0.10480727382531552,5.7414669927518105,1,[C][O][C][Branch1][C][O][=N][C][=C][Branch1][C][O][C][C][C][C][Branch1][C][O][=C][Branch1][C][O][C][C][C][C@H1][Branch1][Ring1][C][O][C][Branch1][C][O][=N][C][C][C][C][C][=Branch1][C][=N][=C][Branch1][Ring1][O][C][#N][C][Branch1][C][O][=N][Ring1][=N],-0.4704716000823012
483.4700000000003,3.6734800000000023,12,6,206.99999999999997,4,0.24994234079435576,5.5367326969271655,1,[C][C][=C][Branch1][C][O][C][C][C][Branch1][C][O][=C][Branch1][C][O][C][C][C][=Branch1][C][=O][O][C][C][Branch1][C][O][=C][Branch1][C][O][C][C][Branch1][C][C][Branch1][Ring1][C][#N][=C][Ring1][N][C][=Branch1][C][=O][O][=C][O][C][Branch1][C][O][=C][Ring2][Ring1][Branch2],-0.47055479305177716
458.4600000000004,1.3418999999999999,10,5,180.05,14,0.15415178901786047,3.854777186560236,1,[C][C][C@H1][Branch1][C][O][C@H1][Branch1][C][C][O][C][C][=Branch1][C][=O][O][C][=C][Branch1][C][O][C][=C][Branch1][C][O][C][=C][Ring1][Branch2][C][=Branch1][C][=O][O][C][C][C][C@H1][Branch1][C][O][C][C][C][=Branch1][C][=O][O][Ring2][Ring1][Branch2],-0.47063104869950934
556.5610000000004,3.6423000000000023,13,6,209.50999999999996,9,0.11114359688949814,4.852473336205865,2,[C][C][C][C][C][C@H1][Branch1][C][O][C][C][C][C][C@H1][Branch1][C][O][C][=C][C][Branch1][C][O][=C][Branch1][C][O][C][Branch1][C][O][=C][Ring1][=Branch2][C][=Branch1][C][=O][O][C][C][=Branch1][C][=O][O][C][C][Branch1][C][O][=C][Branch1][C][O][C][C][C][=Branch1][C][=O][O][Ring2][Ring1][O],-0.4707148534771354
501.62100000000015,1.3217499999999995,11,7,196.34999999999997,3,0.2769344125467964,5.721800203458683,1,[C][C][C@H1][Branch1][C][O][C@@H1][Branch1][C][C][C@@H1][Branch1][C][O][C][C][C][C][C][C][C@H1][Branch1][C][C][C@@H1][Branch1][Ring1][C][#N][C@@H1][Branch1][C][O][C@@H1][Branch1][Ring1][C][O][C][C][C@H1][Branch1][C][O][=N][O][C][=Branch1][C][=N][O][C][Ring2][Ring1][=N][=O],-0.4713111504770497
512.4680000000004,1.3223999999999998,12,6,224.99999999999994,3,0.19148710895759033,5.283631000400342,2,[C][C][C][Branch1][C][O][C][=C][C][Branch1][C][O][=C][Branch1][C][O][C][=C][Ring1][Branch2][C][C][=Branch1][C][=O][O][C][Branch1][C][O][C][C][C][C][=Branch1][C][=O][O][C][Branch1][C][O][=N][C][C][C][C][=Branch1][C][=O][O][C][Branch1][C][O][=N][Ring2][Ring1][Branch2],-0.4716995714392797
524.5230000000004,3.6766000000000014,11,6,215.76999999999995,12,0.05401424146242382,5.033936521340364,1,[C][C][=C][C][Branch1][C][O][=C][Branch1][C][O][C][C][C][Branch1][C][O][=C][Ring1][N][C][C][C][=C][Branch1][C][C][C][=Branch1][C][=O][O][C][Branch1][C][O][=N][C][C][C][=Branch1][C][=O][O][C][Branch1][Branch2][C][C][C][=Branch1][C][=O][O][C][Ring2][Ring1][Branch2][=N][O],-0.47318867242993107
508.5240000000003,3.6826700000000017,11,6,203.63,10,0.19853651192458505,5.348042988606168,2,[O][=C][Branch1][C][O][C][C][C][C][C@H1][Branch1][C][O][C][C][C][C][C][=C][Branch1][C][O][C][Branch1][C][O][=C][Branch1][C][O][C][C][=Branch1][Ring2][=N][Ring1][Branch1][C][=C][O][C][=Branch1][Ring2][=N][Ring1][Branch1][C][=C][O][C][C][O][C][Ring2][Ring1][=Branch1][=O],-0.47337508059465977
532.4990000000003,1.3263000000000014,13,7,237.38999999999996,7,0.08058020772018848,5.33792682976628,1,[C][O][C][C][O][C][Branch1][C][O][=N][C][=C][Branch1][C][O][C][C][C][C][N][=C][Branch1][C][O][C][Branch1][C][O][=C][Branch1][C][C][C][C][Branch1][C][O][=C][Branch1][C][O][C][=Branch1][C][=O][O][C][Branch1][Ring1][C][O][C][=Branch1][C][=O][O][=C][Ring2][Ring1][=Branch2],-0.4739580259938632
581.6150000000005,1.3852899999999995,11,8,237.13999999999993,20,0.035831858888294016,4.588994627726503,1,[O][=C][Branch1][C][O][C][C@H1][C][C][C][C][=Branch1][C][=O][N][C][=C][Branch1][Ring1][C][O-1][C][Branch1][C][O][=C][Branch1][C][O][C][Branch1][C][O][=C][Ring1][O][C][=Branch1][C][=O][O][C@H1][Branch1][Ring1][C][O][C][C][C][C][C][C][=C][C][=C][C][Branch1][C][O][C][O],-0.4748226767499637
532.4950000000005,1.3235000000000001,13,6,226.57999999999996,16,0.044072682270720545,3.904106374231538,1,[C][O][C][C][C][C][C][C][Branch1][C][O][C][C][=C][Branch1][C][O][C][=C][Branch1][C][O][C][Branch1][C][O][=C][Ring1][=Branch2][C][=Branch1][C][=O][O][C][C][=Branch1][C][=O][O][C][=Branch1][C][=O][O][C][Branch1][C][O][C][C][C][C][=Branch1][C][=O][O],-0.47506637441519695
533.5270000000005,1.3241999999999992,13,4,204.30999999999997,21,0.04393647506885028,4.554153049117115,1,[O][=C][Branch1][C][O][C][C@H1][Branch1][C][O][C@@H1][Branch1][C][O][C][=Branch1][C][=O][O][C][=C][O][C][=Branch1][Ring2][=N][Ring1][Branch1][C][=C][O][C][C][C][C][C][C][C][C][C][=Branch1][C][=O][O][O][=C][Branch1][C][O][C][C][O][C][Ring2][Ring1][Branch2],-0.47507593215821875
455.46000000000026,3.6689000000000016,8,4,180.01999999999998,14,0.04407998986057248,4.420064475175199,0,[C][C][C][C][C][C][C@H1][Branch1][C][C][O][C][=Branch1][C][=O][N][=C][Branch1][C][O][C][=C][Branch1][C][O][C][Branch1][C][O][=C][Ring1][N][C][=Branch1][C][=O][C@@H1][Branch1][#Branch1][C][C][=Branch1][C][=O][O][C][=Branch1][C][=O][O][C][=Branch1][Branch1][=C][Ring2][Ring1][#Branch2],-0.47597016713235346
547.6460000000002,1.3307700000000011,12,5,187.94,11,0.08217953262992703,5.401855494381337,1,[C][C][C][C][C][C@H1][Branch1][C][O][C@H1][Branch1][C][O][=N][C][C][C][C][C][C@H1][Branch1][C][C][C@@H1][Branch1][C][O][C][C][=Branch1][C][=O][O][C@H1][Branch1][Branch2][C][O][=N][O][C][=Branch1][C][=O][C][=Branch1][C][=O][O][C][C][C][C][Ring2][Ring1][N][=N],-0.4773011335917815
494.5450000000002,3.6934500000000026,10,7,220.56999999999996,15,0.0810068412200205,4.498348674587403,1,[C][C][C][C][C][C][Branch1][C][O][C][C][Branch1][C][O][=N][C][C][C][C][C][C][C@@H1][Branch1][Ring1][C][#N][C][=N][C][Branch1][C][O][=C][Branch1][C][O][C][Branch1][C][O][=C][Ring1][=Branch2][C][=Branch1][C][=O][O][C][Branch1][C][O][=N][Ring2][Ring1][=Branch2],-0.4775046518098028
517.6240000000004,1.3080000000000016,9,5,187.14999999999995,14,0.056501197846373766,4.8639077917186935,0,[C][C][Branch1][C][C][Branch1][C][C][O][C][C][C][C][Branch1][C][C][Branch1][C][C][=N][C][=N][C][Branch1][Ring1][C][O][=N][C][Branch1][C][C][C][Branch1][C][O][=N][C][Branch1][Ring1][C][O][=N][O][C][C][=Branch1][C][=O][O][C][Branch1][C][C][Branch1][C][O][C],-0.4781010996682599
540.6060000000003,3.680200000000003,10,6,191.04999999999998,9,0.1520588855113285,4.821508058128271,2,[C][C][C][C][C][C][C][C][C][C][C][C@H1][Branch1][C][O][C][C@H1][Branch1][C][O][C][=C][C][Branch1][C][O][=C][Branch1][C][O][C][Branch1][C][O][=C][Ring1][=Branch2][C][=Branch1][C][=O][O][C][Branch1][=Branch1][C][=Branch1][C][=O][O][C][Branch1][C][C][C][C][=Branch1][C][=O][O][Ring2][Ring1][=N],-0.4790145251910438
555.5810000000005,3.666880000000001,11,8,245.87999999999994,17,0.0554068976251632,5.220889671109683,1,[C][C][C][C][C@H1][Branch1][C][O][C][Branch1][C][O][=N][C@H1][Branch1][C][O][C][/C][Branch1][C][O][=N][/O][C][C][C][C][C][C][C@H1][Branch1][Ring1][C][#N][C][=C][Branch1][C][O][C][Branch1][C][O][=C][Branch1][C][O][C][C][Branch1][C][O][=C][Ring1][=Branch2][C][=Branch1][C][=O][O],-0.47980664829491526
440.44500000000033,1.3355000000000001,10,4,159.82,2,0.3642676281410909,5.2106904909327145,2,[C][C][C][C][C][C][C][C][Branch1][C][O][C][=C][C][Branch1][C][O][=C][C][Branch1][C][O][=C][Ring1][N][C][=Branch1][C][=O][O][C][C][=Branch1][C][=O][O][C][Branch1][C][O][C][C][=Branch1][C][=O][O][C][Ring2][Ring1][N],-0.48078772041307355
462.4920000000002,1.3105,11,5,180.04999999999998,16,0.05570117316103065,4.184495970102276,0,[C][C][O][C][=Branch1][C][=O][C][C@H1][Branch1][C][O][C@@H1][Branch1][C][O][C][C][C][C][C][C][C@H1][Branch1][C][O][C][C][=Branch1][C][=O][O][C][=C][Branch1][C][O][C][Branch1][C][O][=C][Ring1][N][C][=Branch1][C][=O][O][C][Ring2][Ring1][Branch2],-0.4816773196404414
470.4510000000003,1.3040900000000004,10,4,181.41,6,0.41067717353011085,5.517660060091292,2,[C][C@H1][C][C][C][C][O][C][Branch1][C][O][=N][C][=C][Branch1][Ring1][O][C][=C][Branch1][C][O][C][Branch1][C][O][=C][Ring1][=Branch2][C][=Branch1][C][=O][O][C@H1][Branch1][#Branch1][C][C][=Branch1][C][=O][O][C][C][=Branch1][C][=O][O][C@H1][Ring2][Ring1][N][C],-0.4820007158708375
561.6330000000004,1.3346700000000018,12,8,239.09999999999994,7,0.07247003585637114,5.8453203323588685,1,[C][O][C][Branch1][C][O][=N][C@H1][Branch1][C][C][C][C@@H1][Branch1][C][O][C][C][C][C][C@@H1][Branch1][C][O][=N][C][C][C][C][Branch1][C][O][=N][C][=Branch1][C][=N][O][C][C][C][C][C][=Branch1][C][=O][O][=C][Branch1][C][O][C][C][Ring2][Ring1][Branch2][=N][O],-0.4821551080098597
485.5540000000002,3.7053900000000017,10,5,167.14,8,0.19414273144638933,5.5952377725849605,2,[C][C][C][C][C][C@H1][Branch1][C][O][C][Branch1][C][O][=N][C][C][C][C][C][C][C@@H1][Branch1][=Branch1][C][C][C][C@H1][Branch1][C][O][=C][Branch1][C][O][C][Branch1][C][O][=C][Ring1][N][C][=Branch1][C][=O][O][C][=Branch1][C][=O][O][=N][Ring2][Ring1][N],-0.4830208649737614
511.5680000000003,3.7070000000000016,10,6,186.34,17,0.07271586560962574,5.456045875278637,1,[C][C][C@H1][Branch1][C][C][O][C@H1][Branch1][C][O][C][C][=Branch1][C][=O][C][C][C@H1][Branch1][C][O][C][=C][Branch1][C][O][C][=C][Branch1][C][O][C][C][C][C@H1][Branch1][Ring2][C][C][=O][C][=C][O][C][Branch1][C][O][=N][C][Branch1][C][O][=C][Ring1][=Branch2],-0.4833540260471621
525.5990000000003,3.704280000000002,10,3,180.26,15,0.05421820199386429,4.841036835769999,0,[C][C][Branch1][C][C][Branch1][C][C][O][C][Branch1][C][C][C][=C][C][C][C][C][N][=C][Branch1][C][C][Branch1][C][O][=C][C][Branch1][C][O][=C][Ring1][=Branch2][C][=Branch1][C][=O][O][C][Branch1][C][O][=N][C][=Branch1][C][=O][O][C][Branch1][Ring1][C][#N][C][C][O],-0.48442510891571344
501.55300000000034,1.2883400000000007,12,7,216.66999999999996,3,0.21696807858427872,6.086187768446104,1,[C][C][=C][Branch1][C][O][C][C@H1][Branch1][C][O][=C][Branch1][C][O][C][C][C][C][C@H1][Branch1][C][C][C@@H1][Branch1][C][O][C][C][C@H1][Branch1][C][O-1][C][C][=Branch1][C][=N][O][C][=Branch1][C][=N][O][C][C][=Branch1][C][=O][O][C][Branch1][C][O][=C][Ring2][Ring1][N],-0.4846739523968662
530.6150000000004,3.7021000000000024,10,4,176.7,11,0.07687712462775217,5.526795134664946,1,[C][C][C][C][C][C@H1][Branch1][C][O][C][C][Branch1][C][O][=N][C@H1][Branch1][C][C][C][C][C][Branch1][C][O][=N][C][C][C][C@H1][Branch1][Branch2][O][C][=Branch1][C][=O][O][C][C][=Branch1][C][=O][O][C][=Branch1][Branch1][=C][O][C][O][C][C][Ring2][Ring1][Branch2],-0.4847228264689017
536.6230000000004,1.3008800000000011,13,9,237.34999999999994,21,0.03307732600263611,5.544317234300849,0,[C][C][C@H1][Branch1][C][O][C@H1][Branch1][C][C][C][Branch1][C][O][=N][C@H1][Branch1][C][O][C][C][C][C][C@@H1][Branch1][C][O][C][C][C@@H1][Branch1][Ring2][C][C][#N][C@H1][Branch1][C][O][C][C][C][C@H1][Branch1][C][O][=N][O][C][=Branch1][C][=O][O][=N][O][Ring2][Ring1][N],-0.4852083886537821
503.4570000000004,1.2865000000000013,12,6,221.86999999999998,7,0.0948127367884689,5.262075551174777,1,[C][O][C][Branch1][C][O][C][O][=C][C][C][Branch1][C][O][=C][Branch1][C][O][C][C][=Branch1][C][=O][O][C][C][=C][Branch1][C][O][C][C][C][C][C][=Branch1][C][=O][N][=C][Branch1][C][O][C][Branch1][C][O][=C][O][C][Ring2][Ring1][=Branch1][=O],-0.4854492387428366
413.5390000000001,3.6361700000000017,4,5,164.91,17,0.13922703310495393,4.236984723209816,0,[C][C][C][C][C][Branch1][C][O][=N][C][C][C][Branch1][C][O][=N][C][C][C][C][C][C][C][C][C@@H1][Branch1][Ring1][C][O-1][C][Branch1][C][O][=N][C][Branch1][C][O][=N][Ring2][Ring1][C][=Branch1][C][=O][O],-0.48625423505405124
472.65500000000026,3.708190000000002,11,5,144.45,19,0.10943671154558311,5.801108089932533,1,[C][C@H1][C][C][C][C@H1][Branch1][C][O][C][C][C][C@H1][Branch1][C][O][=N][C@H1][Branch1][Ring2][C][C][C][Branch1][C][O][=N][C][C][C][C@@H1][Branch1][=Branch1][C][C][C][N][=N][NH1][N][=N][O][Ring1][Branch1][C][=N][O][C][Ring2][Ring1][O][=N][O],-0.4863606565872703
572.6960000000005,3.660800000000002,12,5,176.36999999999998,20,0.03592023842658031,4.949331588522616,1,[C][C][Branch1][C][C][C][C][C][C][C][C][C@H1][Branch1][C][O][C][C@@H1][Branch1][C][O][=N][C][C][C][C@H1][Branch1][C][O][C][=C][Branch1][C][O][C][C][C][=Branch1][C][=O][O][C][=Branch1][Ring2][=N][Ring1][Branch2][C][=C][Branch1][C][O][C][C][C][=Branch1][C][=O][O][O][C][Ring2][Ring1][=Branch1],-0.48655102102862857
540.5660000000005,3.700400000000003,9,4,200.32999999999996,9,0.24529708201783093,4.123010466377611,1,[O][=C][Branch1][C][O][C][C][C][C][C][C][=Branch1][C][=O][N][C][=C][Branch1][C][O][C][=C][Branch1][Branch2][C][C][C][=Branch1][C][=O][O][C][C][=Branch1][C][=O][O][C][Branch1][C][O][=N][C][C][C][C][C][C][C][C][=Branch1][C][=O][O][Ring2][Ring1][N],-0.48696614566517993
571.6080000000002,1.3324600000000006,13,9,270.29999999999995,5,0.16761596242117657,5.959117599415809,1,[C][C@@H1][C][C][C][C][C@H1][Branch1][C][O][C@H1][Branch1][C][O][C][C][C][C][C@H1][Branch1][C][O][C@H1][Branch1][C][O][C][=Branch1][C][=N][N][=N][C][=C][Branch1][Branch2][C][C][C][=Branch1][C][=O][O][N][=C][Branch1][C][O][C][C][=Branch1][C][=O][O][C][Ring2][Ring2][Ring1][=N][=N][O],-0.48848210500692846
530.5230000000004,3.7117000000000013,13,8,231.50999999999996,18,0.024031539368137123,4.713876239315279,0,[C][O][C][Branch1][C][O][=C][C][=C][Branch1][C][O][C][C][C][Branch1][C][O][=C][Branch1][C][O][C][C][=Branch1][C][=O][O][=C][Branch1][C][O][C][C][C][C][C][C][=Branch1][C][=O][C][=C][Branch1][C][O][C][Branch1][C][O][=C][Branch1][C][O][C][C][Ring2][Ring1][Branch2][=O],-0.4885092798668216
517.5280000000004,1.2818000000000014,12,5,201.63999999999996,6,0.31637955054562517,5.687759215410291,1,[C][C][C@H1][Branch1][C][O][C@@H1][Branch1][C][C][O][C][C][=Branch1][C][=O][C@@H1][Branch1][C][O][N][=C][Branch1][C][O][C][C][C][C][C@H1][Branch1][C][O][C][=Branch1][C][=O][O][C][C][=C][Branch1][C][O][C][Branch1][C][O][=C][Ring1][=Branch2][C][=Branch1][C][=O][O][C@H1][Ring2][Ring1][Branch2][C],-0.4885393756249331
516.5840000000004,3.719400000000002,10,6,191.04999999999998,19,0.06343110801031639,4.298792724642153,0,[C][C][Branch1][C][C][C][C][C][C][C][C@H1][Branch1][C][O][C][C][C@H1][Branch1][C][O][C][=C][Branch1][C][O][C][=C][Branch1][C][O][C][C][C][=Branch1][C][=O][O][C][=C][Branch1][C][O][C][C][=Branch1][C][=O][O][=C][Ring1][=Branch2][C][=Branch1][C][=O][O][Ring2][Ring1][Branch2],-0.488886422212768
503.54500000000036,1.2760999999999991,11,9,217.23999999999998,17,0.036657423423301236,4.242502317565551,1,[C][C][C][C][C][C][C@H1][Branch1][C][O][C@H1][Branch1][C][O][C@H1][Branch1][C][O][=N][C@H1][Branch1][C][O][C][C][C][C][C][C][=Branch1][C][=O][O][C][=C][Branch1][C][O][C][=C][Branch1][C][O][C][Branch1][C][O][=C][Ring1][=Branch2][C][=Branch1][C][=O][O][Ring2][Ring1][=N],-0.4896113373891584
344.39200000000005,1.5533899999999994,8,4,140.62,12,0.08049389833320979,5.341327391972899,1,[C][C@@H1][C][C][C][Branch1][C][O][=N][C][C][C@H1][Branch1][C][O][=N][C][C][C][C][Branch1][C][O][=N][C][Branch2][Ring1][N][=C][O][Ring1][Branch1][C][Branch1][C][O][C][O][C][C][C][C][=Branch1][C][=O][O][=C][Branch1][C][O][C][C][C][Ring2][Ring1][N][=N][O],-0.49012924559956644
539.5980000000005,3.709490000000003,10,3,158.05,12,0.18852610139606096,5.294623632253188,1,[C][C][Branch1][C][C][C@H1][C][C][C][C][C][=Branch1][C][=O][O][C][=C][Branch1][C][O][C][=C][Branch1][C][O][C][=C][Ring1][=Branch2][C][=C][Branch1][Branch1][C][O][C][C][O][C][C][=Branch1][C][=O][O][C][C@H1][Branch1][#Branch1][C][C][=Branch1][C][=O][O][C][Ring2][Ring1][Branch2][O],-0.49023522520520824
423.47,3.6655700000000007,5,6,183.67000000000002,7,0.15694466208718247,5.766258128016107,1,[C][C][C][C][C][C][C@@H1][Branch1][C][C][C][Branch1][C][O][=N][C][/C][=Branch2][Ring1][Ring2][=C][Branch1][C][O][C][C][Branch1][C][O][=N][C][Branch1][C][O][=N][C][=Branch1][Ring2][=N][Ring1][Branch1][C][=C][O][C][Branch1][C][O][=N][Ring2][Ring1][=Branch2],-0.49070960005282166
532.4950000000002,1.2822999999999998,14,7,221.89999999999995,14,0.055049204261376876,4.922377451154615,1,[C][O][C][Branch1][C][O][=C][C][=C][Branch1][C][O][C][C][Branch1][C][O][=C][Ring1][=Branch2][C][=Branch1][C][=O][O][C][C][C][C][Branch1][C][O][C][C][=Branch1][C][=O][O][C][C][Branch1][C][C][=C][Branch1][C][O][C][Branch1][C][O][=C][O][C][Branch1][C][O][C][O][Ring1][S],-0.49139660814865227
519.6560000000004,1.2728000000000017,9,6,198.11999999999998,4,0.31647193063356516,5.550888427361444,1,[C][C][C@H1][Branch1][C][O][C@@H1][Branch1][C][C][C@@H1][Branch1][C][O][C@@H1][Branch1][C][O][C][C][C][C][C][C@H1][Branch1][C][O-1][C][C][C@H1][Branch1][C][O][C@@H1][Branch1][#Branch1][O][C][Branch1][C][N][=O][C@@H1][Branch1][C][O][C][C][C][C][C][N][=C][Ring2][Ring1][N][O],-0.49245162985210983
515.5600000000003,1.2712500000000004,12,5,204.13999999999996,9,0.21831192566412846,6.0317703889201395,1,[C][O][C][Branch1][C][O][C][C][Branch1][C][O][C][C][Branch1][C][C][C][Branch1][C][C][O][C][C][Branch1][C][O][C][C][C][C][=Branch1][C][=N][C][Branch1][C][O][=N][O][C][C][C][=Branch1][C][=O][O][C][Branch1][Ring1][C][#N][=C][O][C][Ring2][Ring1][=Branch1],-0.49248421741209114
470.42700000000036,1.2774999999999999,11,5,197.11999999999998,7,0.1657938768795886,4.394184315160088,2,[O][=C][Branch1][C][O][C][C][C][C][C][C][C][C][=C][C][Branch1][C][O][=C][Branch1][C][O][C][Branch1][C][O][=C][Ring1][=Branch2][C][=Branch1][C][=O][O][C][C][=Branch1][C][=O][O][=C][Branch1][C][O][C][C][=Branch1][C][=O][O][C][Ring2][Ring1][Branch2],-0.4925639545439759
514.5240000000005,3.729400000000003,11,6,200.27999999999997,19,0.04801285820409569,4.6221425979650785,0,[C][O][C][Branch1][C][O][=C][C][=C][Branch1][C][O][C][Branch1][C][O][=C][Ring1][=Branch2][C][C][=C][Branch1][C][O][C@H1][Branch1][#Branch1][C][C][=Branch1][C][=O][O][C][=Branch1][C][=O][O][C][=Branch1][Branch1][=C][O][C][=Branch1][C][=O][C][C][C][C][C][C][C][O][Ring2][Ring1][=C],-0.4926171778409694
499.42900000000026,1.2676000000000025,11,7,240.51999999999998,5,0.092955413954943,5.396883162510811,2,[C][O][C][C][O][C][Branch1][C][O][=N][C][=C][Branch1][C][O][C][C][C][C][C][N][=C][Branch1][C][O][C][Branch1][C][O][=C][Branch1][C][O][C][Branch1][C][O][=C][Ring1][N][C][=Branch1][C][=O][N][=C][Branch1][C][O][C][C][=Branch1][C][=O][O][Ring2][Ring1][Branch2],-0.4929613227870915
521.6040000000004,1.269169999999999,11,7,207.05999999999997,18,0.03410676436058908,5.173583418079696,0,[C][C][C@H1][Branch1][C][O][C@@H1][Branch1][C][C][C][=Branch1][C][=O][O][=C][Branch1][C][O][C@H1][Branch1][C][O][C@H1][Branch1][C][O][C][=Branch1][C][=O][O][C@H1][Branch1][C][C][C@H1][Branch1][C][O][C][C][C][C][C][C][C@H1][Branch1][C][C][C][=C][O][C][Branch1][C][O][=N][Ring1][Branch2],-0.4942243716046391
514.4800000000004,3.7346000000000013,12,3,192.18999999999997,7,0.192672543428988,5.1457798230063085,1,[C][C][C][C][C][C][C][C][C@H1][Branch1][C][C][O][C][=C][C][Branch1][C][O][=C][Branch1][C][O][C][=C][Ring1][=Branch2][C][=Branch1][C][=O][O][C@H1][Branch1][#Branch1][C][C][=Branch1][C][=O][O][C][=Branch1][C][=O][O][C][=Branch1][C][=O][O][C][=Branch1][C][=O][O][Ring2][Ring1][=C],-0.4946884142568942
527.5230000000004,3.7318000000000024,12,5,201.63999999999996,7,0.18258552081671056,5.072746187232344,2,[C][O][C][C][C][C][C][C][C][C][C][=C][Branch1][C][O][C][Branch1][C][O][=C][Branch1][C][O][C][Branch1][C][O][=C][Ring1][O][C][C][=Branch1][C][=O][O][C][=Branch1][C][=O][O][C][Branch1][C][O][=N][C][C][C][C][=Branch1][C][=O][O][=C][Ring2][Ring1][=N],-0.4957852967928769
486.53800000000035,1.2617899999999997,11,2,142.34,3,0.5598532648117465,6.591640830027965,2,[C][C][C@@H1][Branch1][C][O][C@H1][Branch1][C][C][C@@H1][Branch1][C][O][C@H1][Branch1][C][C][O][C][/C][=C][/C@@][Branch1][C][C][C][Branch1][#Branch1][N][=C][O][Ring1][O][C][=Branch1][C][=O][O][C][C][C][=Branch1][C][=O][O][C@H1][Branch1][C][C][C][C][=Branch1][C][=O][O][C][Ring2][Ring1][O],-0.4960152643135089
446.4970000000003,1.2881000000000014,10,4,177.96999999999997,16,0.08871088457117084,4.288605111236215,0,[C][C][C][C][C@H1][Branch1][C][O][=C][C][C][Branch1][C][O][=C][Branch1][C][O][C][C][N][=C][Branch1][C][N][O][C][C][=Branch1][C][=O][O][C][C@H1][Branch1][Branch2][C][C][=Branch1][C][=O][O][C][=Branch1][C][=O][O][C@@H1][Branch1][C][O][C][C][C][=Branch1][C][=O][O][Ring2][Ring1][#Branch2],-0.4964297952742153
444.4770000000002,3.711500000000002,10,4,159.82,6,0.2699723479650503,4.713689296450971,1,[C][C][C][C][C][C][C][C][C][C][C@H1][Branch1][C][O][C][C@H1][Branch1][C][O][C][C][=C][Branch1][C][O][C][Branch1][C][O][=C][Ring1][=Branch2][C][=Branch1][C][=O][O][C][=Branch1][C][=O][O][C][=Branch1][C][=O][O][Ring2][Ring1][Branch2],-0.497160310278285
327.44500000000005,3.3961900000000016,4,3,102.48000000000002,13,0.2086821415652525,4.626460269583193,0,[C][C][Branch1][C][C][C][C@@H1][N][=C][Branch1][C][O][C@@H1][Branch1][C][O][C][C][C][C][C][Branch1][C][O][=N][C@H1][Branch1][Ring2][C][C][C][=Branch1][C][=O][O][C][C][C][C@H1][Branch1][C][O][C][=Branch1][C][=O][N][C][Branch1][C][O][=N][C][Ring2][Ring1][=N][=N][O],-0.4976001956149137
578.6600000000003,1.3184000000000053,11,6,221.31999999999996,22,0.03518768806983835,4.531115182476046,0,[C][O][C][Branch1][C][O][C][C][O][C][C][C][C][Branch1][C][O][=N][C][C][C][C][C@@H1][Branch1][Ring1][C][O][=N][C][C][C][=Branch1][C][=O][O][C][Branch1][C][O][=N][C][Branch1][C][O][=N][C][C][C][=Branch1][C][=O][O][=C][Branch1][C][C][C],-0.4981346725535155
555.5850000000004,1.2856800000000002,12,7,250.36999999999992,6,0.24566523246078897,5.963221858341262,1,[C][C][Branch1][C][O][C][C][Branch1][C][O][C][Branch1][C][O][C][C][C][C][C][C][Branch1][C][C][=N][O][C][Branch1][C][O][=N][C][Branch1][C][O][=N][C][C][C][C][C][Branch1][=Branch1][C][=Branch1][C][=O][O][=N][C][Branch1][Ring1][C][#N][=C][O][C][Ring2][Ring1][=N][O],-0.4982875263178882
533.5510000000005,1.2650000000000012,12,8,241.65999999999997,19,0.017096314222774453,4.733723605000767,0,[C][O][C][Branch1][C][O][=C][C][=C][Branch1][C][O][C][Branch1][C][O][=C][Branch1][C][O][C][C][C@H1][Branch1][C][O][C][C][C][=Branch1][C][=O][O][C][C@H1][Branch1][Ring1][C][O-1][C][Branch1][C][O][=N][C][C][C][C][C][C][=Branch1][C][=O][N][O],-0.498536536679108
546.5740000000004,1.2748000000000037,12,8,231.98999999999995,16,0.044841045671499484,5.171653961923517,1,[C][C][O][C][C][Branch1][C][O][=N][C][C][C][C][C][C@H1][Branch1][C][O][=N][C][C][C][C][C@H1][Branch1][C][O][=N][C][Branch1][C][O][=N][C][Branch1][C][O][=C][Branch1][C][O][C][=Branch1][C][=O][O][C][C][=C][Ring1][#C][C][=Branch1][C][=O][O],-0.49885364216771905
524.6110000000003,3.743800000000003,10,5,178.98,16,0.09393193923146413,4.966254093702652,2,[C][C][C@H1][Branch1][C][O][C@@H1][Branch1][C][C][C][Branch1][C][O][=N][C@H1][Branch1][C][C][C][C][C][C][C@H1][Branch1][C][C][C@@H1][Branch1][C][O][C@@H1][Branch1][C][O][C][C][=Branch1][C][=O][O][C][C][=C][O][C][=Branch1][Ring2][=N][Ring1][Branch1][C][=C][O][C][Branch1][C][O][=C][Ring1][=Branch1],-0.499948953078213
481.55000000000024,3.7470800000000013,9,5,192.83999999999997,3,0.40184518474037656,5.212173331088422,1,[C][C][C][Branch1][C][O][C@@H1][Branch1][C][C][O][C][Branch1][C][O][=N][C][C][C][C][C][C][C][Branch1][C][O][=N][C][Branch1][C][O][=N][C][C][C][C][C][Branch1][Ring1][C][#N][=C][Branch1][C][O][C][Branch1][C][O][=N][Ring2][Ring1][#Branch2],-0.500194936223869
493.5610000000004,3.750200000000002,10,4,176.34999999999997,16,0.08665632815657706,4.125475500084578,1,[C][C][C][C][C][C][C@H1][Branch1][C][C][O][C][=Branch1][C][=O][N][=C][Branch1][C][O][C][=C][Branch1][C][O][C][C][=Branch1][Ring2][=N][Ring1][N][C][=N][C][=Branch1][Ring2][=N][Ring1][Branch1][C][N][C][C][C][C][=Branch1][C][=O][O][C][Branch1][C][O][=C][Ring2][Ring1][Branch2],-0.5002457888718312
544.5580000000003,1.2687000000000006,11,5,229.48999999999998,9,0.1200025050412596,5.392626899370685,1,[C][C][Branch1][C][C][Branch1][C][O][O][C][C][=Branch1][C][=O][N][=C][C][C][C][C][C][C][C][Branch1][C][O][=N][C][Branch1][C][O][=N][C][Branch1][C][O][=N][C][C][C][C][=Branch1][C][=O][O][=C][Branch1][C][O][C][C][O][C][Ring2][Ring1][=Branch1][=O],-0.5005173442109673
501.5130000000002,1.2481300000000008,13,6,216.55999999999997,5,0.10407749339583824,5.844665102470481,1,[C][C][Branch1][C][C][C][C@@H1][N][=C][Branch1][C][O][C@@H1][Branch1][C][O][C@@H1][Branch1][Ring1][C][O][O][C][C][C][C][=Branch1][C][=O][O][C][C][C@H1][Branch1][C][O][C][=Branch1][C][=N][O][C][=Branch1][Ring2][=N][Ring1][Branch1][C][=C][O][C][Ring2][Ring1][Branch2][=N][O],-0.5007571429146065
546.4780000000004,1.2629,15,6,235.80999999999995,17,0.023565596273202316,4.377505202323906,1,[C][O][C][Branch1][C][O][C][=C][Branch1][C][O][C][=C][Branch1][C][O][C][Branch1][C][O][=C][Ring1][=Branch2][C][=Branch1][C][=O][O][C][C][=Branch1][C][=O][O][C][Branch1][C][O][C][C][C][C][C][C][C][C][=Branch1][C][=O][O][C][Branch1][C][O][=C][O][C][Ring2][Ring1][=N][=O],-0.5034952269247447
486.5140000000003,3.757900000000001,11,4,169.04999999999998,8,0.17045319166754405,5.909469769170699,2,[C][C][C][C][C][C][C][C][C][C@H1][Branch1][C][O][C][C@H1][Branch1][C][O][=C][C][Branch1][C][O][=C][Branch1][C][O][C][Branch1][C][O][=C][Ring1][N][C][=Branch1][C][=O][O][C][=Branch1][C][=O][O][C@H1][Branch1][#Branch1][C][C][C][=Branch1][C][=O][O][Ring2][Ring1][N],-0.503882401343806
527.5750000000004,3.752600000000001,9,6,218.70999999999998,16,0.05646262741865356,5.320134066539229,1,[C][C][Branch1][C][C][Branch1][C][O][N][=C][C][C][C][C][C][Branch1][C][O][=N][C][Branch1][C][O][C][C][C][C][C][C][Branch1][C][O][=N][C][Branch1][C][O][=N][C][C][C][=Branch1][Branch1][=C][O][Ring1][Branch1][C][=N][O][C][=Branch1][C][=O][O],-0.5040660711652794
500.4770000000004,1.2391899999999998,11,6,212.63999999999996,14,0.06996825740288388,4.285399138882346,1,[C][O][C][=C][C][Branch1][C][O][=C][Branch1][C][O][C][Branch1][C][O][=C][Ring1][=Branch2][C][=Branch1][C][=O][O][C@H1][Branch1][Ring1][C][O][C][C][C][C][C][=Branch1][C][=O][N][=C][Branch1][C][O][C][Branch1][C][O][C][C][C][=Branch1][C][=O][O][C@H1][Ring2][Ring1][Branch2][C],-0.5043249023119918
525.5550000000004,3.754880000000001,11,7,225.64999999999995,6,0.1142609005183765,4.933784960030388,1,[C][O][C][Branch1][C][O][C][C][C][C][C][Branch1][C][O][=C][C][Branch1][C][O][=C][Branch1][C][O][C][C][C][C][C][C][Branch1][Ring1][C][#N][=C][Branch1][C][O][C][Branch1][C][O][=N][C][Branch1][C][O][=N][C][C][C][=Branch1][C][=O][O][=C][Ring2][Ring1][O],-0.5045473638856915
428.4340000000002,1.2879999999999998,10,5,170.82,9,0.20465099744617427,5.2746636481228055,1,[C][C][C@@H1][Branch1][C][O][C][C][=C][C][C][Branch1][C][O][=C][Branch1][C][O][C][C][Branch1][C][O][=C][Ring1][N][C][=Branch1][C][=O][O][C@H1][Branch1][=N][C@H1][Branch1][C][O][C][C][C][=Branch1][C][=O][O][C][=Branch1][C][=O][O][C][=Branch1][Branch1][C][C][C][=O][O][C][Ring2][Ring1][N],-0.5054876946316299
552.5770000000005,3.736700000000001,12,5,205.80999999999997,17,0.1078024367992008,4.891768030750994,2,[C][C][C][C@H1][Branch1][C][C][C@H1][Branch1][C][O][C@H1][Branch1][C][C][C@@H1][Branch1][C][O][C][C][=C][O][C][=Branch1][Ring2][=N][Ring1][Branch1][C][=C][O][C][=Branch1][Ring2][=N][Ring1][Branch1][C][=C][O][C][C][C][=Branch1][C][=O][O][C][Branch1][C][O][=C][Branch1][C][O][C][C][C][=Branch1][C][=O][O],-0.5057328011074628
470.42700000000036,3.7588000000000017,12,4,186.11999999999998,5,0.2591773420309451,5.016491796617734,2,[C][C][C][C][C][C][C][C][C][C][C@H1][Branch1][C][O][C][=C][C][Branch1][C][O][=C][Branch1][C][O][C][Branch1][C][O][=C][Ring1][N][C][=Branch1][C][=O][O][C][=Branch1][C][=O][O][C][=Branch1][C][=O][O][C][=Branch1][C][=O][O][Ring2][Ring1][O],-0.5069818928877051
470.42700000000036,3.7588000000000017,12,4,186.11999999999998,4,0.2650272447480297,4.997782565848503,2,[C][C][C][C][C][C][C][C][C][C][C@H1][Branch1][C][O][C][=C][C][Branch1][C][O][=C][Branch1][C][O][C][Branch1][C][O][=C][Ring1][N][C][=Branch1][C][=O][O][C][=Branch1][C][=O][O][C][=Branch1][C][=O][O][C][=Branch1][C][=O][O][Ring2][Ring1][N],-0.5069818928877051
511.4840000000005,1.2326000000000008,11,4,202.64,3,0.3133135184074706,5.619865679344001,2,[C][C][Branch1][C][C][Branch1][C][C][O][C][C][C][C][=Branch1][C][=O][N][C][=C][N][=C][Branch1][C][O][C][Branch1][C][O][=C][Ring1][N][C][=Branch1][C][=O][O][C][C][C][C][=Branch1][C][=O][O][N][=C][Branch1][C][O][C][C][O][C][Ring2][Ring1][Branch2][=O],-0.5074800199259077
530.5230000000005,1.2404,12,5,206.34999999999997,8,0.09852110185872069,5.432624491354683,2,[O][=C][Branch1][C][O][C][C][C][C][C][=C][C][C][C@H1][Branch1][#Branch1][O][C][Branch1][C][O][C][=C][Branch1][C][O][C][Branch1][C][O][=C][Ring1][O][C][=Branch1][C][=O][O][C][=Branch1][C][=O][O][C][C@H1][Branch1][C][O][C][C][C][C][C][=Branch1][C][=O][O][Ring2][Ring1][N],-0.5075247380335269
512.5160000000003,1.227969999999999,10,8,231.08999999999992,16,0.06825765305958753,3.7874780767719862,1,[C][O][C][=C][C][Branch1][C][O][=C][C][Branch1][C][O][=C][Ring1][Branch2][C][N][C][=Branch1][C][=O][C][C][C][C][=Branch1][C][=O][N][C][Branch1][C][O][C][C][C][C][=Branch1][C][=N][O][N][=C][Branch1][C][O][C][C][C][=Branch1][C][=O][O][Ring2][Ring1][Branch2],-0.5094273769321791
536.6060000000003,1.2368899999999996,12,4,187.47999999999996,9,0.2500517355039315,6.421350547492106,2,[C][C@H1][C][C@H1][Branch1][C][C][O][C][C][C][C@H1][Branch1][C][O][C][C][C][=C][N][=C][N][=C][N][=C][Ring1][Branch1][C@@H1][Branch1][Ring1][C][O][C@H1][Branch1][Ring2][C][N][=C][Branch1][C][O][C@H1][Branch1][C][O][N][=C][Branch1][C][O][O][C][Ring2][Ring1][=N][=O],-0.5105208090567908
485.4860000000004,1.2225000000000008,11,6,203.40999999999997,3,0.31357047886509626,6.303080923372649,2,[C][C][C@H1][Branch1][C][O][C][C][C][C][C][Branch1][C][O][=C][Branch1][C][O][C][C][Branch1][C][O][=C][Ring1][N][C][=Branch1][C][=O][C@H1][Branch1][Ring1][C][O][N][=C][Branch1][C][O][C][C][=Branch1][C][=O][O][C][C][C][C][=Branch1][C][=O][O][Ring2][Ring1][N],-0.511823822016912
530.5030000000004,1.2286000000000004,13,7,238.85999999999999,16,0.03712897869819137,5.129905184360512,1,[C][C][O][C][=C][C][Branch1][C][O][=C][Branch1][C][O][C][Branch1][C][O][=C][Ring1][Branch2][C][=Branch1][C][=O][O][C][Branch1][C][O][C][Branch1][C][O][C][C][C][=Branch1][C][=O][O][C][Branch1][C][O-1][C][C][C][C][C][C][Branch1][C][O][=N][C][Branch1][C][O][=C][Ring2][Ring1][#Branch1],-0.5122060187424587
567.6840000000003,3.737800000000001,11,5,194.98999999999998,18,0.04091767263322592,5.595019495605572,1,[C][C][C][C][C][C][C][C][C][C][C][C@H1][Branch1][C][O][C][=N][C][=N][C][=Branch2][Ring1][Branch1][=N][=C][Branch1][Branch1][C][C][N][O][C][Branch1][C][O][=N][C][C][C][C][=Branch1][C][=O][O][C][=C][Branch1][C][O][C][C][=Branch1][C][=O][O][Ring2][Ring1][=C],-0.5132916420749518
515.5360000000004,1.2186599999999999,12,5,205.26,22,0.02634220864576484,5.10242848207125,0,[O][=C][Branch1][C][O][C][C@H1][C][/C][=C][/C][/C][=C][C][C@H1][Branch2][Ring1][Branch2][O][C][Branch1][C][O][C][=Branch1][C][=O][O][C][C][C][C][C][C@H1][Branch1][C][O][=C][Branch1][C][O][C][=Branch1][C][=O][O][C][=N][O][C][Ring2][Ring1][=Branch1][=N][Ring1][Branch2],-0.5134769911885051
514.4400000000002,1.218000000000001,15,6,215.06,5,0.17278875389235085,7.330982192390097,3,[C][O][C][Branch1][C][O][C][C][C][C][C][Branch1][C][O][=C][Branch1][C][O][C][C][C][=C][Branch1][C][O][C][Branch1][C][O][=C][Ring1][=C][C][=Branch1][C][=O][O][C][Branch1][#Branch1][O][C][C][=Branch1][C][=O][O][=N][C][Branch1][C][O][=C][O][C][Ring2][Ring1][Branch2][=N][Ring1][O],-0.5136125917459574
500.45300000000043,1.2119999999999993,12,5,206.34999999999997,2,0.2671852777998414,5.399750280457388,2,[C][C][Branch1][C][C][O][C][=C][C][Branch1][C][O][=C][Branch1][C][O][C][Branch1][C][O][=C][Ring1][N][C][=Branch1][C][=O][C@@H1][Branch1][C][O][C@@H1][Branch1][#Branch1][C][C][=Branch1][C][=O][O][C][C][C][=Branch1][C][=O][O][C@H1][Branch1][C][O][C][C][C][C][=Branch1][C][=O][O][Ring2][Ring1][Branch2],-0.5152007966181733
523.5870000000003,3.7834800000000017,9,5,209.90999999999997,5,0.15326371071087694,4.832744385935636,1,[C][C][O][C][Branch1][C][O][=N][C][C][C][C][C][Branch1][C][O][=N][C][C][C][C][C][C][N][=C][Branch1][C][O][C][Branch1][C][O][=N][C][Branch1][Ring1][C][#N][=C][Branch1][C][O][C][C][C][C][=Branch1][C][=O][O][C][Ring2][Ring1][N],-0.515554780736248
534.6070000000001,1.2210400000000032,13,7,218.88999999999996,6,0.06385105275930604,6.052194452973445,1,[C][=C][C][O][C][C][C@H1][Branch1][C][C][C@@H1][Branch1][C][O][C][C][C][C@H1][Branch1][C][O][C][C][C][C@H1][Branch1][C][C][C@@H1][Branch1][=Branch1][C][=Branch1][C][=N][O][O][C][=Branch1][C][=N][O][C][=Branch1][C][=O][C][O][=N][O][C][Ring2][Ring1][=C][O][N][Ring2][Ring1][=N],-0.5162448710176196
359.5070000000001,3.5831000000000017,6,2,88.35,18,0.12834480764777187,3.988941334059316,0,[C][C][C][C][C][C][C][C][C][C][C][C@H1][Branch1][C][O][C][C@H1][Branch1][C][O][C@@H1][Branch1][#Branch1][O][C][=N][O][C][C][=Branch1][C][=O][O][C][=C][Branch1][C][O][C][C][C][=Branch1][C][=O][O][C][=Branch1][C][=O][O][Ring2][Ring1][N],-0.516381670662312
505.5610000000004,1.2082000000000008,10,8,228.07,18,0.07492656258874103,4.954384425885991,0,[C][C][C@H1][Branch1][C][O][C@@H1][Branch1][C][C][C][=Branch1][C][=O][C@@H1][Branch1][C][O][C][C][=C][Branch1][C][O][C][=C][Branch1][C][O][C][C][C][C][C@@H1][Branch1][C][O][C@H1][Branch1][#Branch1][O][C][Branch1][C][N][=O][C@H1][Branch1][C][O][C][C][C][=Branch1][C][=O][O],-0.5168396823812966
512.5600000000003,3.797150000000001,11,7,221.42999999999995,9,0.10236388740869343,5.597021566976622,1,[C][O][C][Branch1][C][O][=N][C][=C][Branch1][C][O][C][C][C][C][C][C][C][C][C@@H1][Branch1][Ring1][C][#N][C][C][C][O][C][Branch1][C][O][=C][Branch1][C][O][C@H1][Branch1][C][O][C][Branch1][C][O][=N][O][C][C][Ring2][Ring1][Ring2][=N][Ring1][=N],-0.5194677218076216
515.6520000000004,3.801400000000002,8,5,177.91999999999996,22,0.03606101169694996,4.363658641921123,0,[C][C][Branch1][C][C][C][C][C][C][C][C][C][C@H1][Branch1][C][O][=N][C][C][C][Branch1][C][O][=N][C][Branch1][C][O][=N][O][C][C][C][C][N][=C][Branch1][C][O][C][C][=Branch1][C][=O][O][C][=Ring1][Branch2][N][=C][Ring2][Ring1][#Branch2],-0.5215003873593967
533.5270000000004,1.2065999999999997,14,6,210.53999999999996,16,0.05413113869203249,4.747612317227645,1,[C][O][C][Branch1][C][O][=C][C][=C][Branch1][C][O][C][C][Branch1][C][O][=C][Ring1][Branch2][C][=Branch1][C][=O][O][C@@H1][Branch1][C][C][C@H1][Branch1][C][O][C][=Branch1][C][=O][O][C][C][C][C][C][C][C][C@H1][Branch1][C][O][C][=Branch1][C][=O][O][=N][O][C][Ring2][Ring1][#Branch2],-0.5216872708011958
515.5560000000004,3.8036800000000026,12,6,206.99999999999997,17,0.05372410035351173,4.624693539763558,0,[C][O][C][Branch1][C][O][=C][C][Branch1][C][O][=C][Branch1][C][O][C][C][C][C][C][C@@H1][Branch1][Ring1][C][#N][=C][Branch1][C][O][C][Branch1][C][O][=C][Branch1][C][O][C][=Branch1][C][=O][O][C][C][=Branch1][C][=O][O][C@H1][Branch1][C][C][C][C][C][C],-0.5223992757728528
499.5610000000004,1.1939000000000033,11,8,217.82,4,0.20277840873542682,5.267468870481636,2,[C][C][C][C][C][C][C][Branch1][C][O][C][Branch1][C][O][C][C][=C][Branch1][C][O][C][=C][Branch1][C][O][C][Branch1][C][O][=C][Ring1][N][C][=Branch1][C][=O][O][C@H1][Branch1][=Branch1][C][C][C][C][N][=C][Branch1][C][N][N][C][=Branch1][C][=O][O][Ring2][Ring2][Ring1],-0.5224407377722363
546.5660000000005,1.2114999999999998,12,8,231.50999999999996,18,0.06868010259705819,4.772857330356604,1,[C][O][C][=C][C][Branch1][C][O][=C][Branch1][C][O][C][C][Branch1][C][O][=C][Ring1][=Branch2][C][=Branch1][C][=O][O][C@H1][Branch1][Ring1][C][O][C][C][C][C][=Branch1][C][=O][C@@H1][Branch1][C][O][C][C][C@H1][Branch1][C][O][C@@H1][Branch1][C][O][C][C][C][C][C][=Branch1][C][=O][O],-0.5237468180562057
372.3740000000001,3.643370000000001,7,8,187.05,10,0.1233780125944522,4.257012767055635,0,[C][C][O][C][Branch1][C][O][=C][C][C][C][Branch1][C][O][=C][Branch1][C][O][C][Branch1][C][O][=C][Ring1][N][C][C][=C][Branch1][C][O][C][C][Branch1][C][O][=N][C][Branch1][C][O][=N][Ring1][=Branch1][C][C][C][C][=Branch1][C][=O][O][C][Ring2][Ring1][=Branch2],-0.5237564096104221
500.49700000000036,3.8104000000000022,12,2,164.12,8,0.2145432937604346,5.922650326095009,2,[C][C][Branch1][C][C][C][C][C][C][C][C][C][C@H1][Branch1][C][O][C][C][=C][C][Branch1][C][O][=C][Branch1][Branch1][C][O][C][Branch1][C][O][=C][Ring1][N][C][=Branch1][C][=O][O][C][=Branch1][C][=O][O][C][=Branch1][C][=O][O][C][=Branch1][C][=O][O][Ring2][Ring1][N],-0.5241609424938116
474.41500000000025,1.1945999999999999,13,4,187.50999999999996,11,0.19006307334469655,5.049573548516008,1,[C][O][C][Branch1][C][O][=C][C][=C][Branch1][C][O][C][=C][Ring1][#Branch1][C@@H1][Branch1][C][C][C][=Branch1][C][=O][O][C][C@@H1][Branch1][C][O][C][C][C@H1][Branch1][C][O][C][=Branch1][C][=O][O][C][=Branch1][C][=O][O][C][Branch1][C][O][=C][O][C][Ring2][Ring1][Branch2],-0.5246612569077309
541.5980000000003,3.795200000000002,10,6,211.05999999999995,12,0.05249822842482988,5.182313141974236,1,[C][C][O][C][Branch1][C][O][C][C][C][C][C][C][Branch1][C][O][=N][C][C][Branch1][C][O][=C][Branch1][C][O][C][C][C][=Branch1][C][=O][O][C][Branch1][Branch2][C][C][C][=Branch1][C][=O][O][=N][C][Branch1][C][O][=N][C][C][C][C][Ring2][Ring1][Branch2][=C],-0.5247175057266539
499.46900000000034,1.1875999999999995,12,4,199.00999999999996,4,0.3403256178878884,5.25833171461119,2,[C][C][C][C][C][C][C@H1][Branch1][C][C][O][C][C][=N][C][=C][Branch1][C][O][C][Branch1][C][O][=C][Ring1][Branch2][C][C][=Branch1][C][=O][O][C][C@@H1][Branch1][C][O][C][=Branch1][C][=O][O][C][=Branch1][C][=O][O][C@H1][Ring2][Ring1][N][C][=Branch1][C][=O][O],-0.5249610742178893
456.49200000000013,3.7955400000000017,10,7,193.60999999999999,14,0.05078959060314887,5.1499082760801755,0,[C][C][Branch1][C][C][C][C][Branch1][C][C][O][C][=C][C][Branch1][C][O][=C][C][Branch1][C][O][=C][Branch1][C][O][C][C][=Branch1][Ring2][=N][Ring1][Branch1][C][=C][O][C][Branch1][C][O][C][C][C][=Branch1][C][=O][O][C][Branch1][C][O][=N][Ring2][Ring1][#Branch1],-0.5254708430655317
501.5050000000004,1.1859000000000004,12,3,181.10999999999999,15,0.1658026659082564,4.489028026814123,1,[C][O][C][Branch1][C][O][=C][C][=C][Branch1][C][O][C][Branch1][C][O][=C][Ring1][Branch2][C][C][=Branch1][C][=O][O][C][C][C][C][Branch1][C][O][C][C][Branch1][#Branch1][C][=Branch1][C][=O][O][C][Branch1][C][O-1][C][C][C][C][C][=Branch1][C][=O][O][=C][Ring2][Ring1][=N],-0.5256486180900697
499.51300000000043,1.1858000000000004,11,3,169.12999999999997,8,0.2479929268068614,5.650144832020098,1,[C][C][C][C@H1][Branch1][C][O][C][=C][C][=C][Branch1][#Branch1][C][=C][C][C][=Branch1][C][=O][O][N][Branch1][C][C][C@H1][Branch1][C][O][C][C][=Branch1][C][=O][O][C@@H1][Branch1][Branch2][C][C][C][=Branch1][C][=O][O][C][C][=Branch1][C][=O][O][O][C][Ring2][Ring1][Branch2],-0.5256809023314427
483.47000000000025,3.8118000000000016,10,6,203.40999999999997,5,0.14347633549865432,4.849145851018732,2,[O][=C][Branch1][C][O][C][C][C][C][Branch1][C][O][=N][C][C][C][C][C][C][C][C][C][=C][Branch1][C][O][C][Branch1][C][O][=C][Branch1][C][O][C][Branch1][C][O][=C][Ring1][N][C][=Branch1][C][=O][O][C][=Branch1][C][=O][O][C][Ring2][Ring1][=Branch2],-0.5257604416461936
295.471,3.3260000000000023,4,2,70.97,2,0.7670654474228759,4.104354582501831,1,[C][C][C][C][C][C@H1][Branch1][C][O][C][C][Branch1][C][N][=N][C][C][C][C][C][C][C@H1][Branch1][Ring2][C][N][=C][Branch1][Ring2][N][O][C][=C][Branch1][C][O][C][C][=Branch1][Ring2][=N][Ring1][=C][O][C][Ring2][Ring1][Ring1][O][=N][#N],-0.5258256435017226
521.5200000000004,1.188899999999999,13,8,232.34999999999994,11,0.03632918970043696,5.785526340232534,1,[C][O][C][Branch1][C][O][=N][C][=C][Branch1][C][O][C][C][Branch1][C][O][=C][Ring1][Branch2][C][=Branch1][C][=O][O][C@@H1][Branch1][C][O][C@H1][Branch1][C][O][C][C][C][C][C][C][C][C][C][C@H1][Branch1][C][O][=N][O][C][Branch1][C][O][=N][O][Ring1][=N],-0.5262031501236006
526.5790000000003,3.8105000000000038,11,4,169.04999999999998,8,0.12768528381197083,4.620566002652801,2,[C][C][Branch1][C][C][C][C][C][C][C][C][C][C][C][=C][C][Branch1][C][O][=C][Branch1][C][O][C][Branch1][C][O][=C][Ring1][=Branch2][C][C][=Branch1][C][=O][O][C][Branch1][Branch2][O][C][=Branch1][C][=O][O][C][Branch1][C][O][C][C][C][=Branch1][C][=O][O][C][Ring2][Ring1][N],-0.5268884255361866
548.4940000000005,1.2035000000000005,14,8,249.96999999999994,15,0.08128593734795982,5.026724914155406,1,[C][O][C][Branch1][C][O][C][O][=C][C][Branch1][C][O][=C][Branch1][C][O][C][C][C][=Branch1][C][=O][O][C][=C][Branch1][C][O][C][C][C][=Branch1][C][=O][O][C][Branch1][Ring1][C][O][C][C][=C][Branch1][C][O][C][Branch1][C][O][=C][Ring1][=Branch2][C][C][=Branch1][C][=O][O],-0.5275913495727541
563.5610000000004,1.2198500000000028,13,8,257.55999999999995,22,0.039913010240521296,6.100290789771961,1,[O][=C][Branch1][C][O][C][C@@H1][N][=C][Branch1][C][O][C][C][C@H1][Branch1][Branch2][O][C][N][=C][Branch1][C][O][N][=C][Branch1][C][O][O][C@@H1][Branch1][Branch1][C][O][C@H1][Branch1][C][O][C][C][C][C][C@@H1][Branch1][Ring1][C][O][=N][C][C][C][=Branch1][C][=N][O][O][Ring1][=Branch1],-0.5276034936237619
530.5710000000003,1.1864799999999998,12,6,215.86999999999998,20,0.07412113434265877,4.859872781022944,1,[C][C][C][C][C][C@H1][Branch1][C][O][C@H1][Branch1][C][O][C][C][C][C][C][C@@H1][Branch1][C][O][=C][Branch1][C][O][C][C][=Branch1][C][=O][O][C@H1][Branch1][#Branch1][O][C][=Branch1][C][=O][O][=N][C][C][C][C][=Branch1][C][=O][O][C][=Ring1][Branch1][C][#N],-0.5289535996928276
538.6830000000003,1.191070000000004,12,7,197.83999999999997,22,0.03420645290803186,5.263893849685465,0,[C][C][C@H1][Branch1][C][O][C@H1][Branch1][C][C][O][C@@H1][Branch1][C][C][C@H1][Branch1][C][O][C][C][C][C][C@@H1][Branch1][C][O][=N][C@H1][Branch1][C][C][O][C][C][C][C][C][C@H1][Branch1][#Branch1][C][=Branch1][C][=O][O][=N][O][C][=Branch1][Ring2][=N][Ring1][Branch2][=N][O][C][Ring2][Ring1][N],-0.529257155964847
398.3640000000002,1.2782999999999998,9,4,167.66,11,0.14002272558381781,3.355745077120484,1,[O][=C][Branch1][C][O][C][C][C][C][C][C][=C][Branch1][C][O][C][=C][Branch1][C][O][C][Branch1][C][O][=C][Ring1][=Branch2][C][=Branch1][C][=O][O][C@@H1][Branch1][Branch2][C][C][=Branch1][C][=O][O][C][=Branch1][C][=O][O][C][C][C][C][C][C][C][=Branch1][C][=O][O][Ring2][Ring1][Branch2],-0.5292708648546601
471.54700000000037,3.816370000000002,10,5,166.59999999999997,8,0.26104864694586777,4.842267392083166,1,[C][C][Branch1][C][C][C][C][C][C][C][C][C@H1][Branch1][C][O][C][=C][Branch1][C][O][C][=C][Branch1][C][O][C][C][C][=Branch1][Ring2][=N][Ring1][N][C][=Branch1][C][=O][O][C][C][O][C][=Branch1][C][=O][O][C][Branch1][C][O][C][Ring2][Ring1][=Branch1],-0.5296140945443207
475.49100000000027,1.1810999999999992,11,7,203.07999999999996,15,0.0775017263839609,4.72725890052355,0,[C][C][C][C][C][C@H1][Branch1][C][O][C][C][=Branch1][C][=O][N][C][=C][Branch1][C][O][C][=C][Branch1][C][O][C][Branch1][C][O][=C][Ring1][N][C][C][=Branch1][C][=O][C@@H1][Branch1][C][O][C@H1][Branch1][Ring1][C][O][O][C][=Branch1][C][=O][O][C][Ring2][Ring1][N],-0.5298323488840601
481.49800000000045,3.8244000000000016,10,5,183.18,8,0.252121593971185,4.691218003492503,2,[C][C][C][C][C][C][C][C][C][Branch1][C][O][=C][Branch1][C][O][C][=C][Branch1][C][O][C][Branch1][C][O][=C][Ring1][N][C][=Branch1][C][=O][O][C][C][C][C][=Branch1][C][=O][O][C][Branch1][Branch2][C][C][C][=Branch1][C][=O][O][=N][Ring2][Ring1][N],-0.5310508013514345
527.5750000000003,1.1795000000000035,13,7,208.42999999999998,10,0.12104502481720582,6.332089406345055,2,[C][C][C][C][C][C@H1][Branch1][C][O][C][/C][=C][/C@@H1][Branch1][C][C][O][C][=C][Branch1][C][O][C][Branch1][C][O][=C][Branch1][C][N][N][C][C][=Branch1][C][=O][O][C][C@@H1][Branch1][Branch2][C][C][C][=Branch1][C][=O][O][=N][O][C][Ring2][Ring1][Branch2][=N][=N][Ring1][Branch1],-0.5310713346623018
484.5300000000002,1.1740900000000012,9,6,199.10000000000002,16,0.11317167682862056,4.5529418580672445,1,[C][C][C][C][C@@H1][N][=C][Branch1][C][O][C@@H1][Branch1][C][O][C][C][C][C][N][=C][Branch1][C][O][N][C][=Branch1][C][=O][O][C][C@@H1][Branch1][Ring1][C][O][N][C][=Branch1][C][=O][C][C][=C][O][C][Ring2][Ring1][O][=N][Ring1][Branch1],-0.531265711387437
470.38300000000027,1.1780999999999997,13,5,198.51,1,0.22280875137290665,4.16745180862517,2,[C][O][C][=C][C][Branch1][C][O][=C][Branch1][C][O][C][Branch1][C][O][=C][Ring1][=Branch2][C][C][=Branch1][C][=O][O][C][C][C][=C][Branch1][C][O][C][Branch1][C][O][=C][Branch1][C][O][C][C][=Branch1][C][=O][O][C][C][=Branch1][C][=O][O][C][Ring2][Ring1][Branch2],-0.5320674810172109
564.6730000000003,1.2082000000000017,12,7,204.10999999999996,12,0.10125033473174815,5.541564765649728,1,[C][C][C][C][C][C@H1][Branch1][C][O][C@H1][Branch1][C][O][=N][C][C][C][C][C@H1][Branch1][C][C][C][C@@H1][Branch1][Ring1][C][O][=N][C@H1][Branch1][#Branch1][C][C][=Branch1][C][=O][O][O][C][=Branch1][C][=O][O][=C][Branch1][C][O][C][C][C][C][=Branch1][C][=O][O][C][Ring2][Ring1][O],-0.5326630699757582
529.4950000000005,1.1762999999999997,13,6,221.86999999999998,5,0.1673775521912983,6.191588390821553,2,[C][C@H1][Branch2][Ring1][C][/C][Branch1][C][O][=N][C][C][C][C][C@H1][Branch1][C][O][C][C][=C][Branch1][C][O][C][=C][Ring1][N][C][=Branch1][C][=O][O][C][=Branch1][C][=O][O][C][C][=Branch1][C][=O][O][=C][Branch1][C][O][C][C][C][Branch1][C][O][=C][O][C][Ring2][Ring1][=C][O],-0.5327559389626738
479.4860000000003,3.830770000000002,11,5,187.91999999999996,4,0.18363208958924038,5.916235611241996,2,[C][O][C][Branch1][C][O][=N][C][=C][Branch1][C][O][C][C][C][C][C][C][Branch1][C][O][=C][Branch1][C][O][C][C][=Branch1][Ring2][=N][Ring1][Branch1][C][=C][O][C][=Branch1][Ring2][=N][Ring1][Branch1][C][=C][O][C][C][C][=Branch1][C][=O][O][C][Ring2][Ring1][Branch2],-0.5338867891678917
512.4720000000003,1.166170000000001,12,6,233.14000000000001,0,0.19893968142226467,5.63389925130202,2,[C][O][C][Branch1][C][O][C][C][=C][Branch1][C][O][C][C][Branch1][C][O][=C][Ring1][N][C][C][C][=Branch1][C][=O][N][=C][Branch1][C][O][C][O][C][C][C][=Branch1][C][=O][C][Branch1][C][O][=N][C][C][C][=Branch1][C][=N][O][C][Ring2][Ring1][Branch2][=N][O],-0.5341147799490289
521.6080000000003,1.168700000000002,13,7,202.05999999999997,6,0.08633656674313786,5.526064373221552,1,[C][C][C][C][C][C@H1][Branch1][C][O][C@H1][Branch1][C][O][C][C@@H1][Branch1][C][O][=N][C][C][C][C][C][C][C][C@@H1][Branch1][C][O][=N][C][Branch1][Branch2][O][C][=Branch1][C][=O][O][=N][C][=Branch1][Branch1][=C][O][Ring1][N][C][=Branch1][C][=O][O][C][Ring2][Ring1][N],-0.5342706926792814
476.4750000000004,1.1683000000000001,11,6,200.27999999999997,13,0.16388253676573614,4.529560998425648,1,[C][O][C][Branch1][C][O][C][O][=C][C][Branch1][C][O][=C][Branch1][C][O][C][Branch1][C][O][=C][Ring1][N][C][=Branch1][C][=O][C][C][C][C@H1][Branch1][C][O][C][=Branch1][C][=O][O][C@H1][Branch1][#Branch1][C][C][=Branch1][C][=O][O][C][C][C][C][Ring2][Ring1][Ring2],-0.5347538544975621
548.5820000000004,3.8156000000000017,13,6,201.67,9,0.13799285350042412,5.399767808472383,1,[C][C][Branch1][C][C][C][C@H1][Branch1][C][C][O][C][C][C][C@H1][Branch1][Ring1][C][O][C@@H1][Branch1][C][O][C][=C][Branch1][C][O][C][Branch1][C][O][=C][Branch1][C][O][C][C][C][=Branch1][C][=O][O][=C][O][C][Branch1][C][O][=C][Branch1][C][O][C][C][C][=Branch1][C][=O][O][Ring2][Ring1][Branch2],-0.5351349180309587
544.5060000000004,3.820500000000002,13,8,240.73999999999995,13,0.09335688814436571,5.0832090770513325,1,[C][O][C][C][C][Branch1][C][O][=C][C][Branch1][C][O][=C][Branch1][C][O][C][C][C][C][=Branch1][C][=O][O][C][Branch1][C][O][=C][Branch1][C][O][C][C][C][=Branch1][C][=O][O][C][=C][Branch1][C][O][C][C][C][Branch1][C][O][=C][Ring1][N][C][C][=Branch1][C][=O][O],-0.5356476231105678
488.4420000000003,1.1587,13,7,220.50999999999996,13,0.06363571829652834,5.02691724271482,1,[C][O][C][C][C][Branch1][C][O][=C][C][Branch1][C][O][=C][Branch1][C][O][C][Branch1][C][O][=C][Ring1][O][C][C][=Branch1][C][=O][O][C][Branch1][C][O][C][C][C][C][=Branch1][C][=O][O][C][Branch1][C][O][C][C][=C][Branch1][C][O][C][Ring1][P][=O],-0.5370177463138439
525.6230000000004,3.8459400000000024,11,5,198.03999999999996,20,0.039102053939154696,5.036346404696122,0,[C][C][Branch1][C][C][C@H1][O][C][C][C][C][Branch1][C][O][=N][C@H1][Branch1][C][O][C][C][C][C][C@H1][Branch1][C][O][C][C][C][=Branch1][C][=N][O][C][=N][C][Branch1][Ring1][C][#N][=C][Branch1][C][O][C][C][C][=Branch1][C][=O][O][=C][Ring2][Ring1][=N],-0.5408094580275026
469.48700000000025,1.1555999999999997,10,5,175.33999999999997,3,0.37704036901795024,6.541836594283944,2,[C][C][Branch1][C][C][C][C][C][Branch1][C][O][C][Branch1][C][C][C][=C][C][Branch1][C][O][=C][C][Branch1][C][O][=C][Ring1][N][C][C][=Branch1][C][=O][O][C][Branch1][C][O][C][Branch1][C][O][=N][C][C][=Branch1][C][=O][O][C][Branch1][C][O][C][Ring2][Ring1][Branch1],-0.5412115947353678
569.7000000000003,3.8080000000000025,10,4,180.44,23,0.03803945081944484,5.07873981914393,1,[C][C][C][C][C@H1][Branch1][C][C][O][C][Branch1][C][O][=N][C][C][C][C][C][C@H1][Branch1][C][O][C][C@H1][Branch1][C][O][C][=N][C][=N][O][=C][Branch1][Branch1][O][C][C][C][C][C][=Branch1][C][=O][O][C][C][=C][N][C][=Branch1][Ring2][=N][Ring1][Branch1],-0.5414523063022275
526.5390000000004,1.1472000000000004,13,5,193.43999999999997,13,0.05745846589189044,6.019685457246725,2,[C][C][C][C@H1][Branch1][C][C][C@H1][Branch1][C][O][C@@H1][Branch1][C][O][=N][C@H1][Branch1][Branch2][C][C][C][C][=Branch1][C][=O][O][C][=C][C][Branch1][C][O][=C][Branch1][Branch2][O][C][C][C][=Branch1][C][=O][O][C][=C][Ring1][N][C][=Branch1][C][=O][O][C][C][Ring2][Ring1][Branch2][=N][O],-0.5437169562226287
501.50500000000045,1.1400000000000017,12,4,192.10999999999999,14,0.11494623661778178,4.414120334506432,1,[C][C][C][C][C][C][O][C][Branch1][C][O][C][C][=C][C][Branch1][C][O][=C][Branch1][C][O][C][Branch1][C][O][=C][Ring1][N][C][=Branch1][C][=O][O][C][C][=Branch1][C][=O][O][C][Branch1][Ring1][C][O-1][C][C][C][=Branch1][C][=O][O][C][Ring2][Ring1][N],-0.5440083272340592
502.4690000000004,1.1399000000000006,12,5,198.50999999999996,9,0.22226188975070188,5.984515607785783,2,[C][O][C][C][C][C][C][O][C][=C][Branch1][C][O][C][=C][Branch1][C][O][C][Branch1][C][O][=C][Ring1][N][C][=Branch1][C][=O][O][C@H1][Branch1][=N][C@H1][Branch1][C][O][C][C][C][C][=Branch1][C][=O][O][C][=Branch1][C][=O][O][=C][O][C][Ring2][Ring1][=N],-0.5440624095119968
519.5440000000003,1.139600000000001,12,7,214.51999999999998,11,0.15072064553390035,5.2343050872587025,1,[C][C@@H1][Branch1][C][O][C][C][C][C][C][C@H1][Branch1][C][O][C@H1][Branch1][C][O][=N][C@H1][Branch1][Branch2][C][C][C][=Branch1][C][=O][O][C][C][=Branch1][C][=O][O][C][C][=Branch1][C][=O][O][C][=C][Branch1][C][O][C][Branch1][C][O][=C][Branch1][C][O][C][C][Ring2][Ring1][Branch2],-0.5455620746936132
548.5380000000005,1.1555999999999997,13,6,226.57999999999996,17,0.08514891183326682,4.860152410659246,1,[C][C][C][C][C][C][Branch1][C][O][C][=C][Branch1][C][O][C][=C][Ring1][Branch2][O][C][=Branch1][C][=O][O][C@H1][Branch1][C][O][C][C][C][C][=Branch1][C][=O][O][C@H1][Branch1][C][O][C][C][C][C][=Branch1][C][=O][O][C@H1][Branch1][Ring1][C][O][C][=Branch1][C][=O][O][Ring2][Ring1][Branch2],-0.5464517978522903
572.7440000000004,3.818400000000003,10,5,185.28999999999996,27,0.018423587943986866,4.907502716381245,0,[C][C][C][C][C][C][C][C][C][C][C][C@H1][Branch1][C][O][C][Branch1][C][O][=N][C@H1][Branch1][Ring2][C][C][N][=N][C][=N][C][Branch2][Ring1][Branch1][O][C][C][C][C][=Branch1][C][=O][O][C][C][=C][Branch1][C][O][C][C][=Branch1][C][=O][O][=C][Ring2][Ring1][Branch2],-0.5470606252912026
493.6010000000003,3.8674800000000036,10,3,158.39999999999998,8,0.27748634149436885,6.167939903012564,2,[C][C][C][Branch1][C][O][C][C][C][C][C][C][C][C][C@H1][Branch1][C][O][C][C][C][C@H1][Branch1][Ring2][C][#N][O][C][C][=N][C][=Branch1][Branch1][=C][O][Ring1][Branch1][C][=N][O][C][=Branch1][C][=O][O][C][C@@H1][Ring2][Ring1][Branch2][O],-0.5471416972485296
494.4530000000003,3.867680000000001,12,6,219.35999999999996,9,0.051136829760263944,4.724430575004233,1,[C][O][C][Branch1][C][O][=N][C][=C][C][=C][Branch1][C][O][C][C][C][C][C][C][=C][Branch1][C][O][C][Branch1][C][O][=C][Branch1][C][O][C][Branch1][C][O][=C][Ring1][N][C][=Branch1][C][=O][O][C][=Branch1][C][=O][O][C][C][Branch1][Ring1][C][#N],-0.5471844753097445
528.5110000000003,1.137900000000001,12,5,202.67,4,0.19800897016965835,5.347647891752837,2,[C][O][C][O][C][Branch1][C][O][=C][C][=C][Branch1][C][O][C][C][=Branch1][Ring2][=C][Ring1][#Branch1][C][C][C][=Branch1][C][=O][O][C][C@@H1][Branch1][C][O][C][C][C][C][=Branch1][C][=O][N][O][C][Branch1][C][O][=N][C][C][C][=Branch1][C][=O][O][=C][Ring2][Ring1][Branch2],-0.5478157848072649
515.5120000000003,3.872700000000002,11,5,201.64,10,0.12176539760155546,5.06398442946075,1,[C][C][C][C][C][C][C@H1][Branch1][C][C][O][C][=C][Branch1][C][O][C][=C][Branch1][C][O][C][Branch1][C][O][=C][Ring1][N][C][=Branch1][C][=O][O][C@H1][Branch1][Branch2][C][O][C][=Branch1][C][=O][O][C][C][=Branch1][C][=O][O][C][Branch1][C][O][=N][C][C][Ring2][Ring1][Branch2],-0.5499557572896212
513.5880000000004,3.874380000000003,11,6,194.08999999999997,10,0.1073537529320514,5.0296382253791165,1,[C][O][C][Branch1][C][O][=N][C][C][C][C][C][C][C@H1][Branch1][C][O][=N][C][C][Branch1][C][O][=C][Branch1][C][O][C][Branch1][C][O][=C][Branch1][C][O][C][C][C][=Branch1][C][=O][O][C@H1][Branch1][=Branch1][C][C][C][C][#N][C][C][Ring2][Ring1][Branch2],-0.5504232884608004
548.6060000000004,1.1442900000000005,13,5,193.79999999999998,18,0.018896471991701465,5.4711286961284165,1,[C][=C][C][C@H1][C][C][C@H1][Branch1][C][C][C@@H1][Branch1][C][O][C@H1][Branch1][C][O][C][C][C][C@@H1][Branch1][C][O][=C][Branch1][C][O][C][C][C][C@H1][Branch1][C][O][=C][Branch1][Ring2][O][Ring1][Branch2][C][=Branch1][C][=O][O][C][C][=Branch1][C][=O][O][=C][O][C][Ring2][Ring1][N][=N][O],-0.5509284069640991
561.5850000000004,3.8457000000000017,11,8,251.51999999999995,20,0.034671656561817664,4.645558385386262,0,[C][C][Branch1][C][C][C][C][Branch1][C][O][=N][C][C][Branch1][C][O][=N][C][C][C][Branch1][C][O][=N][C][C][C][C][C][Branch1][Branch2][O][C][Branch1][C][O][=C][Branch1][C][O][C][=Branch1][C][=O][O][C][Branch1][C][O][=C][Branch1][C][O][C][C][C][C][=Branch1][C][=O][O],-0.5521921833021551
284.352,3.3629000000000016,4,2,83.83000000000001,12,0.18863949441684671,2.8943971939928357,0,[O][=C][Branch1][C][O][C][C][C][C][C][C][C][C][C][=C][C][Branch1][C][O][=C][Branch1][Ring1][O][C][=Branch1][C][=O][O][C][C][Branch1][C][O][=C][Branch1][C][O][C][=Branch1][C][=O][O][C][C][=Branch1][C][=O][O][=C][Branch1][C][O][C][C][C][Ring2][Ring1][Branch2],-0.5524053450284496
528.647,3.874970000000001,9,8,196.95,9,0.1243044660146662,5.433066175388927,1,[C][C][C][C][C][C@H1][Branch1][C][O][C][Branch1][C][O][=N][C][C][C][C][C][C][C@@H1][Branch1][C][C][C@H1][Branch1][C][O][C][C][C][=C][Branch1][C][O][C][Branch1][C][O][=C][O][C][=Branch1][Ring2][=N][Ring1][Branch2][=N][N][C][=Branch1][C][=O][O][C][Ring2][Ring1][Branch2],-0.5529641964720686
540.6620000000004,1.1311900000000048,9,7,225.27999999999997,10,0.19541182082412054,5.969681900952757,1,[O][=C][Branch1][C][O][C][C@H1][C][C][C][C][C@H1][Branch1][=Branch1][C][C][C][C][O-1][N][=C][Branch1][C][O][N][C][C][C@@H1][Branch1][#Branch1][C][C][=Branch1][C][=O][O][N][=C][Branch1][C][O][C][C][C][N][=C][Branch1][C][N][N][C@@H1][Ring2][Ring1][#C][C],-0.5535305985688579
400.46800000000025,3.792300000000002,8,3,122.52000000000001,15,0.0947363319416188,4.291747500590293,0,[C][C][C][C][C][C][C@H1][Branch1][C][C][O][C][=C][C][Branch1][C][O][=C][Branch1][C][O][C][Branch1][C][O][=C][Ring1][N][C][=Branch1][C][=O][O][C@H1][Branch1][Branch1][C][C][O][C][=Branch1][C][=O][O][C@@H1][Branch1][#Branch1][C][C][=Branch1][C][=O][O][C][Ring2][Ring1][N][O],-0.5539248708046972
594.6630000000005,1.1974900000000026,15,7,242.57999999999993,26,0.018580721050015243,6.031879960631664,0,[C][C@@H1][C][C][C][Branch1][C][O][=N][C@H1][Branch1][=Branch1][C@@H1][Branch1][C][C][O][C][C][C][C][C@H1][Branch1][C][O][=C][N][Branch1][Ring2][N][O-1][C][C][C][C][C@@H1][Branch1][Ring2][N][O][C][=Branch1][C][=N][O][N][=C][O][C][C@@H1][Branch1][#Branch1][O][C][=Branch1][C][=O][O][O][Ring2][Ring2][Ring1],-0.5543369934363025
573.6840000000003,3.8415000000000017,10,7,210.72999999999996,20,0.021137826357752076,4.973691498432526,0,[C][C][Branch1][C][C][Branch1][C][C][O][C][=Branch1][C][=O][N][=C][C][Branch1][C][O][C][C][C][C][C][C][C][N][C][=N][C][Branch1][=Branch1][C][C][C][C][C][=Branch1][C][=O][O][=C][Branch1][C][O][C][Branch1][C][O][=C][C][Branch1][C][O][=C][Ring1][=Branch2][C][=Branch1][C][=O][O],-0.5564682267874788
527.5230000000003,3.8888000000000016,12,6,204.79999999999995,4,0.13327610996981257,4.370788972127022,1,[C][O][C][C][O][C][Branch1][C][O][=N][C][=C][Branch1][C][O][C][C][C][C][C][C][Branch1][C][O][=C][Branch1][C][O][C][Branch1][C][O][=C][Branch1][C][O][C][=Branch1][C][=O][O][C][C][C][C][=Branch1][C][=O][C][=C][O][C][Ring2][Ring1][N][=C],-0.5582405686762659
538.6860000000004,3.8834500000000025,10,4,177.81000000000003,23,0.06547399572305666,5.003875200162406,0,[C][C][C][C][C][C@H1][Branch1][C][O][C@H1][Branch1][C][O][C][C][C][C][C][C@H1][Branch1][=Branch1][C][C][#N][C@H1][Branch1][C][O][C][C][=C][N][=C][Branch1][Branch1][C][O][C][C][C][=Branch1][C][=O][O][C][Branch1][C][O][=N][C][C][=Branch1][Ring2][=N][Ring1][Branch2],-0.5587627857901787
513.5400000000004,3.8975000000000026,11,3,170.41,19,0.0465960944915476,4.2270320775366805,1,[C][C][C][C][C][C][C@H1][Branch1][C][C][O][C][C][=C][C][Branch1][C][O][=C][C][Branch1][C][O][=C][Ring1][Branch2][O][C][C][=Branch1][C][=O][O][C][C@H1][Branch1][=Branch1][C][C][C][=Branch1][C][=O][O][C][=N][O][C][=Branch1][C][=O][O][Ring2][Ring1][N],-0.5596555426331461
503.50100000000026,1.1000000000000008,12,5,201.63999999999996,8,0.23345043248637637,5.202787698624327,1,[C][O][C][Branch1][C][O][C][C][O][C][Branch1][C][O][C][C][C][C][C][C][C][C][=Branch1][C][=O][N][=C][C][Branch1][C][O][=C][Branch1][C][O][C][Branch1][C][O][=C][Ring1][=Branch2][C][=Branch1][C][=O][O][C][C][=Branch1][C][=O][O][C][Ring2][Ring1][Branch2],-0.5600437732927666
497.4530000000004,1.0996,12,5,201.63999999999996,2,0.20680455424120484,6.513477095640034,2,[C][=C][C][Branch1][C][O][C][C][Branch1][C][O][=C][C][C][=C][Branch1][C][C][O][C][Branch1][C][O][=C][Ring1][N][C][=Branch1][C][=O][O][C][Branch1][C][O][C][C][C][=Branch1][C][=O][O][C][Branch1][C][O][=N][C][C][C][C][=Branch1][C][=O][O][Ring2][Ring1][O],-0.56018316150702
522.5480000000003,1.1029700000000005,12,8,231.80999999999995,8,0.09687600071665596,5.60464197447744,1,[C][O][C][Branch1][C][O][C][O][=C][C][Branch1][C][O][=C][Branch1][C][O][C][C][C][C][C@@H1][Branch1][C][O][=C][Branch1][C][O][C@H1][Branch1][#Branch1][O][C][Branch1][C][O][=N][O][C][Branch1][C][O][=N][C][C][C][C][C][C][=Branch1][C][=O][C][Ring2][Ring1][Branch2],-0.5606286654818855
491.5340000000002,1.0984700000000007,12,7,207.05999999999997,7,0.2508189919063118,5.301313486616049,1,[C][C][C][C][C@@H1][Branch1][C][O][=C][C][C@H1][Branch1][C][O][C][C][C][C][C@H1][Branch1][C][O][=C][Branch1][C][O][C][Branch1][C][O][=C][Branch1][C][O][C][C][=Branch1][C][=O][O][C@H1][Branch1][Ring1][C][O][C][=Branch1][C][=O][O][C][Ring2][Ring1][Branch2][=N],-0.5608676378326705
427.49800000000016,3.8568000000000016,6,7,178.69,11,0.14848213102707816,4.663777383550782,1,[C][C][C][Branch1][C][O][C][C][C][C][Branch1][C][O][=N][C][Branch1][C][O][=N][C][C][C][C][C][C][C][C][=C][Branch1][C][O][C][Branch1][C][O][=C][Branch1][C][O][C][Branch1][C][O][=N][Ring1][N][C][=Branch1][C][=O][O],-0.561757205931531
535.6350000000003,1.1054000000000042,10,8,218.23999999999998,22,0.03212030779759891,4.563076675920128,0,[C][C][C][C][C][C][C@H1][Branch1][C][C][C@@H1][Branch1][C][O][C@H1][Branch1][C][O][=N][C][C][C][C][C@H1][Branch1][C][O][=N][C@H1][Branch1][Branch2][C][C][C][=Branch1][C][=O][O][C][=Branch1][C][=O][O][C][Branch1][C][O][=N][C][C][C][=Branch1][C][=O][O][Ring2][Ring1][=N],-0.5623743224045691
571.6480000000001,3.8595700000000024,11,5,218.89999999999995,11,0.07919572786938443,5.72134609395341,1,[C][O][C][C][O][C][Branch1][C][O][=N][C][=C][Branch1][C][O][C][C][C][C][C][C][C@@H1][Branch1][Ring1][C][O-1][C][C][Branch1][C][O][=N][C][Branch1][C][O][=N][C][C][C][C][=Branch1][C][=N][O][C][=Branch1][C][=O][O][=C][Branch1][C][C][C][C][Ring2][Ring1][Branch2],-0.5623901112217401
527.6110000000003,3.900800000000002,11,4,164.33999999999997,6,0.22610016252251147,6.074260157564669,2,[C][C][Branch1][C][C][C][C][C][C][C][C][C@H1][Branch1][C][O][C][C@H1][Branch1][C][O][C][C][C][=Branch1][C][=O][O][C][C][=C][Branch1][C][O][C][Branch1][C][O][=C][Branch1][C][O][C][C][=Branch1][Ring2][=N][Ring1][Branch2][C][C][C][=Branch1][C][=O][O][O][C][Ring2][Ring1][=N],-0.5630346096680034
576.6000000000004,1.138040000000001,14,7,250.36999999999995,8,0.12169771784608202,5.42866584447316,1,[O][=C][Branch1][C][O][C][C][C][C][C@H1][Branch1][C][O][=N][C][C][C][C@@H1][Branch1][C][O][C][C][C][=Branch1][C][=N][O][C][C][=Branch1][C][=O][O][C][Branch1][C][O][=N][O][C][C][C][C][C][C][=Branch1][C][=O][O][=C][O][C][Ring2][Ring1][N][=N],-0.5659150525087664
537.5460000000004,1.09339,10,5,220.25999999999996,10,0.11547149249524163,6.078892930007744,1,[O][=C][Branch1][C][O][C][C@H1][C][/C][=C][\C][Branch1][C][O][=N][C][C][C][C][N][=C][Branch1][C][O][C][=C][Branch1][=Branch1][O][C][=Branch1][C][=O][O][C][C@H1][Branch1][C][O][C][C][C][C][=Branch1][C][=O][N][=C][N][=C][Ring1][Branch1][C][Ring2][Ring1][Branch2][O],-0.567632873607581
529.5390000000004,3.9136000000000024,11,5,201.63999999999996,4,0.3290389689491448,5.250960993630629,1,[C][C][C][C][C][C][C@H1][Branch1][C][C][O][C][C][Branch1][C][O][=N][C][=C][Branch1][C][O][C][=C][Branch1][C][O][C][C][Branch1][C][O][=C][Ring1][=Branch2][C][=Branch1][C][=O][O][C][C@@H1][Branch1][Branch2][C][C][C][=Branch1][C][=O][O][O][C][=Branch1][C][=O][O][Ring2][Ring2][Ring1],-0.5685179009354069
497.5890000000004,3.9243000000000023,8,5,173.76,8,0.19042833174968846,5.214206178705142,1,[C][C][Branch1][C][C][C][C@H1][Branch1][C][C][O][C][C][Branch1][C][O][=N][C][C][C][C][Branch1][C][O][=N][C][C][C][C][C][N][=C][Branch1][C][O][C][=C][Branch1][C][O][C][Branch1][C][O][=C][Ring1][=Branch2][C][=Branch1][C][=O][O][C][Ring2][Ring1][=Branch1],-0.5697404058727106
587.5790000000003,1.144600000000001,14,5,224.25999999999993,7,0.20834577584697858,5.519482189181389,2,[C][O][C][Branch1][C][O][=N][C][=C][C][Branch1][C][O][=C][Ring1][#Branch1][C][C][=Branch1][C][=O][O][C][Branch1][C][O][C][C][C][C][C][C][C][C][C][=Branch1][C][=O][N][C][Branch1][C][O][=N][O][C][C][C][=Branch1][C][=O][O][=C][Branch1][C][O][C][O][C][Ring2][Ring1][=Branch1],-0.5697523940836052
532.6310000000003,3.916900000000002,11,6,190.85999999999999,8,0.06666398713254686,5.446393441192431,1,[C][C][Branch1][C][C][Branch1][C][C][C][C][Branch1][C][O][O][C][C][C][C][C][C][C][C][C@H1][Branch1][C][O][C][C][C@H1][Branch1][C][O][C][C][Branch1][C][O][=N][O][C][=Branch1][C][=O][O][C][C][=C][Branch1][C][O][C][Ring2][Ring1][=Branch1][=N][O],-0.5705050624175046
489.4740000000002,3.9254000000000007,11,9,229.95999999999995,14,0.04217582642567293,4.7596703171885295,0,[C][O][C][Branch1][C][O][=N][C][=C][Branch1][C][O][C][C][C][C][C][C][Branch1][C][O][=C][Branch1][C][O][C][Branch1][Ring1][O][C][C][=C][Branch1][C][O][C][C][Branch1][C][O][=C][Branch1][C][O][C][Branch1][C][O][=C][Ring1][=N][C][=Branch1][C][=O][O],-0.5705485187992344
529.4950000000003,1.0810999999999997,13,8,246.52999999999994,15,0.06853853037687821,4.263188611993774,1,[C][C][C][C][C][C][O][C][=C][Branch1][C][O][C][=C][Branch1][C][O][C][=C][Ring1][Branch2][C][=Branch1][C][=O][O][C][C][Branch1][C][O][=C][Branch1][C][N][C][Branch1][C][O][C][=Branch1][C][=O][O][C][Branch1][C][O][C][=C][Branch1][C][O][C][C][=Branch1][C][=O][O][Ring2][Ring1][=C],-0.5706173618984969
515.5120000000004,1.0735000000000008,11,6,209.14999999999998,13,0.19031680416958446,4.809798491985239,1,[C][C][C][Branch1][C][O][C][Branch1][C][C][C][C][C][=Branch1][C][=O][N][C][=C][O][C][Branch1][C][C][=C][Branch1][C][O][C][Branch1][C][O][=C][Ring1][=Branch2][C][=Branch1][C][=O][O][C@H1][Branch1][Ring1][C][O][C][=Branch1][C][=O][O][C@H1][Branch1][C][C][C][C][=Branch1][C][=O][O],-0.5714427780416861
501.5770000000003,3.932000000000004,10,4,179.82999999999998,13,0.07256677257401954,4.811968961735156,1,[C][C][C][C][C][C][Branch1][C][O][C][C][Branch1][C][O][=N][C][C][C][C][C][C@@H1][Branch1][C][O][C][C][C@H1][Branch1][C][O][=C][Branch1][C][O][C][=C][Ring1][=Branch2][N][=N][C][=Branch1][C][=O][O][C][=Branch1][C][=O][O][C][Ring2][Ring1][=Branch2],-0.572808683345497
468.5430000000003,3.9235000000000024,9,3,139.59000000000003,14,0.14967876904972868,4.500125800930837,1,[C][C][C][C][C][C][C@@H1][Branch1][C][O][C][=C][C][=Branch1][C][=O][O][C@H1][Branch1][C][O][C][C][C][=C][Branch1][C][O][C][Branch1][C][O][=C][Ring1][=Branch2][C][=Branch1][C][=O][O][C][C@H1][Branch1][Ring2][C][C][C][=Branch1][C][=O][O][=C][Branch1][C][O][C][Branch1][C][O][=N][Ring2][Ring1][Branch2],-0.572865194784952
546.5980000000002,1.0826600000000037,13,7,238.59999999999994,13,0.04287028007658316,6.030737252623095,1,[O][=C][Branch1][C][O][C][C@H1][C][C][C][C][C][C][C@H1][Branch1][C][O][C@H1][Branch1][=Branch1][C][C][C][C][N][=C][Branch1][Ring2][N][O][C][C][=Branch1][C][=O][O][C][C@@H1][Branch1][#Branch1][O][C][=Branch1][C][=N][O][C][Ring2][Ring1][=Branch1][=N][O][C][Ring2][Ring1][N][=N][O],-0.5745449699649267
472.3990000000003,1.0685999999999998,13,4,195.34999999999997,3,0.2587820687026646,5.36183288658866,1,[O][=C][Branch2][Branch1][C][O][C][C][C][C][C][=Branch1][C][=O][O][C][=C][C][Branch1][C][O][=C][Branch1][C][O][C][Branch1][C][O][=C][Ring1][N][C][=Branch1][C][=O][O][C][C][C][C][=Branch1][C][=O][O][C][=C][O][C][Ring2][Ring1][N][O],-0.5752149288778934
517.4840000000004,1.063400000000001,13,7,232.86999999999998,12,0.04795436621881137,4.669741135917404,1,[C][C][C][C][Branch1][C][O][=C][C][Branch1][C][O][=C][Branch1][C][O][C][Branch1][C][O][=C][Ring1][N][C][=Branch1][C][=O][O][C][Branch1][C][O][C][Branch1][C][O][C][C][C][=Branch1][C][=O][O][C][C][Branch1][C][O][=N][C][C][C][C][=Branch1][C][=O][O][=C][Ring2][Ring1][#Branch2],-0.5757029534612442
526.5390000000002,1.0662000000000011,12,7,218.92999999999995,4,0.25677892168040867,5.877462977608716,2,[C][C][C][Branch1][C][O][C][=C][C][Branch1][C][O][=C][Ring1][Branch2][C][Branch1][C][O][C][C][C][C][=Branch1][C][=O][O][C][C][Branch1][C][O][C][C][Branch1][C][O][=C][Branch1][C][O][C][Branch1][C][O][=N][C][C][C][=Branch1][C][=O][O][C][Branch1][C][C][#N][C][Ring2][Ring1][Branch2],-0.5759708885733719
532.6460000000003,1.0675800000000037,11,8,194.82,9,0.2115046879204878,5.469319846227892,2,[C][C][Branch1][C][C][C@H1][Branch1][C][O][C][C][C][C][=Branch1][C][=O][N][C][=C][O][C][Branch1][Ring1][C][#N][=C][Branch1][Branch1][C][N][C][C][C][C][C][C][N][C][=C][Branch1][C][N][N][C][=C][Ring1][Branch2][N][C][=Branch1][C][=O][O][N][Ring2][Ring1][O],-0.576676143331765
447.39300000000026,1.0797000000000012,12,6,204.79999999999995,5,0.1515196087638018,5.349454885452278,1,[C][O][C][O][C][Branch1][C][O][=C][C][=C][Branch1][C][O][C][C][C][C][C@H1][Branch1][C][O][C][Branch1][C][O][=C][Branch1][C][O][C][C][=Branch1][C][=O][O][C][C][=Branch1][C][=O][O][C][Branch1][C][O][=N][Ring2][Ring1][Branch1],-0.5777805121289565
500.4530000000004,1.0543999999999996,13,4,195.34999999999997,5,0.1811037569223705,5.970863282082321,3,[C][C][C][C][C][C][C@H1][Branch1][C][O][C][=C][C][=C][Branch1][C][O][C][Branch1][C][O][=C][Ring1][=Branch2][C][=Branch1][C][=O][O][C@H1][Branch1][C][O][C][=Branch1][C][=O][O][C][C][=Branch1][C][=O][O][C@H1][Branch1][C][O][C][C][C][=Branch1][C][=O][O][Ring2][Ring1][#Branch2],-0.5782407097705939
563.5530000000005,1.0870000000000024,15,7,234.26,20,0.01605073775723534,4.916684713397872,0,[C][O][C][C][O][C][Branch1][C][O][C][C][C][C][=C][Branch1][C][O][C][Branch1][C][O][=C][Branch1][C][O][C][C][C][=Branch1][C][=O][O][C][Branch1][Ring1][C][O][=C][Branch1][Ring1][O][C][C][=Branch1][C][=O][O][C][Ring1][Ring1][=N][C][C][=C][Branch1][C][O][C][O],-0.5793159545843694
546.4780000000004,1.0701000000000003,14,7,246.80999999999995,15,0.07031884389957418,4.539975592888437,1,[C][C][C][C][C@H1][Branch1][C][O][O][C][/C][=C][/C][=C][C][Branch1][C][O][=C][Branch1][C][O][C][Branch1][C][O][=C][Ring1][=Branch2][C][=Branch1][C][=O][O][C@H1][Branch1][C][O][C][=Branch1][C][=O][O][C][=Branch1][C][=O][O][C@H1][Branch1][C][O][C][C][C][C][=Branch1][C][=O][O],-0.5794644592518164
535.5910000000003,1.0600000000000012,12,6,205.46999999999997,13,0.08452030768097209,5.247149297121564,1,[O][=C][Branch1][C][O][C][C][C@H1][Branch1][C][O][C@H1][Branch1][C][O][=N][O][C][C][C][C][C][C][C][C][C@H1][Branch1][#Branch1][C][C][=Branch1][C][=O][O][=N][O][C][=Branch1][Branch1][=N][O][C][C][C][C][C][=Branch1][C][=O][O][C][Ring2][Ring1][Branch2],-0.5803816650480954
529.5910000000001,3.943780000000002,11,4,196.80999999999995,18,0.03813249901048765,4.93734221133561,0,[C][C][Branch1][C][C][C][C@H1][Branch1][C][C][O][C][Branch1][C][O][=N][O][C][C][C][C][C][C][C@H1][Branch1][C][O][=N][C][=N][C][Branch1][Ring1][C][#N][=N][O][C][=Branch1][Branch1][=C][O][Ring1][=Branch1][O][C][=Branch1][C][=O][O][C][C][C],-0.5805364926238495
457.5000000000003,1.0638900000000002,9,6,192.13000000000002,16,0.0371198302632216,4.966548201185496,0,[C][C@@H1][C][C][C][=Branch1][C][=O][O][C@H1][Branch1][C][O][C][C@H1][Branch1][C][O][C][C][=C][Branch1][C][O][C][=C][Branch1][C][O][C][C][C][=C][Ring1][S][C][=Branch1][C][=O][N][=C][Branch1][Branch1][C][O][C][Branch1][C][O][=N][Ring2][Ring1][O],-0.580698638827404
520.5720000000003,1.0507999999999993,12,5,189.28,6,0.1450418417536836,5.256955107426451,1,[C][=C][C][C][C][C][C][C][C][C@H1][Branch1][C][O][C][C@H1][Branch1][C][O][C][C][C][C@H1][Branch1][C][O][=C][Branch1][Branch2][O][C][=Branch1][C][=O][O][C][C][=Branch1][C][=O][O][C@H1][Branch1][C][O][C][C][=Branch1][C][=O][O][C][Ring2][Ring1][=N][O],-0.5811383063746532
459.5360000000002,1.0587000000000006,10,8,179.93999999999997,2,0.2781761622307007,5.481499965250473,2,[C][C][C][C][C][C@H1][Branch1][C][O][C][C@@H1][Branch1][C][O][=N][C][C][C][C][C][C@@H1][Branch1][C][O][=C][Branch1][C][O][C][Branch1][C][O][=C][Branch1][C][O][C][Branch1][C][O][=C][Ring1][N][C][=Branch1][C][=O][O][C@H1][Ring2][Ring1][N][C],-0.5821723555649131
496.5170000000002,1.042370000000002,11,6,192.95,4,0.3063077478620583,5.473149018312343,1,[C][C][Branch1][C][C][C][C@H1][Branch1][C][C][C][=Branch1][C][=O][N][C][=C][N][Branch1][C][O][C][C][=C][Branch1][C][O][C][=Branch1][Ring2][=N][Ring1][N][C][=Branch1][C][=O][O][C][C@H1][Branch1][Ring1][C][O][N][C][=Branch1][C][=O][C][=C][O][C][Branch1][C][O][=C][Ring2][Ring1][O],-0.583093611575362
573.644,3.912600000000003,12,5,207.81999999999996,22,0.04120603953968105,4.953324355802719,1,[C][O][C][Branch1][C][O][=N][C][=C][Branch1][C][O][C][C][C][C][Branch1][C][O][=N][C][C][C][C][C@@H1][Branch1][C][O][C][C][C][C][C@@H1][Branch1][=Branch1][C][=Branch1][C][=O][O][=N][O][C][=Branch1][Branch1][=N][O][Ring1][Branch1][C][=N][O][C][C][C][C],-0.583921190353631
528.6030000000002,3.9532700000000016,11,5,203.67999999999998,20,0.05090205190444262,4.845080672874072,0,[C][C][C][C][C][C@H1][Branch1][C][O][C][Branch1][C][O][=N][C][C][C][C][C][C][C][N][=C][Branch1][C][O][C][=C][Branch1][C][O][C][C][=Branch1][C][=O][O][C][=N][C][Branch1][Branch2][O][C][=Branch1][C][=O][O][=C][C][=Branch1][Ring2][=N][Ring1][N],-0.5841160135623751
527.6110000000003,3.958700000000002,11,3,149.85000000000002,9,0.1729871228989309,5.823497560864794,2,[O][=C][Branch2][Branch1][=Branch1][C][C][C][C][C][C][C][C][=Branch1][C][=O][O][C][Branch1][C][O][C][C][C][C][C][C][C][C][C][=C][C][Branch1][C][O][=C][Branch1][Ring2][N][O][Ring1][Branch2][C][C][=Branch1][C][=O][O][=C][Branch1][C][O][C][O][Ring2][Ring1][Branch2],-0.5860873481691966
548.6300000000002,1.0544000000000016,13,9,218.26999999999995,21,0.02448751847445888,4.979427369455142,0,[C][C][C][C][C][C@H1][Branch1][C][O][C@H1][Branch1][C][O][=N][C][C][/C][=C][\C][C@H1][Branch1][C][O][=N][C@H1][Branch1][C][O][C][=Branch1][C][=O][O][C][C][C][=C][Branch1][C][O][C][Branch1][C][O][=C][Branch1][C][O][C][C][=Branch1][C][=O][O][=C][Ring1][#C][C],-0.5863625202892827
516.5920000000001,1.0362000000000016,12,7,207.39999999999995,7,0.10999895901258508,5.359950116456309,1,[C][C][C][C][C][C@H1][Branch1][C][O][C][C@H1][Branch1][C][O][C][C][C][C][C][C@H1][Branch1][C][O][=C][Branch1][C][O][C][=C][Branch1][C][N][N][=C][N][Branch1][Ring1][C][O][C][=Branch1][C][=O][O][=N][C][=Branch1][Branch1][=C][O][Ring1][N][C][Ring2][Ring1][#Branch2][=O],-0.5864595879137788
529.5830000000003,3.9608000000000017,11,7,206.56999999999996,7,0.10863732973533655,5.282203948695367,1,[C][C][C][C][C][C@H1][Branch1][C][O][C][C][Branch1][C][O][=N][C@H1][Branch1][C][C][C][C][C][C][C@@H1][Branch1][C][O][C][C][=C][Branch1][C][O][C][Branch1][C][O][=C][Branch1][C][O][C][C][=Branch1][C][=O][O][C][Branch1][C][O][=C][O][C][Ring2][Ring1][Branch2][=O],-0.5873078221478076
547.6500000000003,1.0461000000000031,12,7,220.21,20,0.013046398326297646,4.847235008133826,0,[C][O][C][Branch1][C][O][=C][C][=C][Branch1][#Branch1][C][=Branch1][C][=O][O][C][C][C][C][C][C@H1][Branch1][C][O][=C][Branch1][Ring2][C][C][N][C][C][C][C@H1][Branch1][Ring2][C][C][O][=N][C][Branch1][C][N][=N][O][C][=Branch1][C][=O][O][=N][C][Ring2][Ring1][=N],-0.5893166581728355
527.4790000000004,3.967080000000003,14,7,236.45999999999995,15,0.052436444963354215,4.310804322955646,0,[C][O][C][Branch1][C][O][=C][C][=C][Branch1][C][O][C][Branch1][C][O][=C][Branch1][C][O][C][C][C][=Branch1][C][=O][O][C][Branch1][C][O][=C][Branch1][Ring1][O][C][C][C][C][C][C][=Branch1][C][=O][O][C][Branch1][Ring1][C][#N][=C][Branch1][C][O][C][Branch1][C][O][=C][Ring1][=Branch2],-0.5893998455955018
533.6670000000004,1.033700000000007,12,5,200.30999999999997,24,0.022558864724582517,4.932458623513631,0,[C][C][C][C][C][C][C@@H1][Branch1][C][C][O][C][C@H1][Branch1][C][O][=N][C@H1][Branch1][=Branch1][C][C][C][C][N][=C][Branch1][=Branch1][O][C][C][C][N][C][=Branch1][C][=O][O][C][C][=Branch1][C][=O][N][=C][O][C][Ring2][Ring1][O][=N][O],-0.590372406160719
213.277,2.1458,3,2,62.05,8,0.4794157438816423,3.598940880154794,1,[C][C][C][C][C][C][O][C][Branch1][C][O][C][/C][=C][\C][Branch1][C][O][=N][Ring1][Branch1][C][=C][Branch1][C][N][C][C][=Branch1][C][=O][O][C][Branch1][C][O][C][Branch1][C][O][=N][C][C][C][=Branch1][C][=O][O][C][Branch1][C][O][=C][Ring2][Ring1][Branch2],-0.5906890360553513
543.4780000000004,1.0382000000000011,14,6,231.09999999999994,9,0.07842570895866699,5.440289621264176,2,[C][O][C][C][O][C][Branch1][C][O][=N][C][=C][Branch1][C][O][C][C][C][C][C][=Branch1][C][=O][C][=C][Branch1][C][O][C][Branch1][C][O][=C][Ring1][=Branch2][C][=Branch1][C][=O][O][C][C@H1][Branch1][Ring1][C][O][C][=Branch1][C][=O][O][=C][O][C][Branch1][C][O][=C][Ring2][Ring1][Branch2],-0.5911504244572608
498.58100000000036,1.0209000000000032,10,7,214.93999999999997,6,0.2616922962936991,5.24166052049737,1,[C][C][C][C][C][C@H1][Branch1][C][O][C][Branch1][C][O][=N][C][=C][Branch1][C][O][C][C][N][=C][Branch1][C][O][C][C][C][N][=C][Branch1][C][N][N][C][=Branch1][C][=O][C@H1][Branch1][Ring1][C][O][N][=C][Branch1][C][O][C][C][Ring2][Ring1][O],-0.5916468066710058
525.5310000000003,3.974490000000003,12,3,187.20999999999995,8,0.14581776889222112,6.427691049362231,2,[C][C][C][C@H1][Branch1][C][C][C@@H1][N][=C][Branch1][C][O][C@H1][Branch1][C][O][C@@H1][Branch1][C][O][C][C][C][C][C][C@H1][Branch1][Branch2][C][C][=Branch1][C][=O][O][O][C][=Branch1][C][=O][O][C][=C][O][C][=Branch1][Ring2][=N][Ring1][Branch1][C][=C][O][C][Ring2][Ring1][Branch2][=O],-0.5920022377153666
544.5980000000005,3.9637000000000038,11,4,193.76999999999998,19,0.02685227004066679,4.368429422421567,0,[C][C][C][Branch1][C][O][=N][C][C][C][C][C][C][Branch1][C][O][=N][C][=C][Branch1][C][O][C][=C][Ring1][Branch2][C][C][C][C][=Branch1][C][=O][O][C][Branch1][Branch2][C][C][=Branch1][C][=O][O][=C][Branch1][C][O][C][C][O][C][=Branch1][C][=O][O][C][Ring2][Ring1][N],-0.5922353897024408
465.55100000000033,3.973080000000002,7,6,194.60999999999996,6,0.2518697400723355,5.50185846904643,1,[C][C][C][Branch1][C][O][C][Branch1][C][C][C][C][C][Branch1][C][O][=N][C][Branch1][C][C][C][C][Branch1][C][O][=N][C][Branch1][C][O][=N][C][C][C][C][C][C][Branch1][Ring1][C][#N][=C][Branch1][C][O][C][Branch1][C][O][=N][Ring2][Ring1][=Branch1],-0.593246394197218
540.5220000000003,1.0298699999999998,13,5,214.48999999999998,6,0.14800427283132483,4.954097917967474,2,[C][C][O][C][C][C][O][C][=C][C][Branch1][C][O][=C][Branch1][C][O][C][=C][Ring1][Branch2][C][C][C][=Branch1][C][=O][O][C@H1][Branch1][C][O][C][C][C][=Branch1][C][=O][O][C@H1][Branch1][C][O][C][C][C][=Branch1][C][=O][O][C][=N][C][Ring2][Ring1][Branch2][=N],-0.5936103811760708
517.4600000000005,1.0150000000000012,12,6,240.40999999999997,15,0.13120956720300395,4.893600270532788,1,[C][C][C][C][Branch1][C][O][=C][C][Branch1][C][O][=C][Branch1][C][O][C][Branch1][C][O][=C][Ring1][=Branch2][C][=Branch1][C][=O][O][C@H1][Branch1][C][O][C@H1][Branch1][#Branch1][C][C][=Branch1][C][=O][O][C][C][C][=Branch1][C][=O][O][C][Branch1][C][O-1][C][C][C][C][=Branch1][C][=O][O],-0.5950255510480197
494.5890000000004,3.990560000000002,9,3,177.74999999999997,15,0.07575652095622948,4.833555112695767,0,[C][C][Branch1][C][C][O][C][Branch1][C][C][C][C][C][Branch1][C][C][Branch1][C][O][C][Branch1][C][C][=C][Branch1][Ring1][C][#N][C][C][Branch1][C][O][=N][C][C][C][=Branch1][C][=O][O][O][C][Branch1][C][O][=N][C][C][C][C][Branch1][Ring1][C][#N],-0.5963222064119371
531.5550000000004,1.0147000000000006,12,7,215.79999999999998,5,0.19539254614946544,5.783246459066362,2,[C][C][C][C][C][C][Branch1][C][O][C][C@H1][Branch1][C][O][=C][Branch1][C][O][C][C][C][C][=C][Branch1][C][O][C][Branch1][C][O][=C][Ring1][=Branch2][C][=Branch1][C][=O][O][C][Branch1][C][O][=N][C][C][C][=Branch1][C][=O][O][C][Branch1][C][C][O][=C][Ring2][Ring1][=N][O],-0.5974625063550011
254.32599999999996,3.349890000000002,3,1,63.599999999999994,11,0.3486977571350327,2.7972508106072986,0,[O][=C][Branch1][C][O][C][C][C][C][C][C][C][C][C][C@H1][Branch1][Branch2][C][C][=Branch1][C][=O][O][C@H1][Branch1][Ring1][C][O][C][=Branch1][C][=O][O][C][=Branch1][Ring2][=N][Ring1][O][C][C][C][C][C][C][C][C@H1][Branch1][C][O][C][Branch1][C][O][=N][O],-0.5974888610175094
471.4830000000003,1.012090000000002,10,6,209.19999999999996,13,0.05571537202971882,5.168071590419861,0,[C][C][C@H1][Branch1][C][O][C@H1][Branch1][C][C][C][=Branch1][C][=O][N][=C][Branch1][C][O][C][=C][Branch1][C][O][C][C][=C][Branch1][C][N][C][Branch1][C][O][=C][Ring1][=Branch2][C][=Branch1][C][=O][O][C][C@@H1][Branch1][C][O][C][C][=Branch1][C][=O][O][C@H1][Ring2][Ring1][Branch2][C],-0.5978905117594684
514.4800000000004,3.9959000000000016,12,7,220.51,13,0.08000056101647957,4.9437326119496365,0,[C][C][C@H1][Branch1][C][C][O][C][=Branch1][C][=O][O][C@H1][Branch1][C][C][C][=C][Branch1][C][O][C][=C][Branch1][C][O][C][Branch1][C][O][=C][Ring1][N][C][=Branch1][C][=O][O][C][C][=C][Branch1][C][O][C][C][Branch1][C][O][=C][C][Branch1][C][O][=C][Ring1][=Branch2][C][=Branch1][C][=O][O],-0.5990604069707836
356.4830000000001,1.1831,5,4,116.34,9,0.494970829555292,5.305877701204882,1,[C][C][Branch1][C][C][C][C][Branch1][C][O][C][Branch1][C][C][Branch1][C][C][=C][C][Branch1][C][O][C][Branch1][C][O][C][Branch1][C][C][C][C][C][=C][Branch1][Ring1][C][O-1][C][Branch1][C][O][=N][Ring1][=Branch2][C][Branch1][C][O][C][=Branch1][C][=O][O][C][C][=Branch1][C][=O][O],-0.599887168354183
372.462,1.1395900000000008,8,5,134.11,15,0.0949626997863849,5.000178259734842,0,[C][C@@H1][C][C][C@H1][Branch1][C][C][O][C][C][Branch1][C][O][=C][Branch1][C][O][C][C][C][C][C][Branch1][C][O-1][=C][Branch1][Branch2][N][C][Branch1][C][O][N][C][=Branch1][C][=O][O][C][C][C][Branch1][Branch2][C][C@H1][Branch1][C][C][C][O][=N][O][Ring2][Ring1][#C],-0.6009810518410706
493.60500000000025,4.002800000000002,9,3,141.06,12,0.21188242379763067,6.884151458425422,4,[C][C][C][C][C][C@H1][Branch1][C][O][C][Branch1][C][O][=N][C][C][C][C][C][C@@H1][Branch1][C][C][=C][N][Branch1][C][O][C][Branch1][C][O][=N][C][C][C][=Branch1][Ring2][=N][Ring1][Branch2][O][C][=Ring1][Branch1][C][C@@H1][Branch1][C][C][O][N][=C][Ring2][Ring1][C],-0.601256050697206
529.5430000000003,3.9982000000000015,11,7,223.44999999999993,5,0.15299135623968124,4.89417060377435,1,[C][O][C][C][Branch1][C][O][=N][C][C][C][Branch1][C][O][=C][Branch1][C][O][C][C][C][C][C][Branch1][C][O][=C][Branch1][C][O][C][C][Branch1][C][O][=N][C][C][C][C][=Branch1][C][=O][O][C][=C][Branch1][C][O][C][C][Branch1][C][O][=N][Ring2][Ring1][N],-0.6021857469219948
500.5410000000003,0.9907999999999995,11,5,180.04999999999998,7,0.1910345444980053,5.552582689113041,2,[C][C][C][Branch1][C][O][C][C][C][C][C][Branch1][C][O][C][C][C][C][C][C][=C][C][Branch1][C][O][=C][Branch1][Branch1][C][O][C][Branch1][C][O][=C][Ring1][N][C][=Branch1][C][=O][O][C][Branch1][C][O][C][=Branch1][C][=O][O][C][Ring2][Ring1][N][=O],-0.6036809696553307
468.4390000000002,0.99739,13,5,188.73,5,0.2857801965315111,7.243211753875219,3,[C][C][C@H1][Branch1][C][C][C@@H1][Branch1][C][O][C@@][Branch1][C][O][C][C][C][C][=Branch1][C][=O][O][C][Branch1][N][=C][C][Branch1][C][O][=C][Branch1][C][O][C][=Branch1][Ring2][=N][Ring1][N][C][C][=Branch1][C][=O][O][O][C][=C][O][C][Ring2][Ring1][=Branch1][=N][=N][Ring1][Branch1],-0.604349465806002
509.64100000000025,0.9881700000000002,12,8,193.81999999999996,26,0.020681844466014215,5.086925306139758,0,[C][C][C][C][C][C@H1][Branch1][C][O][C][C@@H1][Branch1][C][O][C@@H1][Branch1][C][O][=N][C][C][C][C][C][C@@H1][Branch1][C][O][=C][Branch1][C][O][C][C][C][C][C@@H1][Branch1][#Branch1][O][=N][O][C][=Branch1][C][=N][O][C][=O][O][C][Ring2][Ring1][O],-0.6050393271085772
497.5850000000004,4.014280000000002,10,5,177.53999999999996,17,0.04921354461569955,4.844793806927253,0,[C][C][C@H1][Branch1][C][C][C][C@H1][Branch1][C][O][C][C][=Branch1][C][=O][O][C@H1][Branch1][C][O][C][=C][Branch1][C][O][C][C][C][C][C][C][C@H1][Branch1][Ring1][C][#N][C][=C][Branch1][C][O][C][Branch1][C][O][=C][Ring1][=Branch2][C][=Branch1][C][=O][O][C][Ring2][Ring1][Branch2],-0.6057312571132524
501.48500000000047,0.9819,12,5,201.63999999999996,0,0.23290443553939894,5.556390505097021,2,[C][C][C][C][Branch1][C][O][=C][C][Branch1][C][O][=C][Ring1][Branch2][C][Branch1][C][O][C][C][=Branch1][C][=O][O][C][Branch1][C][O][C][Branch1][C][O][C][C][C][C][C][=Branch1][C][=O][O][C][Branch1][C][O][=N][C][C][C][C][=Branch1][C][=O][O][Ring2][Ring1][N],-0.6072472630650548
471.4590000000004,0.9885999999999999,10,5,191.12999999999997,7,0.2626377712336546,4.878090258156195,2,[O][=C][Branch1][C][O][C][C][C][C][C][C][C][C][=Branch1][C][=O][N][C][Branch1][C][O][C][=C][Branch1][C][O][C][Branch1][C][O][=C][Ring1][=Branch2][C][=Branch1][C][=O][O][C][C][C][C][=Branch1][C][=O][O][C][Branch1][C][O][C][Ring2][Ring1][Branch2],-0.6072488355888382
455.46000000000026,0.997200000000001,10,5,171.85000000000002,4,0.3040052109656858,5.8062526574931255,2,[C][C][C][C][C][C][C@H1][Branch1][C][C][O][C][C][=C][Branch1][C][O][C][=C][Branch1][C][O][C][Branch1][C][O][=C][Ring1][N][C][=Branch1][C][=O][O][C][C][=Branch1][C][=O][O][C][C@@H1][Branch1][C][O][C][=Branch1][C][=O][N][Ring2][Ring1][O],-0.6076845405306931
523.6000000000003,0.984400000000003,12,8,238.57999999999998,18,0.018326007614486262,5.2613968247866865,0,[C][C][C][Branch1][C][O][C@@H1][Branch1][C][C][C@@H1][Branch1][C][O][C@@H1][Branch1][C][O][C][C][C][C][C][Branch1][C][O][=C][Branch1][C][O][C][C][C][C][C][Branch1][C][O-1][C][Branch1][C][O][=N][O][C][=Branch1][C][=O][O][C][C][Branch1][C][C][Branch1][C][O][=N][Ring2][Ring1][=Branch1],-0.6080746480490685
545.6020000000003,0.9940000000000018,11,6,206.26999999999998,12,0.14994973426711672,5.740946440609507,1,[C][C][C@H1][Branch1][C][C][C@H1][Branch1][C][O][C@H1][Branch1][C][O][C@@H1][Branch1][C][C][O][C][C][C][C][C@H1][Branch1][C][O-1][C][C][C@H1][Branch1][C][O][C][C][=C][C][Branch1][C][O][=C][Branch1][Branch2][O][C][C][=Branch1][C][=O][O][C][Branch1][C][O][=C][Ring1][O][C][=Branch1][C][=O][O][Ring2][Ring1][Branch2],-0.6092650733596988
510.5920000000002,4.023550000000002,9,5,213.52999999999997,18,0.045184906023923936,4.854764161452764,0,[C][C][C][C][C][C@H1][Branch1][C][O][C][Branch1][C][O][=N][C][C][C][C][C][C][C@H1][Branch1][Ring1][C][#N][C][Branch1][C][O][=N][C][Branch1][C][O][=N][C][C][C][=Branch1][Ring2][=N][Ring1][N][C][=N][O][C][=Branch1][C][=O][O][C][Ring2][Ring1][=N],-0.6097880765118329
531.5790000000004,0.9829600000000009,13,6,208.42,8,0.11251689957498735,6.635727035970331,2,[C][C][Branch1][C][C][C@@H1][C][C][C][C][C][C@H1][Branch1][C][O][=C][Branch1][C][O][C][C][C][C@H1][Branch1][C][O][=C][Branch1][=Branch1][O][C][Ring1][Branch2][=N][O][C][=Branch1][C][=O][C][C][C][=Branch1][C][=O][O][C][O][=C][Branch1][C][O][C][Ring2][Ring1][Branch2][=N][O],-0.6100939196713893
508.52400000000034,4.0252000000000026,10,3,177.97999999999996,19,0.10629653411938106,4.088893234457299,2,[O][=C][Branch1][C][O][C][C][C][C][C][C][C][C][C@@H1][Branch1][=Branch1][C][=Branch1][C][=O][O][C][=C][Branch1][C][O][C][=Branch1][Ring2][=N][Ring1][Branch1][C][=C][O][C][=Branch1][Ring2][=N][Ring1][Branch1][C][=C][O][C][C][C][C][=Branch1][C][=O][O][O][C][Ring2][Ring1][Branch2],-0.6103181471200093
533.5270000000003,0.9773000000000001,14,5,199.53999999999996,19,0.07289125110105273,4.433345620395065,1,[C][C][O][C][=C][C][Branch1][C][O][=C][C][=Branch1][Ring2][=C][Ring1][#Branch1][C][O][C][O][C][Branch1][C][O][C][C][C][C][C][=Branch1][C][=O][C@@H1][Branch1][C][O][C][C@H1][Branch1][C][O][C][C][=Branch1][C][=O][O][=N][O][C][=Branch1][C][=O][O][C][Ring2][Ring1][Branch2],-0.6127598920588716
500.5930000000003,4.0330400000000015,10,8,208.77,16,0.05044924311008507,4.569932027325708,0,[C][C][C][C][C][C@H1][Branch1][C][O][C][C][Branch1][C][O][=C][Branch1][C][O][C][C][C][C][Branch1][C][O][=C][Branch1][Ring2][N][C][C][C][C][=Branch1][C][=O][O][C][Branch1][C][O][=N][C][=Branch1][C][=N][O][C][C][=Branch1][Ring2][=N][Ring1][N][C],-0.613217146899857
439.5130000000003,4.004470000000002,10,5,169.18000000000004,13,0.12561900923399938,4.675211661399584,1,[C][C][Branch1][C][C][C][C@H1][Branch1][C][C][O][C][C][=Branch1][C][=O][N][C][=C][Branch1][C][O][C][Branch1][C][O][=C][Branch1][C][O][C][C][C][C][C][N][=C][Branch1][C][O][C][C][=Branch1][Ring2][=N][Ring1][Ring2][N][=N][Ring2][Ring1][=Branch1],-0.613826934583357
515.4680000000003,4.032800000000001,13,5,210.86999999999995,10,0.06949324639936512,4.5140394582476535,1,[C][C][O][C][Branch1][C][O][=N][C][C][C][C][C][C][C][C][=C][Branch1][C][O][C][Branch1][C][O][=C][Branch1][C][O][C][Branch1][C][O][=C][Ring1][N][C][=Branch1][C][=O][O][C][=Branch1][C][=O][O][C][=Branch1][C][=O][O][C][=Branch1][Ring2][=C][O][C],-0.6138999678253783
515.5560000000003,4.035400000000002,12,4,181.40999999999997,4,0.3131415007691544,4.861321777826669,1,[C][C][C][C@H1][Branch1][C][O][C][C][Branch1][C][O][=N][C][C][C][C][C][C][C][C][C@H1][Branch1][C][C][O][C][=C][Branch1][C][O][C][Branch1][C][O][=C][Branch1][C][O][C][=Branch1][C][=O][O][=C][Ring1][N][C][=Branch1][C][=O][O][C][Ring2][Ring1][N][=O],-0.6149475279599073
531.5110000000004,0.9688000000000003,14,6,221.86999999999998,3,0.12940140046962872,5.428581255358464,2,[C][C][C][C][C@H1][Branch1][C][O][=C][C][Branch1][C][O][=C][Branch1][C][O][C][=C][Ring1][Branch2][C][=Branch1][C][=O][O][C][C@@H1][Branch1][C][O][C@H1][Branch1][C][O][C][C][C][=Branch1][C][=O][O][C@H1][Branch1][C][O][C][C][C][C][=Branch1][C][=O][O][C][Ring2][Ring1][Branch2][=N][O],-0.615713831973913
499.47700000000026,0.9578800000000014,13,6,228.03999999999996,4,0.1374587365687624,5.328348089243429,1,[C][O][C][C][O][C][Branch1][C][O][=N][C][=C][Branch1][C][O][C][C][C][C][N][=C][Branch1][C][O][C][Branch1][C][O][=C][Branch1][C][O][C][C][N][=C][Branch1][Ring1][C][#N][C][=Branch1][C][=O][O][C][Branch1][C][C][Branch1][C][O][=N][Ring2][Ring1][=Branch2],-0.6168488868596581
537.5790000000004,0.9662000000000021,13,6,215.49999999999997,20,0.04198876311906492,4.888362405168872,0,[C][C][Branch1][C][C][C][O][C][C][C][C][Branch1][C][O][C][=C][Branch1][C][O][C][Branch1][C][O][=C][Branch1][C][O][C][C][C][=Branch1][C][=O][O][C][Branch1][#Branch1][O][C][Branch1][C][O-1][O][C][C][=Branch1][C][=O][O][C][Branch1][Ring1][C][O][C][C][C][Ring2][Ring1][Branch2],-0.618106394857713
518.5120000000005,0.9536999999999995,12,5,206.35,16,0.10969704913205282,4.653623112327303,1,[C][C][C][C][C@H1][Branch1][C][O][=C][C][Branch1][C][O][=C][C][=C][Ring1][#Branch1][C][=Branch1][C][=O][O][C@H1][Branch1][C][O][C@H1][Branch1][C][O][C][=Branch1][C][=O][O][C@@H1][Branch1][Branch2][C][C][C][=Branch1][C][=O][O][C][C][C][C][=Branch1][C][=O][O][C][Ring2][Ring1][N][O],-0.6196271193032148
574.6440000000005,4.0063900000000015,11,4,187.14999999999998,25,0.04039031847258924,5.117201003623168,0,[C][C@@H1][C][C][C@H1][Branch1][C][C][O][C@H1][Branch1][#Branch1][C][C][C][=Branch1][C][=O][O][C@H1][Branch1][C][O][C][C][C][C][C][C][=Branch1][C][=O][O][C@H1][Branch1][Branch2][C][N][C][=Branch1][C][=O][O][C][C][C][=Branch1][C][=O][O][C][=C][O][C][Branch1][C][O][=C][Ring1][Branch2],-0.6207742263335366
524.6150000000004,4.051780000000002,11,6,201.66,19,0.03803281184459989,4.830426163381491,1,[C][C@@H1][Branch1][C][O][C][C][C][C][C][C][C][C@H1][Branch1][C][O][=N][C@H1][Branch1][=Branch1][C][C][C][C][C][N][=C][Branch1][C][O][C][Branch1][C][O][=C][Branch1][C][O][C][C][=Branch1][C][=O][O][C][=C][O][C][=Branch1][Ring2][=N][Ring1][Branch1][C][#N],-0.6226612079164727
538.5060000000004,0.9494999999999991,14,5,215.06,12,0.14227766653916882,4.778311402415824,2,[C][C][=C][Branch1][C][O][C][O][C][Branch1][C][C][=C][Branch1][C][O][C][=C][Ring1][=Branch2][C][=Branch1][C][=O][O][C][Branch1][C][O][C][=Branch1][C][=O][O][C][C][=Branch1][C][=O][C@H1][Branch1][C][O][C][C][C][C][C][C][=C][C][Branch1][C][O][=N][C][Branch1][C][O][=N][Ring1][Branch2],-0.6249631094264688
382.4530000000002,3.9493000000000027,7,3,113.29000000000002,8,0.33079133150331363,4.829733067216428,1,[C][C][C@H1][Branch1][C][C][C][C][C][C][C@H1][Branch1][C][O][C][=C][Branch1][C][O][C][Branch1][C][O][=C][Branch1][C][O][C][C][C][=Branch1][C][=O][O][C][=Branch1][Branch1][=C][Ring1][N][C][=Branch1][C][=O][O][C][Branch1][C][O][=N][C][C][Ring2][Ring1][Branch2][=N][O],-0.6255753090044404
504.6290000000002,0.9355700000000016,12,8,212.44,19,0.02385444161410787,5.448608054598141,0,[C][C][C][Branch1][C][O][C@@H1][Branch1][C][C][C@@H1][Branch1][C][O][C@@H1][Branch1][C][O][=N][C@H1][Branch1][C][C][C][C][C][C][C@H1][Branch1][Branch2][C][C][=Branch1][C][=O][O][C][=C][Branch1][C][O][C][C][N][=N][C][=Branch1][Ring2][=N][Ring1][O][C][Ring2][Ring1][Branch2][=N][=N][O],-0.6258404801129431
491.5780000000003,0.9339999999999995,10,6,186.33999999999997,5,0.30210908747266446,5.571129497629455,1,[C][C][C@H1][Branch1][C][O][C@H1][Branch1][C][C][C@H1][Branch1][C][O][C@H1][Branch1][C][O][C][C][C][C][C][C@H1][Branch1][C][C][=C][Branch1][C][O][C][C][C][=Branch1][C][=O][O][=C][Branch1][C][O][C][C][C][=Branch1][C][=O][O][C][Branch1][C][O][=N][Ring2][Ring1][Branch2],-0.6266264280542277
562.6170000000003,4.037370000000003,14,5,222.13999999999996,8,0.09328499137935822,5.764409860276434,1,[C][C][C][C][C][C@H1][Branch1][C][O][C][C][Branch1][C][O][=N][C@H1][Branch1][C][C][C][C][C][C@H1][Branch1][C][O][C@H1][Branch1][C][O][C][C][C][C][C@H1][Branch1][Ring2][C][N][=N][O][C][=Branch1][C][=O][O][O][C][Branch1][C][O][=N][O][C][Ring2][Ring1][=N][=O],-0.6275703924341887
468.5510000000003,4.061400000000002,8,6,168.71999999999997,6,0.31704064597381015,6.165725718016075,2,[C][C][Branch1][C][C][C][C][C][C][C][C][C@H1][Branch1][C][O][=N][C][Branch2][Ring1][N][C][=C][Branch1][C][O][C][O][C][Branch1][C][O][=N][C][C][C][C][Branch1][C][O][=N][Ring2][Ring1][Ring1][Ring2][=N][Ring1][N][=C][Branch1][C][O][C][C][Branch1][C][O][=N][Ring2][Ring1][#Branch1],-0.6277191665099934
511.52400000000034,4.069700000000004,12,3,162.57,12,0.14974968565819907,5.553084632618935,2,[C][O][C][Branch1][C][O][=C][C][Branch1][C][O][C][C][C][C][C][Branch1][C][O][=C][Branch1][C][O][C][C][=Branch1][Ring2][=C][Ring1][N][C][C][O][C][=Branch1][C][=O][C][Branch1][=Branch1][C][C][C][C][=Branch1][C][=O][O][C][Branch1][C][O][=C][O][C][Ring2][Ring1][Branch2][=N][Ring1][Branch1],-0.6283028765683012
484.45800000000037,0.9297000000000009,12,6,204.44,4,0.24347818570530472,5.784043467004956,2,[C][C][C][C][Branch1][C][C][C][C][C][C][Branch1][C][O][=C][C][Branch1][C][O][C][=C][Branch1][C][O][C][Branch1][C][O][=C][Ring1][N][C][=Branch1][C][=O][O][C][C][=Branch1][C][=O][O][C][Branch1][C][O][=N][C][C][=Branch1][C][=O][O][=N][Ring2][Ring1][N],-0.6288886622097742
544.5540000000004,4.057000000000001,12,7,228.15999999999994,8,0.07540948039036698,5.069931753695954,1,[C][C][C][C][C][C@H1][Branch1][C][O][C][/C][Branch1][C][O][=N][\O][C][=C][C][C][C][N][=C][Branch1][C][O][C][Branch1][C][O][=C][Branch1][C][O][C][C][=Branch1][C][=O][O][C][Branch1][C][O][=C][Branch1][C][O][C][C][C][C][=Branch1][C][=O][O][Ring2][Ring1][#Branch2],-0.6291423333904663
518.4680000000003,0.9293000000000009,14,7,229.73999999999995,7,0.10757764683729573,5.229762567964366,1,[C][O][C][C][O][C][Branch1][C][O][=C][Branch1][C][O][C][C][=C][Ring1][Branch2][C][Branch1][C][O][C][C][=Branch1][C][=O][O][C][C][Branch1][C][O][C][C][C][=Branch1][C][=O][C][=C][Branch1][C][O][C][Branch1][C][O][=C][Branch1][C][O][C][C][=Branch1][C][=O][O][Ring2][Ring1][Branch2],-0.6293647801521782
492.5660000000003,0.9257000000000002,11,5,176.36999999999998,4,0.21420676608767292,5.664965616903126,1,[C][O][C][Branch1][C][O][=N][C@H1][Branch1][C][O][C@H1][Branch1][C][C][C][C][C][C][C][C@H1][Branch1][C][C][C@H1][Branch1][C][O][C@@H1][Branch1][C][C][O][=C][Branch1][C][O][C][=Branch1][C][=O][O][C][C][C][C][C][=Branch1][C][=O][O][=N][Ring2][Ring1][Branch2],-0.6298954959546861
530.6190000000004,4.069970000000001,9,5,195.83999999999997,17,0.04594526548327164,4.558590800002118,0,[C][C][Branch1][C][C][Branch1][C][C][O][C][Branch1][C][C][=N][O][C][C][C][C][C][C][C@H1][Branch1][C][O][C][C][C][C][Branch1][C][O][=N][C][Branch1][C][O][=N][C][=Branch1][C][=N][O][C][C][=C][Branch1][C][O][C][O][C][Ring2][Ring1][Branch1][=O],-0.6309667350883094
490.4580000000003,0.9225000000000003,13,6,209.50999999999996,9,0.11503965731527166,5.436392129212315,2,[C][C][O][C][Branch1][C][O][C][C][C][C][C][C][C][C@H1][Branch1][C][O][C][C][Branch1][C][O][=C][Branch1][C][O][C][Branch1][C][O][=C][Ring1][N][C][=Branch1][C][=O][O][C][=Branch1][C][=O][O][C@H1][Branch1][Ring1][C][O][C][=Branch1][C][=O][O][Ring2][Ring1][Branch2],-0.6312885228293001
533.6150000000004,4.071700000000003,11,6,187.73,16,0.0418871501096866,4.733799887676998,1,[C][C][Branch1][C][C][Branch1][C][C][C][Branch1][C][O][=N][O][C][C][Branch1][C][O][C][C][C][C][C][C][C][C][C][C][=C][Branch1][C][O][C][Branch1][C][O][=C][Ring1][=Branch2][O][C][=Branch1][C][=O][O][C][O][=C][Branch1][C][O][C][C][O],-0.6322645137124191
454.5680000000002,4.068750000000001,7,6,182.73999999999998,19,0.05583058821213079,4.216187890238372,0,[C][C][C][Branch1][C][O][C][O][C][C][C][C][C][Branch1][C][O][=N][C][C][C][C][C][C][Branch1][C][O][=N][C][C][Branch1][Ring1][C][#N][=C][Branch1][C][O][C][C][C][Branch1][C][O][=N][Ring1][=Branch2][C][=Branch1][C][=O][O][C][Ring2][Ring1][=N],-0.6340445698024711
505.6090000000003,0.9147000000000011,10,7,190.17,9,0.17508639138350687,5.460585092959196,1,[C][C][C][C@H1][Branch1][C][C][C][C@H1][Branch1][C][O][=N][C][C][C][C][C@@H1][Branch1][C][O][C][C@H1][Branch1][C][O][C][C][C][Branch1][C][O][=N][O][C][=Branch1][C][=O][C][C@H1][Branch1][Ring1][C][O][=N][C][=Branch1][C][=O][O][C][Ring2][Ring1][Branch2],-0.6342192191379882
500.5210000000003,0.9142900000000007,12,6,192.07999999999996,5,0.23124216900142258,6.502164160005571,2,[C][C][Branch1][C][O][C][C@H1][C][C][C][C][C][C@H1][Branch1][C][O][=N][C@@H1][Branch1][C][O][C][C][C][=Branch1][C][=O][O][C][=C][Branch1][C][O][C][Branch1][C][O][=C][Ring1][N][C][=Branch1][C][=O][C@H1][Branch1][C][O][C][C][C][=Branch1][C][=O][O][Ring2][Ring1][N],-0.6342848558967805
499.60500000000025,4.086170000000001,9,6,185.24999999999997,19,0.02916103437514012,4.8247666502959055,0,[C][C][Branch1][C][C][C@H1][Branch1][C][O][C][O][C][C][Branch1][C][O][=N][C][C][C][C][C@H1][Branch1][=Branch1][C][C][C][C][C][N][=C][Branch1][C][O][C][=C][Branch1][C][O][C][Branch1][C][O][=C][Ring1][=Branch2][C][=Branch1][C][=O][O][C][Ring2][Ring1][N][=N],-0.634468491829185
503.4570000000003,0.9135000000000013,14,6,218.37999999999997,13,0.06765844959809005,4.892535092965515,1,[C][C][O][C][=C][C][Branch1][C][O][=C][Branch1][C][O][C][Branch1][C][O][=C][Ring1][Branch2][C][C][Branch1][C][C][C][C][=Branch1][C][=O][O][C@@H1][Branch1][Ring1][C][O][C][=Branch1][C][=O][O][C][=Branch1][C][=O][C@H1][Branch1][C][C][C][C][=Branch1][C][=O][O][=N][O],-0.6346376630771289
431.57000000000016,4.050100000000003,7,5,131.97,13,0.21944260193386547,5.05172393892956,1,[C][C][Branch1][C][C][C][C][Branch1][C][C][O][C][Branch1][C][O][C][C][C][C][C][C][C][C][Branch1][C][O][C][Branch1][C][O][C][C][C][C][=C][Branch1][C][O][C][Branch1][C][O][=N][O][Ring1][N][=N][C][=Branch1][C][=O][O][Ring2][Ring1][N],-0.6349647716212306
506.5730000000002,0.9124700000000014,11,7,228.53999999999996,18,0.0456464766331709,5.6192302234382225,0,[C][C][C@H1][Branch1][C][O][C@H1][Branch1][C][C][C][Branch1][C][O][=N][C@H1][Branch1][C][C][C][C][C][C][C@H1][Branch1][C][O-1][C@@H1][Branch1][C][O][C@@H1][Branch1][C][O][C][C][C][C@H1][Branch1][C][O][C][=Branch1][C][=N][O][N][=C][O][C][=Branch1][C][=O][O][Ring2][Ring1][#Branch2],-0.6351480594790473
465.52300000000025,4.078940000000002,10,7,195.32,4,0.23621831365361984,5.41282303257279,1,[C][C][C][C][C][C][C@H1][Branch1][C][O][C@@][Branch1][C][O][C][C][C][Branch1][C][O][=C][Branch1][C][O][C][=Branch1][Ring2][=N][Ring1][N][C][=C][Branch1][C][O][C][C][C][=Branch1][C][=O][O][C][Branch1][Ring1][C][#N][C][C][Branch1][C][O][=C][Ring2][Ring1][N],-0.6353289682455862
545.5820000000004,0.9267000000000005,12,7,212.30999999999997,7,0.22207726902417924,5.716437655340716,2,[C][C][C][C][Branch1][C][O][=C][C][Branch1][C][O][=C][Ring1][Branch2][C][C@@H1][Branch1][C][O][C@@H1][Branch1][C][O][C][C][C][C][=Branch1][C][=O][O][C][C@H1][Branch1][C][O][C][C][C][C][=Branch1][C][=O][O][C][C@H1][Branch1][Branch2][C][C][C][=Branch1][C][=O][O][=N][O][Ring2][Ring1][Branch2],-0.6358887774571902
527.5670000000003,4.0870000000000015,10,5,192.41,9,0.21412872297749933,4.557711231254794,1,[C][C][C][C][C][C][C][C][C][C@H1][Branch1][C][O][C][C][=C][Branch1][C][O][C][Branch1][C][O][=C][Ring1][=Branch2][C][=Branch1][C][=O][O][C][C][Branch1][=Branch1][C][=Branch1][C][=O][O][=C][Branch1][C][O][C][Branch1][C][O][=N][C][C][C][=Branch1][C][=O][O][=C][Ring2][Ring1][O],-0.6371897660477613
460.4320000000003,0.9183000000000004,12,6,192.44,7,0.17897716225225863,5.1320094166924735,2,[C][O][C][C][O][C][Branch1][C][O][C][C][C][C][C][=C][Branch1][C][O][C][Branch1][C][O][=C][Branch1][C][O][C][C][=Branch1][C][=O][O][=C][Branch1][C][O][C][Branch1][C][O][=C][Ring1][S][C][=Branch1][C][=O][O][C][C][Ring2][Ring1][#Branch1],-0.6376099818039236
504.62900000000025,4.100670000000002,12,5,196.92000000000002,23,0.045006039407693724,5.393300473816595,0,[C][C][C][Branch1][C][O][N][=C][Branch1][C][O][O][C][C][C@@H1][Branch1][C][O][C][C][C][C][C][C][C][C][C][C@H1][Branch1][C][C][C@H1][Branch1][Ring2][C][C][=N][O][C][=N][O][N][=N][O][N][=Ring1][Branch1][C][=N][C][C][O],-0.640334929851559
506.5010000000004,0.8987999999999996,12,7,220.50999999999996,17,0.06311616145752852,4.7125355576267935,0,[C][O][C][=C][C][Branch1][C][O][=C][Branch1][C][O][C][C][Branch1][C][O][=C][Ring1][Ring1][C][=Branch1][C][=O][O][C@H1][Branch1][Ring1][C][O][C@H1][Branch1][C][O][C@H1][Branch1][C][O][C][C][C][=Branch1][C][=O][O][C@H1][Branch1][C][C][C][C][C][C][=Branch1][C][=O][O],-0.640611959304539
516.5200000000003,0.8988000000000016,12,9,243.78999999999996,14,0.05137040748184271,5.483981550897161,1,[C][C][Branch1][C][C][C][Branch1][C][O][C][C][Branch1][C][O][=N][C][Branch1][C][O][C][C][Branch1][C][O][C][C][C][=C][Branch1][C][O][C][Branch1][C][O][=C][Branch1][C][O][C][C][=Branch1][C][=O][O][C][Branch1][Ring1][C][O-1][C][=C][Branch1][C][O][C][Branch1][C][O][=C][Ring1][=Branch2],-0.6413316396374026
498.48500000000035,0.8966000000000001,11,6,204.43999999999997,2,0.17912628627438001,6.368401665478092,2,[C][O][C][Branch1][C][O][=N][C][=C][C][C][=C][Branch1][C][O][C][C][Branch1][C][O][=C][Ring1][Branch2][C][C][=Branch1][C][=O][O][C][Branch1][C][O][C][C][C][C][C][=Branch1][C][=O][O][C][Branch1][C][O][C][C][C][=Branch1][C][=O][N][Ring2][Ring1][Branch2],-0.6413671573287799
483.54200000000026,0.8971600000000002,11,7,193.78999999999996,17,0.051694693479161,5.380894926569426,1,[C][C][C][C][C@H1][C][C][C][C@H1][Branch1][C][O][C@H1][Branch1][C][O][=N][C@H1][Branch1][C][O][C][C][C][=Branch1][C][=O][O][C][=C][Branch1][C][O][C][=Branch1][Ring2][=N][Ring1][N][C][=Branch1][C][=O][N][C][=C][O][C][C][=Branch1][Ring2][=N][Ring1][Branch1],-0.6419803996634165
531.6470000000005,4.1007000000000025,11,5,168.17,16,0.11039741964574572,5.235749323919969,1,[C][C][Branch1][C][C][C][C@H1][Branch1][C][C][O][C][C][Branch1][C][O][=N][C][C][C][C][C@H1][Branch1][C][O][C][C][C][C][C][C@H1][Branch1][=Branch1][C][C][C][=Branch1][C][=O][O][=N][O][C][=Branch1][C][=O][O][=N][C][Branch1][C][O][=C][Ring1][N],-0.6434008150725342
302.391,1.23006,6,4,103.0,5,0.6114645972401078,5.451930016058551,1,[C][C][C@H1][Branch1][C][O][C@@H1][Branch1][C][C][C@H1][O][C@][Branch1][C][C][O][C][C][C][C@H1][Branch1][C][O][=C][Branch1][C][O][C][C][=Branch1][C][=N][Ring1][N][=C][Branch1][C][O][C][C][=Branch1][C][=O][O][C][Branch1][C][O][=N][Ring2][Ring1][Branch2],-0.6436123709967048
544.4620000000004,0.9044999999999995,14,5,224.80999999999997,5,0.19715077317790258,4.885460923039324,2,[C][C][O][C][=C][C][Branch1][C][O][=C][Branch1][C][O][C][=C][Ring1][Branch2][C][Branch1][C][O][C][=Branch1][C][=O][O][C][C][Branch1][C][O][C][O][C][C][C][=Branch1][C][=O][O][C][Branch1][#Branch1][C][C][=Branch1][C][=O][O][=C][Branch1][C][O][C][C][C][=Branch1][C][=O][O][Ring2][Ring1][#Branch2],-0.6443653604718369
462.4480000000003,0.8987,12,7,203.43999999999997,11,0.16896661847519723,4.7761654588068945,1,[C][O][C][Branch1][C][O][C][C][C][C][C][C][=C][Branch1][C][O][C][Branch1][C][O][=C][Branch1][C][O][C][Branch1][C][O][=C][Ring1][N][C][=Branch1][C][=O][O][C][Branch1][C][O][C][C][=Branch1][C][=O][O][C][C][Branch1][C][O][C],-0.6449081184292844
489.4740000000003,0.8885,12,7,212.30999999999997,11,0.07587800356418031,4.360285713811349,1,[C][C@@H1][Branch1][C][O][C][C][C][C][C][C][Branch1][C][O][C][=C][C][Branch1][C][O][=C][Branch1][C][O][C][Branch1][C][O][=C][Ring1][=Branch2][C][=Branch1][C][=O][O][C@@H1][Branch1][C][C][C@H1][Branch1][C][O][C][=Branch1][C][=O][O][=N][C][=Branch1][C][=O][O][C][Ring2][Ring1][Branch2],-0.6449436771563855
529.4950000000002,0.8893000000000004,12,6,229.70999999999995,12,0.08934569902137557,4.952248298389341,1,[C][O][C][Branch1][C][O][C][C][=C][C][Branch1][C][O][=C][Branch1][C][O][C][Branch1][C][O][=C][Ring1][N][C][=Branch1][C][=O][C][C][C@H1][Branch1][C][O][C][C][=Branch1][C][=O][N][=C][Branch1][C][O][C][C][=Branch1][C][=O][O][C][Branch1][C][C][C][C][=Branch1][C][=O][O][=C][Ring2][Ring1][Branch2],-0.6469749133467231
527.5270000000004,0.8875000000000011,13,7,231.29,4,0.2536158527176521,5.820190242411015,2,[C][C][Branch1][C][O][C][C][C][C][C][C][Branch1][C][O][C][C][C][C][=N][C][Branch1][C][O][=C][Branch1][C][O][C][Branch1][C][O][=C][Ring1][N][C][=Branch1][C][=O][O][C][C][=Branch1][C][=O][O][C][Branch1][C][O][=N][C][C][Ring2][Ring1][=N][=N][Branch1][C][O],-0.6473453042356911
516.5400000000004,4.1182000000000025,12,5,189.27999999999997,7,0.185085383072948,4.991734350967814,1,[C][C][C][C][C][C][C@H1][Branch1][C][C][O][C][=C][Branch1][C][O][C][Branch1][C][O][=C][Branch1][C][O][C][C][C][=Branch1][C][=O][O][=C][Branch1][C][O][C][C][C][=Branch1][C][=O][O][C][=C][Branch1][C][O][C][C][C][=Branch1][C][=O][O][Ring2][Ring1][O],-0.6481247447829787
501.52900000000034,0.8776000000000019,11,6,206.06999999999996,8,0.15563539205725618,6.140149256159417,2,[O][=C][Branch1][C][O][C][C][C][C][C][C][C@@H1][Branch1][=Branch1][C][C][C][C][N][=C][Branch1][C][O][C][=C][Branch1][C][O][C][Branch1][C][O][=C][Ring1][N][C][=Branch1][C][=O][O][C][C@H1][Branch1][Ring1][C][O][C][=Branch1][C][=O][O][O][C][Ring2][Ring1][N],-0.6489672048447432
491.5410000000002,4.128470000000002,10,7,198.90999999999997,7,0.20194351089936152,5.321351301191057,1,[C][=C][C][C][Branch1][C][O][C][=C][C][Branch1][C][O][=C][Branch1][C][C][C][C][C][Branch1][C][O][=C][Branch1][C][C][O][C][=Branch1][Ring2][=N][Ring1][Branch1][C][Branch1][C][N][=N][C][Branch1][Branch2][C][C][C][=Branch1][C][=O][O][=C][O][C][Branch1][C][O][=C][Ring2][Ring1][Branch2][C],-0.6516076620697465
505.56500000000034,0.869600000000001,12,6,190.60999999999996,6,0.12938157119323399,5.748931365009115,1,[C][O][C][Branch1][C][O][=N][C@H1][Branch1][C][O][C][C][C][C][C][C@@H1][Branch1][C][C][C@@H1][Branch1][C][O][C][C][=C][N][Branch1][C][O][C][C][=Branch1][C][=O][O][=C][Branch1][C][O][C][C][C][C][C][=Branch1][C][=O][O][=N][Ring2][Ring1][Branch2],-0.652254967401552
485.62600000000043,4.131800000000003,10,5,160.02,8,0.1947716200768492,5.361114554492678,1,[C][C][C][C@H1][Branch1][C][C][O][C][Branch1][C][C][=C][Branch1][C][O][C][C][C][N][=N][C][=Branch1][Branch1][=C][O][Ring1][Branch1][C][=Ring1][Branch1][C][N][C][=Branch1][C][=O][O][O][C][C@H1][Branch1][=Branch1][C][C][C][C][N][=N][C][Ring2][Ring1][O],-0.6533527729366436
487.5460000000003,4.132900000000001,10,5,171.85,4,0.28654783160819786,4.976622746652664,1,[C][C][Branch1][C][C][C@H1][Branch1][C][O][C][C][C][C][C][C][C][C@@H1][Branch1][C][C][=C][C][Branch1][C][O][=C][C][Branch1][C][O][=C][Branch1][C][O][N][C][=Branch1][C][=O][O][C][C][=Branch1][C][=O][O][C][=Branch1][C][=O][O][C][Ring2][Ring1][O],-0.6536347558568167
523.5870000000003,4.1310800000000025,9,5,209.90999999999997,5,0.1514273688576349,4.873202040902029,1,[C][C][O][C][Branch1][C][O][=N][C][C][C][C][C][Branch1][C][O][=N][C][C][C][C][C][C][C][Branch1][C][O][=N][C][Branch1][C][O][=N][C][Branch1][Ring1][C][#N][=C][Branch1][C][O][C][C][C][C][=Branch1][C][=O][O][C][Ring2][Ring1][N],-0.6541352313551085
486.47400000000033,0.8656000000000008,11,7,207.6,3,0.21891582349177485,5.537569888409639,2,[C][O][C][=C][C][Branch1][C][O][=C][Branch1][C][O][C][C][=C][Ring1][Branch2][C@@H1][Branch1][C][C][C@@H1][Branch1][C][O][C@@H1][Branch1][C][O][C][=Branch1][C][=O][O][C][C][C][C][C@H1][Branch1][#Branch1][C][C][=Branch1][C][=O][O][=N][O][C][=Branch1][Branch1][=N][Ring2][Ring1][Branch2][O],-0.6543194543218164
562.5690000000004,0.8932000000000013,14,6,222.89999999999995,18,0.05916051315713845,4.966500104759969,1,[C][O][C][Branch1][C][O][=N][C][=C][Branch1][C][O][C][C][Branch1][C][O][=C][Ring1][=Branch2][C][=Branch1][C][=O][O][C@H1][Branch1][C][O][C][C][C][C][C][C][C][C][=Branch1][C][=O][C@H1][Branch1][C][O][C][C][C][=Branch1][C][=O][N][O][=C][Branch1][C][O][C][O][C][Ring2][Ring1][Branch2],-0.6547889105994386
484.5420000000003,4.1365000000000025,10,4,159.82,3,0.3384946152719023,5.591734126852486,2,[C][C][Branch1][C][C][C][Branch1][C][O][C][C][C][C][C][C][C][C@H1][Branch1][C][C][=C][C][Branch1][C][O][=C][Branch1][C][O][C][Branch1][C][O][=C][Ring1][=Branch2][C][=Branch1][C][=O][O][C][=Branch1][C][=O][O][C][C][C][=Branch1][C][=O][O][=C][Ring2][Ring1][N],-0.6553296567804644
499.49300000000045,0.8612000000000011,11,4,188.43,1,0.3745315437643131,6.090334862634093,2,[C][O][C][Branch1][C][O][=C][C][=C][Branch1][C][O][C][Branch1][C][O][=C][Ring1][Branch2][C][C][=Branch1][C][=O][O][C][Branch1][C][O][C][C][C][C][C][C][C][=Branch1][C][=O][N][O][C][Branch1][C][O-1][C][Branch1][C][O][=N][C][C][C][Ring2][Ring1][N],-0.6555207842593547
488.4420000000003,0.8577000000000006,13,7,220.50999999999996,4,0.12638284931770094,5.629730712034176,2,[C][O][C][Branch1][C][O][=C][C][Branch1][C][O][=C][Branch1][C][O][C][C][C][C][C][C][C@@H1][Branch1][C][O][=C][Branch1][C][O][C][Branch1][C][O][=C][Ring1][N][C][C][=Branch1][C][=O][C@H1][Branch1][C][O][C][=Branch1][C][=O][O][C][=Branch1][C][=O][O][C][Ring2][Ring1][Branch2],-0.6573265823439667
489.49400000000037,0.8525000000000015,11,5,203.10999999999999,13,0.18042777423034784,5.393011527205626,1,[C][C][O][C][Branch1][C][O][C][C][C][C][C][C][C@H1][Branch1][C][O][C][C][=C][Branch1][C][O][C][Branch1][C][O][=C][Ring1][N][C][=Branch1][C][=O][C@H1][Branch1][#Branch1][O][C][=Branch1][C][=O][O][C][C][=Branch1][C][=O][O][C][=Branch1][Branch1][C][O-1][C][Ring2][Ring1][Ring2],-0.6593348952876673
525.5550000000004,4.143500000000003,10,5,200.06,13,0.10064192406350721,4.185436763624223,1,[C][O][C][Branch1][C][O][=N][C][=C][C][=C][Branch1][C][O][C][C][C][Branch1][C][O][=C][Ring1][Branch2][C][C][C][=Branch1][C][=O][O][C][Branch1][C][O][=N][C][C][C][C][C][C][=Branch1][C][=O][O][C][Branch1][C][O][=N][C][C][C][Ring2][Ring1][=C],-0.6593837972683296
514.4360000000003,4.148800000000002,14,7,221.89999999999995,2,0.15621495580168343,4.754053519002804,2,[C][C][C][C][Branch1][C][O][=C][C][Branch1][C][O][=C][Branch1][C][O][C][C][Branch1][C][O][=C][Ring1][=Branch2][C][=C][Branch1][C][C][O][C][Branch1][C][O][=C][Branch1][C][O][C][=Branch1][C][=O][O][C][=Branch1][C][=O][O][C][Branch1][C][O][=C][Branch1][C][O][C][C][O][C][Ring2][Ring1][Branch2],-0.6601516665009649
575.5640000000003,0.8925999999999998,13,6,227.60999999999996,20,0.05492474455120219,4.071389934094725,1,[C][C][O][C][=C][C][Branch1][C][O][=C][Branch1][C][O][C][=C][Ring1][Branch2][O][C][C][=Branch1][C][=O][O][C][C][Branch1][C][O][C][C][C][=Branch1][C][=O][O][C][Branch1][C][C][C][C][C][=Branch1][C][=O][N][O][=C][Branch1][C][O][C][C][C][C][=Branch1][C][=O][O][Ring2][Ring1][=Branch2],-0.6604825765938117
529.6270000000003,4.149780000000003,11,5,186.76999999999998,20,0.08656363092133376,4.741211258315723,0,[C][C][C][C][C@@H1][Branch1][C][O][=C][C][Branch1][C][O][=C][Branch1][C][O][C][C][C][C][C@H1][Branch1][C][O][=C][Branch1][Branch1][O][C][C][C][C][=Branch1][C][=O][O][C][=C][Branch1][C][O][C][C][C][=Branch1][C][=O][O][C][Branch1][Ring1][C][#N][C][Ring2][Ring1][=Branch1],-0.6625668904042835
507.48900000000043,0.8410000000000006,13,7,227.68999999999997,7,0.18732946598286285,5.688256249024146,1,[C][O][C][Branch1][C][O][O][=C][Branch1][C][O][C][Branch1][C][O][=C][C][C][C][C][C][=C][Branch1][C][O][C][Branch1][C][O][=C][Branch1][#Branch1][O][C][Branch1][C][N][=O][O][C@H1][Branch1][C][O][C][C][C][C][=Branch1][C][=O][C][O][C][Ring2][Ring1][Branch2],-0.6637690113917639
511.5240000000002,4.159100000000002,11,6,195.56999999999996,6,0.07477687261444475,5.287629484405803,1,[C][O][C][Branch1][C][O][=N][C][=C][Branch1][C][O][C][C][C][C][C][C][C][C][=C][Branch1][C][O][C][Branch1][C][O][=C][Branch1][C][O][C][Branch1][C][O][=C][Ring1][=Branch2][C][=Branch1][C][=O][O][C][C][=Branch1][C][=O][O][C][Branch1][C][C][C][=C][Ring2][Ring1][Branch2],-0.6640401041382976
517.4880000000004,0.8388699999999993,14,7,237.52,16,0.04953948078120799,5.258754117846085,1,[C][O][C][Branch1][C][O][=C][C][=C][Branch1][C][O][C][Branch1][C][O][=C][Ring1][Branch2][C][=Branch1][C][=O][O][C@H1][Branch1][C][O][C@H1][Branch1][C][O][C][=Branch1][C][=O][C@H1][Branch1][C][C][C][C][C][C][C@H1][Branch1][C][O][C][C][C][=Branch1][C][=O][N][O][N][=N][Ring1][S],-0.6653719117005169
485.4860000000003,0.8363999999999997,11,7,214.40999999999997,10,0.07560705156720673,5.352246177223879,1,[C][C][C@H1][Branch1][C][O][C@@H1][Branch1][C][C][C@H1][Branch1][C][O][C][C][C][=C][Branch1][C][O][C][Branch1][C][C][=C][Branch1][C][O][C][Branch1][C][O][=C][Ring1][N][C][=Branch1][C][=O][O][C][=Branch1][C][=O][C@H1][Branch1][C][O][C][C][Branch1][C][O][=N][C][C][Ring2][Ring1][=N][=O],-0.6660728326421969
501.5370000000003,0.8326000000000033,12,7,231.53999999999994,6,0.05099343595488685,5.703350679393557,1,[C][C][C][C][C][C@H1][Branch1][C][O][C][Branch1][C][O][=N][C][C][C][C][C@H1][Branch1][C][N][=N][C][=C][Branch1][C][N][O][C][C][C][Branch1][C][O][=N][O][C][=Branch1][Branch1][=C][O][Ring1][Branch1][C][=Branch1][C][=O][O][C][Ring2][Ring1][Branch2][=O],-0.6669670839524228
551.5620000000004,0.84839,14,6,218.73999999999995,20,0.02349916124049482,5.373426918218781,0,[C][=C][Branch1][C][O][C@H1][Branch1][C][O][C@H1][C][/C][=C][/C@H1][Branch1][C][C][O][C][=Branch1][C][=O][O][C@@H1][Branch1][C][O][C][C][C][C][C][C@@H1][Branch1][C][O][=C][Branch1][C][O][C][C][=Branch1][C][=O][O][C@H1][Branch1][C][O][C][C][=Branch1][C][=O][O][O][C][Ring2][Ring1][Branch2],-0.6686441909655689
518.4680000000003,0.8302,13,7,229.73999999999995,4,0.2018814720057704,5.4073960116037885,2,[C][C][O][C][=C][C][Branch1][C][O][=C][Branch1][C][O][C][Branch1][C][O][=C][Ring1][Branch2][C][C@@H1][Branch1][C][O][C][C@H1][Branch1][C][O][C@@H1][Branch1][C][O][C][C][C][C][C][=Branch1][C][=O][O][C@@H1][Branch1][#Branch1][O][C][=Branch1][C][=O][O][C][=Branch1][C][=O][O][C][Ring2][Ring1][Branch2],-0.6689405014618266
511.5800000000002,0.8282700000000021,12,7,227.79,9,0.21702951544630975,6.568325648987239,3,[C][C][O][C][=Branch1][C][=O][C][C@H1][Branch1][C][O][C@H1][Branch1][C][O][C][C][C][C][C][C][C@H1][Branch1][C][O][=N][C][Branch1][=Branch1][C][C][C][C][N][=N][C][=C][Branch1][Ring2][O][Ring1][=Branch2][N][=N][C][Branch1][C][O][=N][C][Ring2][Ring1][Branch2][=N],-0.6690929505412525
543.5660000000005,4.160200000000002,11,5,198.14999999999995,18,0.04125487431142911,4.506164956938225,1,[C][C][C][C][C][C@H1][Branch1][C][O][=C][C][=C][Branch1][C][O][C][=Branch1][Ring2][=C][Ring1][#Branch1][C][=C][Branch1][C][O][C][C][C][=Branch1][C][=O][O][C][C@@H1][Branch1][#Branch1][O][C][=Branch1][C][=O][O][=N][O][C][=Branch1][C][=O][C][C][C][C][C][=Branch1][C][=O][O][Ring2][Ring1][Branch2],-0.6697717759237107
540.6140000000003,4.162400000000003,10,6,195.01999999999998,15,0.057670315188735236,4.776222617687838,1,[C][O][C][Branch1][C][O][=N][C][=C][Branch1][C][O][C][C][Branch1][C][O][=N][C][C][C][C][C][C][Branch1][C][O][=N][C][C][Branch1][C][O][=C][Branch1][Ring1][O][C][C][C][=Branch1][C][=O][O][C][=Branch1][Branch1][=C][Ring1][N][C][#N][C][C][C][C],-0.669902821000182
488.4980000000002,0.826070000000003,9,8,242.22999999999996,15,0.06977261655462205,4.318750819470163,0,[C][O][C][C][O][C][Branch1][C][O][=N][C][=C][Branch1][C][O][C][C][C][C][N][=C][Branch1][C][O][N][C][Branch1][C][O][=N][C][Branch1][C][O][=N][C][C][C][C][=Branch1][C][=O][C][Branch1][Ring1][C][O][=N][Ring2][Ring1][O],-0.6699670493389943
497.5850000000004,4.176400000000004,9,5,166.10999999999999,15,0.07850734831561416,3.671827012251196,1,[C][C][Branch1][C][C][C][C][C][C][C][C][C][C][C@@H1][Branch1][C][O][C][=C][C][Branch1][C][O][=C][Branch1][C][O][C][Branch1][C][O][=C][Ring1][=Branch2][C][C][C][=Branch1][C][=O][O][C][Branch1][C][O][=N][C][C][=Branch1][C][=O][O][C][Ring2][Ring1][Branch2],-0.670577394862071
498.52900000000034,0.8184000000000016,11,4,171.93,4,0.31924904115520103,5.373566962175108,2,[C][C][C@@H1][Branch1][C][O][C][C][C][C][C][C@H1][Branch1][C][O][=N][C][C][=C][Branch1][C][O][C][=C][Branch1][#Branch1][C][=Branch1][C][=O][O][C][=C][Ring1][N][C][=Branch1][C][=O][O][C][=Branch1][C][=O][O][C@H1][Branch1][C][C][C][C][=Branch1][C][=O][N][Ring2][Ring1][=C],-0.672646433844705
453.4640000000002,4.169990000000002,10,4,159.82,4,0.27619438543950275,5.242336683245437,1,[C][C][C][C][C][C][C@H1][Branch1][C][C][O][C][C][=Branch1][C][=O][C][=C][Branch1][C][O][C][=C][Branch1][C][O][C][C][=C][Branch1][C][O][C][Branch1][C][O][=C][Ring1][=Branch2][C][=Branch1][C][=O][O][C][=Branch1][C][=O][O][C@H1][Ring2][Ring1][O],-0.6744487031642963
547.6500000000005,0.830400000000002,13,6,189.06999999999994,21,0.05145324123006133,5.444093659194516,1,[C][C][C][C][C][C][C][C@H1][Branch1][C][O][C][C@H1][Branch1][C][O][=N][C][=N][C][Branch2][Ring1][=Branch1][N][C][=Branch1][C][=O][C][C][C][C][C][C][C][=Branch1][C][=O][O][=N][C][Branch1][Branch2][O][C][C][C][=Branch1][C][=O][O][=N][O][Ring2][Ring1][=N],-0.6746053332134272
543.5660000000004,4.173600000000002,10,6,211.35999999999999,21,0.029980203975364765,4.261944511178964,0,[O][=C][Branch1][C][O][C][C][C][C][C][C][C][C][C@H1][Branch1][C][O][C][=C][Branch1][C][O][C][=C][Branch1][=Branch1][C][=Branch1][C][=O][O][C][=C][Ring1][=Branch2][C][=C][N][Branch1][#Branch1][O][C][=Branch1][C][=O][O][C][C][C][C][C][=Branch1][C][=O][O][O][Ring2][Ring1][Branch2],-0.6750865863161565
501.5810000000003,0.8088000000000035,9,8,223.63999999999993,14,0.12518011298360399,5.75604627149882,1,[C][C][Branch1][C][C][Branch1][C][O][C][C][C][Branch1][C][O][C][C][Branch1][C][O][C][C][C][Branch1][Ring1][C][O][=N][C][C][Branch1][C][O][=N][C][C][C][C][C][Branch1][C][O][=N][C][Branch1][C][O][=N][C][C][Branch1][C][O][=N][Ring1][N],-0.676487389863254
342.5240000000001,3.9971000000000023,4,3,88.07,14,0.192631945037221,4.251763487376056,1,[C][C][C][C][C][C@H1][Branch1][C][O][C][C][Branch1][C][O][=N][C][C][C][C][C][C][C@@H1][Branch1][C][C][C][C@H1][Branch1][Ring2][C][O][=N][Ring1][Branch1][C][=N][O][C][=Branch1][C][=O][O][C][C@@H1][Branch1][C][O][C][C][C][=Branch1][C][=O][O],-0.676612228609564
498.4810000000003,0.8060999999999996,12,7,203.43999999999997,4,0.2124607617644837,5.773392071704135,2,[C][=C][C][Branch1][C][O][C][C][C][C][C][Branch1][C][O][C][=C][Branch1][C][O][C][Branch1][C][O][=C][Ring1][N][C][=Branch1][C][=O][O][C][Branch1][C][O][C][C][C][=Branch1][C][=O][O][C][Branch1][C][O][C][Branch1][C][O][C][=C][C][Branch1][C][O][=C][Ring1][#C],-0.6775668107603856
564.6330000000003,0.8370700000000044,14,6,210.48,13,0.13537503499436307,5.494700611141061,1,[C][C][O][C][C][C][C][C][C][C][C][C@@H1][Branch1][C][O][C][C@H1][Branch1][C][O][C][C][Branch1][C][O][=N][O][C][=Branch1][C][=N][O][C][=Ring1][Branch2][=N][C][C@@H1][Branch1][Ring1][C][O][C][=Branch1][C][=O][O][=N][C][C][=Branch1][C][=O][O][C][Ring2][Ring1][Branch2],-0.6776160331190502
471.4590000000003,0.8088,11,7,206.57,4,0.28543408108690776,6.4735851557103326,2,[C][C][C][Branch1][C][C][C][Branch1][C][C][C@@H1][Branch1][C][O][C][C][Branch1][C][O][C][=C][C][Branch1][C][O][=C][Branch1][C][O][C][Branch1][C][O][=C][Ring1][N][C][=Branch1][C][=O][O][C][C][C][=Branch1][C][=O][O][C][Branch1][C][O][C][Branch1][C][O][=N][Ring2][Ring1][Branch2],-0.6788840439456505
516.5640000000003,0.80467,12,6,209.88999999999996,6,0.1651062996570298,6.227691027756121,1,[C][C][C@@H1][Branch1][C][O][C@H1][Branch1][C][C][C][Branch1][C][O][=C][C][Branch1][C][O][C][C][C][C][C@H1][Branch1][C][O-1][C][C][C@@H1][Branch1][C][O][C@H1][Branch1][C][O][C][=Branch1][C][=N][O][C][C][=Branch1][C][=O][O][C][=Branch1][C][=O][O][C][Branch1][C][C][=C][Ring2][Ring1][Branch2],-0.6789406997728152
501.57300000000026,4.197900000000002,10,3,153.34,11,0.12335836014798308,5.045595519797999,1,[C][C][O][C][Branch1][C][O][=N][C][C][C][C][C][C][C][C][C][C][C@H1][Branch1][C][C][C@H1][Branch1][Ring2][C][O][C][C][=Branch1][C][=O][O][O][C][=C][Branch1][C][O][C][Branch1][C][O][=C][Ring1][=Branch2][C][=Branch1][C][=O][O][Ring2][Ring1][=Branch1],-0.6791672864000454
518.5120000000004,0.8038000000000006,13,6,209.50999999999996,7,0.11934606662945595,5.6799157137456175,1,[C][O][C][=C][C][Branch1][C][O][=C][Branch1][C][O][C][C][Branch1][C][O][=C][Ring1][Branch2][C][C][Branch1][C][C][Branch1][C][O][=C][Branch1][Ring2][C][C][Branch1][C][O][C][C][=Branch1][C][=O][O][C][C][=Branch1][C][=O][O][=C][Branch1][C][O][C][C][C][=Branch1][C][=O][O][C][Ring2][Ring1][Branch2],-0.6794894310995571
520.5760000000004,0.8015700000000023,11,9,230.08999999999997,9,0.15176575617696667,5.901312662371506,1,[C][C][C@H1][Branch1][C][O][C@@H1][Branch1][C][C][O][=C][Branch1][C][O][C][C][C][C][C@H1][Branch1][C][O][=C][Branch1][C][O][C][C][C][Branch1][C][O][=C][Branch1][C][O][C][C][C][=Branch1][C][=O][O][C@H1][Branch1][#Branch1][C][C][=Branch1][C][=O][O][=N][C][Ring2][Ring1][Branch2][=N][Ring1][Branch2],-0.6806172209751961
501.4850000000004,0.7976999999999999,13,4,179.31,4,0.31404402910550594,6.794786756159418,2,[C][C][C@H1][Branch1][C][O][C@@H1][Branch1][C][C][O][C][/C][=C][/C][Branch1][C][C][=C][/C@][Branch1][C][C][Branch1][C][O][=N][O][C][=Branch1][C][=O][O][C][=Branch1][Branch1][=C][O][Ring1][=N][O][C][=Branch1][C][=O][C][C][C][C@H1][Branch1][C][O][C][=Branch1][C][=O][O][Ring2][Ring1][N],-0.6809264771618152
489.4740000000004,0.7965000000000004,12,7,212.30999999999997,6,0.15673245617316384,5.213700505849989,1,[C][O][C][Branch1][C][O][C][C][=C][Branch1][C][O][C][C][C][C][Branch1][C][O][=C][Branch1][C][O][C][Branch1][C][O][=C][Ring1][N][C][=Branch1][C][=O][O][C][C][=Branch1][C][=O][O][C][Branch1][C][O][C][C][C][C][C][=Branch1][C][=O][N][Ring2][Ring1][Branch2],-0.6817251254750698
506.50100000000043,4.206900000000002,13,6,201.67,9,0.1475549589508871,4.797601935397276,1,[C][C][C][C][C][C][O][C][Branch1][C][O][C][C][C][=C][Branch1][C][O][C][Branch1][C][O][=C][Branch1][C][O][C][C][O][C][=Branch1][C][=O][O][C][Branch1][C][O][=C][Branch1][C][O][C][C][O][C][=Branch1][C][=O][O][C][Ring2][Ring1][Branch2],-0.6828837892379647
499.47300000000024,0.7921999999999998,10,8,238.79999999999998,1,0.18519872141230936,5.280593208165044,1,[C][O][C][Branch1][C][O][=N][C][=C][Branch1][C][O][C][C][C][C][Branch1][C][O][=C][Branch1][C][O][C][C][=C][Ring1][N][C][=Branch1][C][=O][C@@H1][Branch1][C][O][C][C][=Branch1][C][=O][N][=C][Branch1][C][O][C][Branch1][C][O][C][C][C][=Branch1][C][=O][N][Ring2][Ring1][=C],-0.6831208131187338
474.3710000000004,0.7800999999999999,14,7,229.73999999999995,9,0.049870027348684516,4.155381251595992,1,[C][O][C][Branch1][C][O][C][C][=C][C][Branch1][C][O][=C][Branch1][C][O][C][Branch1][C][O][=C][Ring1][=Branch2][C][=C][Branch1][C][O][C][Branch1][C][O][=C][Branch1][C][O][C][=Branch1][C][=O][O][C][=Branch1][C][=O][O][C][C][C][=Branch1][C][=O][O][C][Ring2][Ring1][Branch2],-0.6898669032240928
536.5950000000004,0.7826000000000011,12,5,207.62999999999997,15,0.11173985779980515,5.704938398137192,1,[C][C][C][Branch1][C][O][C][C][C][C][C][Branch1][C][O][C][C][C][C][C][Branch1][C][O-1][C][Branch1][C][O][C][C][Branch1][C][O][C][C][Branch1][C][O][C][C][=Branch1][C][=O][O][C][Branch1][Ring1][O][C][C][Branch1][C][O][=N][O][C][Ring1][S][=O],-0.6908478976591009
519.5440000000003,0.7747000000000006,13,7,218.45999999999998,14,0.07306033615085256,5.6727113622325405,1,[C][C][C][C][C][C][C@H1][Branch1][C][O][C][=C][Branch1][C][O][C][C][=C][Branch1][C][O][C][=C][Ring1][N][C][C][=Branch1][C][=O][O][C@H1][Branch1][Ring1][C][O][C@H1][Branch1][C][O][C@H1][Branch1][Ring2][C][O][=N][O][C][=Branch1][C][=O][O][=C][Ring2][Ring1][=N][O],-0.691226074554483
515.5560000000005,4.231400000000003,12,5,184.57,16,0.08569698358588787,4.869465349204116,1,[C][O][C][Branch1][C][O][C][C][C][C][C][C][C][Branch1][C][O][=C][Branch1][C][O][C][Branch1][C][O][=C][Branch1][C][O][C][C][=Branch1][C][=O][O][C][=Branch1][Ring2][=N][Ring1][O][C][C][=Branch1][C][=O][C][C][C][C][C][Branch1][C][O][=C][O][C],-0.693258472825253
520.5280000000002,0.7691000000000001,13,6,209.50999999999996,17,0.029797131851635076,4.887630000082406,0,[C][C][C][C][Branch1][C][C][=C][C][Branch1][C][O][=C][C][Branch1][C][O][=C][Ring1][=Branch2][C][=Branch1][C][=O][O][C][C][C][C][=Branch1][C][=O][O][C][Branch1][C][O][C][C][=Branch1][C][=O][O][C][Branch1][C][O][C][Branch1][C][O][C][O][=C][Branch1][C][O][C][Ring2][Ring1][Branch2],-0.6935762140788855
471.5550000000003,0.7712000000000026,11,7,216.56999999999996,5,0.28120186595985647,5.575504122321197,1,[C][C][C][C][C@H1][Branch1][C][O][=C][C][Branch1][C][O][=C][Branch1][C][O][C][C][C][C@@H1][Branch1][C][O][=C][Branch1][C][N][C][Branch1][C][N][=N][C][C][C][C][Branch1][C][O][=N][C][C][=Branch1][Branch1][=N][Ring2][Ring1][Branch2][O][C][Ring1][N][=O],-0.6938561684527987
501.46100000000035,0.7647899999999999,13,5,198.50999999999996,8,0.17757532832564682,5.391513660162788,2,[C][C][C][C][C][C][C@@H1][Branch1][C][O][C@@][Branch1][C][O][C][Branch1][C][O][=C][Branch1][C][O][C][C][=Branch1][C][=O][O][C][=Ring1][Branch1][C][O][C][=Branch1][C][=O][O][C@H1][Branch1][Ring1][C][O][/C][=C][/C][=Branch1][C][=O][O][C@H1][Branch1][C][O][C][Ring2][Ring1][Branch2],-0.6940901505856426
397.5200000000001,0.8406000000000036,7,7,169.70999999999998,9,0.1307373684376593,5.669027326639537,1,[C][C][C][C][C][C][C@H1][Branch1][C][O][C][Branch1][C][O][=N][C][/C][=C][\C][C@H1][Branch1][C][C][C@@H1][Branch1][C][O][=C][Branch1][C][N][C][=C][Branch1][C][N][N][C][Branch1][C][O][=N][Ring1][=C][O][C][=Branch1][C][=O][O][C][=Branch1][C][=O][O][Ring2][Ring1][=N],-0.6946840571079763
474.4150000000002,0.7628999999999999,13,5,198.50999999999996,8,0.24417877285293946,5.7353376367276745,2,[C][O][C][Branch1][C][O][=C][C][=C][Branch1][C][O][C][Branch1][C][O][=C][Ring1][Branch2][C][C@@H1][Branch1][C][C][C][C][C][C@H1][Branch1][C][O][C][C][=Branch1][C][=O][O][C@@H1][Branch1][C][O][C][=Branch1][C][=O][O][C][=Branch1][C][=O][O][C][Ring1][=N][O],-0.6967216047317608
486.4060000000003,0.7587899999999999,12,7,229.37999999999997,5,0.17305497563855118,5.2306409740774145,2,[O][=C][Branch1][C][O][C][C@H1][C][C][C][C][C@@H1][Branch1][C][O][=N][O][C][=Branch1][C][=O][C][C][C][=C][Branch1][C][O][C][=C][Branch1][C][O][C][Branch1][C][O][=C][Ring1][=Branch2][C][=Branch1][C][=O][O][C@H1][Branch1][#Branch1][O][C][=Branch1][C][=O][O][Ring2][Ring1][Branch2],-0.6970144543694916
502.5570000000003,4.242600000000002,10,6,191.04999999999998,18,0.0392045946892697,4.5288025867620405,0,[C][C][C][C][C][C][C@H1][Branch1][C][C][O][C][=C][Branch1][C][O][C][Branch1][C][O][=C][Branch1][C][O][C][C][C][=Branch1][C][=O][O][=C][Branch1][C][O][C][Branch1][C][O][=C][Ring1][N][C][=Branch1][C][=O][C@H1][Branch1][Branch2][C][C][C][=Branch1][C][=O][O][C][Ring2][Ring1][=N],-0.6970587597871511
501.4410000000003,4.246100000000002,12,7,232.86999999999995,9,0.07701602388862902,4.705238410304432,1,[C][O][C][Branch1][C][O][=N][C][=C][Branch1][C][O][C][C][C][C][Branch1][C][O][=C][Branch1][C][O][C][C][C][C][C][C][=C][Branch1][C][O][C][Branch1][C][O][=C][Ring1][=Branch2][C][=Branch1][C][=O][O][C][=Branch1][C][=O][O][C][=Branch1][C][=O][O][Ring2][Ring1][Branch2],-0.698445946028754
517.5280000000004,0.7543000000000002,12,6,201.30999999999997,8,0.11434194972374472,5.5776192543404335,2,[C][C][C][C][C][C@H1][Branch1][C][O][C][=C][Branch1][C][O][C][C][C][C@H1][Branch1][C][O][=C][Branch1][C][O][C][C][=Branch1][C][=O][O][C@H1][Branch1][C][O][C][C][C][=Branch1][C][=O][O][C][=Ring1][Branch1][C][C][O][=N][C][=Branch1][C][=O][O][Ring2][Ring1][Branch2],-0.6991594106754195
555.6250000000003,4.226900000000003,11,3,190.33999999999997,18,0.07720151212642888,4.6947740204081825,1,[C][C][C][C][C][C@H1][Branch1][C][O][C][C][Branch1][C][O][=N][C][C][C][C][C@H1][Branch1][C][C][C][C@H1][Branch1][C][C][N][=C][Branch1][Branch2][O][C][C][=Branch1][C][=O][O][C][=Branch1][C][=O][O][C][=Branch1][C][=O][O][C][C][=C][O][C][Ring2][Ring1][N][=N][Ring1][Branch1],-0.6996613038463696
554.6780000000005,0.7722000000000018,12,7,196.26999999999995,26,0.04501499371471355,4.774353075545617,0,[C][C][C@H1][Branch1][C][C][O][C@H1][Branch1][C][O][C@H1][Branch1][C][O][=N][C@H1][Branch1][Ring1][C][O][C][C][C][C][C][C@@H1][Branch1][C][O][=N][C][C][C][C][C][=Branch1][C][=O][O][=C][Branch1][Branch1][O][C][O][C][C][C][C][=Branch1][C][=O][O][Ring2][Ring1][N],-0.6997182212405214
484.54200000000037,4.247600000000003,9,6,173.98,12,0.07722042311495098,5.177675465863915,1,[C][O][C][Branch1][C][O][C][C][=C][C][Branch1][C][O][=C][Branch1][C][O][C][C][C][C][C][C][Branch1][C][O][=C][Branch1][C][O][C][C][=Branch1][C][=O][O][C][C][=Branch1][=Branch1][=C][Ring1][=N][C][Branch1][Branch2][C][C][C][=Branch1][C][=O][O][C][Ring2][Ring1][O],-0.6997233172161705
493.55700000000036,4.252500000000003,10,3,164.04,14,0.14861205070202252,4.3122659563146515,2,[C][C][Branch1][C][C][C][C@H1][Branch1][C][O][C][=C][Branch1][C][O][C][C][C][=Branch1][C][=O][N][=C][Branch1][C][O][C][C][C][=Branch1][Ring2][=N][Ring1][Branch1][C][=C][O][C][=Branch1][Ring2][=N][Ring1][Branch1][C][C][C][C][C][C][C][=Branch1][C][=O][O][O],-0.7011184272261011
533.6230000000003,0.7535000000000023,11,8,232.03999999999994,17,0.05621105094866679,5.629567357699214,1,[C][C@@H1][Branch1][C][O][C][C@H1][Branch1][C][O][C][Branch1][C][O][=N][C][C][C][C][C][C][C@@H1][Branch1][=Branch1][C][C][C][C][N][=C][Branch1][C][O][C][Branch1][C][O][=N][O][C][=Branch1][Ring2][=N][Ring1][N][=N][O][C][C][C][C][=Branch1][C][=O][O],-0.7018290279804611
501.48500000000024,0.7416,13,6,203.51999999999995,8,0.15444820185377994,5.619627690920048,2,[C][C][C][C][C][C@H1][Branch1][C][O][C@H1][Branch1][C][O][C][C][C][C][C@@H1][Branch1][C][O][=N][C][=C][Branch1][C][O][C][=C][Branch1][C][O][C][=C][Ring1][=Branch2][C][=Branch1][C][=O][O][C][=Branch1][C][=O][O][C@H1][Branch1][C][O][C][=Branch1][C][=O][O][Ring2][Ring1][Branch2],-0.7033662705162936
497.54900000000026,0.740100000000002,11,6,222.63999999999996,16,0.03357442403424746,5.0217216300529905,0,[C][O][C][Branch1][C][O][=N][C][=C][C][=C][Branch1][C][O][C][C][C][C][C@H1][Branch1][C][C][C][C@H1][Branch1][C][O][C][=C][Branch1][C][N][C][=N][N][=C][Branch1][Ring1][C][O][C][=Branch1][C][=O][O][C][C][=Branch1][C][=O][N][Ring2][Ring1][O],-0.7039770672429599
502.4690000000003,0.7376000000000005,12,5,206.34999999999997,5,0.2599150749000878,6.165608661278075,2,[C][C][C][C][C@H1][Branch1][C][O][=C][C][Branch1][C][O][=C][C][Branch1][C][O][=C][Ring1][Branch2][C][C][=Branch1][C][=O][O][C@H1][Branch1][C][C][C][Branch1][C][O][C][=Branch1][C][=O][O][C@H1][Branch1][#Branch1][C][C][=Branch1][C][=O][O][C][C][=Branch1][C][=O][O][C][Ring2][Ring1][N][O],-0.7049772942754963
543.5660000000004,0.7488000000000021,12,7,220.14999999999998,15,0.11204687811262935,5.304899560752718,1,[C][C][C@H1][Branch1][C][O][C@H1][Branch1][C][C][C][=Branch1][C][=O][C@@H1][Branch1][C][O][C][C][=C][Branch1][C][O][C][C][=C][Branch1][C][O][C][=C][Ring1][=Branch2][C][=Branch1][C][=O][O][C][C@H1][Branch1][=Branch1][C@H1][Branch1][C][C][O][C][=Branch1][C][=O][O][=N][C@H1][Branch1][C][C][C][C][=Branch1][C][=O][O],-0.7058783293344533
503.54900000000026,0.732960000000001,11,6,225.37999999999994,19,0.036148517274713465,5.620658603206001,0,[C][C][C@@H1][C][C][C][C@H1][Branch1][C][O][C][Branch1][C][O][=N][C][C][C][C][C@H1][Branch1][C][O][C][C@H1][Branch1][Ring1][C][O-1][N][=C][Branch1][C][O][C][C@@H1][Branch1][C][O][C][=Branch1][C][=N][O][C][=Branch1][C][=O][O][C][Ring2][Ring1][N][=O],-0.7068516389313951
470.4270000000003,0.7389000000000003,12,7,203.44,6,0.16311433969272904,5.701694251241761,2,[C][O][C][Branch1][C][O][C][C][=C][C][Branch1][C][O][=C][Branch1][C][O][C][C][O][=C][Branch1][C][O][C][=C][Ring1][N][C][C][=Branch1][C][=O][O][C][=Branch1][C][=O][C][Branch1][C][O][C][C][=C][Branch1][C][O][C][Branch1][C][O][=C][Ring1][=Branch2],-0.7069186395307452
507.5330000000004,0.7325000000000008,13,9,226.46999999999997,17,0.033068292382038796,5.148234652650552,0,[C][C][C@H1][Branch1][C][O][C@H1][Branch1][C][C][C][=Branch1][C][=O][O][C@@H1][Branch1][C][O][C@H1][Branch1][C][O][/C][=C][\C][=C][Branch1][C][O][C@H1][Branch1][C][O][C][C][C][C][=Branch1][C][=O][O][C][Branch1][C][O][=C][Branch1][C][O][C][C][C][=Ring2][Ring1][Branch2][=N][O],-0.7071605081988103
501.4890000000003,0.7320000000000024,12,6,199.83999999999995,1,0.2756452099985137,6.35468993524006,2,[C][O][C][Branch1][C][O][C][C][=C][Branch1][C][O][C][C][Branch1][C][O][=C][C][Branch1][C][O][=C][Ring1][N][C][C][=Branch1][C][=O][N][Branch1][C][C][O][=N][C][C][C][=Branch1][C][=O][O][C][C][Branch1][C][O][=N][C][C][C][Ring2][Ring1][#Branch1][O],-0.707206270110778
498.5730000000004,4.270780000000001,10,7,204.05999999999997,16,0.040157493524778466,4.946380254255836,0,[C][C][Branch1][C][C][C][C@H1][Branch1][C][O][C][C][C][=Branch1][C][=O][O][C][Branch1][C][O][=N][C][Branch1][C][O][C][C][C][C][C][C][C@H1][Branch1][Ring1][C][#N][C][=C][Branch1][C][O][C][Branch1][C][O][=C][Branch1][C][O][C][Branch1][C][O][=C][Ring1][=Branch2],-0.7083177497846576
500.54900000000026,4.271370000000003,11,6,214.67999999999998,18,0.030062615886037668,4.864627944119662,0,[C][C][C][C][C][C][C@H1][Branch1][C][C][O][C][=C][Branch1][C][O][C][Branch1][C][O][=C][Branch1][C][O][C][C][C][N][=C][Branch1][C][O][C][=Branch1][Ring2][=N][Ring1][N][C][=Branch1][C][=O][O][C][Branch1][Ring2][N][=N][C][C][C][=Branch1][C][=O][O],-0.7085488507562492
505.47300000000035,0.7279000000000011,14,8,232.53999999999996,15,0.08705094755755606,4.937636080241793,1,[C][C][C][C][Branch1][C][O][=C][C][Branch1][C][O][=C][Branch1][C][O][C][Branch1][C][O][=C][Ring1][=Branch2][C][=Branch1][C][=O][O][C@H1][Branch1][C][O][C][C][C][C][=Branch1][C][=O][C@@H1][Branch1][C][O][C][C][C][C@H1][Branch1][C][O][C][=Branch1][C][=O][O][=N][O],-0.7089245097441613
496.4650000000003,0.7266199999999994,12,5,181.43999999999997,3,0.3705786202325759,6.204629069324244,3,[C][C][=C][C][=C][C][Branch1][C][O][=C][Ring1][#Branch1][C][Branch1][C][O][C][Branch1][C][O][=C][C][Branch1][C][O][=C][Branch1][Ring2][C][C][Branch1][C][O][=C][Ring1][=Branch2][C][C][=Branch1][C][=O][O][C][Branch1][C][O][C][=Branch1][C][=O][O][C][C][Branch1][C][C][=Branch1][C][=O][O][C][Ring2][Ring1][#Branch2],-0.7093872319149819
487.4580000000004,4.273600000000003,11,6,204.79999999999998,3,0.14278954479566747,4.68208714100987,1,[C][O][C][Branch1][C][O][=N][C][=C][Branch1][C][O][C][=C][Branch1][C][O][C][C][C][C][Branch1][C][O][=C][Branch1][C][O][C][C][C][C][C][Branch1][#Branch1][O][C][=Branch1][C][=O][O][=C][Branch1][C][O][C][C][=Branch1][C][=O][O][C][Ring2][Ring1][Branch2],-0.7098833148173026
515.5160000000003,0.7244000000000026,12,8,230.95999999999995,5,0.14376974911346196,5.524508600829079,2,[C][C][O][C][Branch1][C][O][=N][C][C][C][C][C][C][C@H1][Branch1][C][O][C][C][C][N][=C][Branch1][C][O][C][Branch1][C][O][=C][Branch1][C][O][C][Branch1][C][O][=C][Ring1][N][C][=Branch1][C][=O][C][C@H1][Branch1][C][O][C][=Branch1][C][=O][O][=N][Ring2][Ring1][O],-0.7109176060726015
556.6090000000004,4.255270000000002,11,6,216.25999999999996,16,0.06828127783097925,5.115990419822945,1,[C][C][O][C][=Branch1][C][=O][C][Branch1][C][O][C][C][Branch1][C][O][=N][C][C][C][C][C][C][C][C@H1][Branch1][C][C][C][C][C@H1][Branch1][Ring2][C][C][=N][O][C][=Branch1][C][=O][O][C][=C][Branch1][C][O][C][Branch1][C][O][=C][Ring1][N][C][=Branch1][C][=O][O],-0.7111778674762042
522.5510000000004,4.279700000000003,10,5,187.7,7,0.1396634400061119,5.566935779992525,2,[C][O][C][Branch1][C][O][=N][C][=C][C][C][=C][Branch1][C][O][C][C][C][C][=C][Branch1][C][O][C][Branch1][C][O][=C][Ring1][=Branch2][C][=Branch1][C][=O][O][C@H1][Branch1][=Branch1][C][C][C][C][C][N][=C][Branch1][C][O][C][C][=Branch1][C][=O][O][C][Ring2][Ring1][=N],-0.7133073144192492
491.5380000000004,0.7170700000000013,13,7,213.87999999999994,3,0.21468990650151965,5.992200513061112,1,[C][C][C@H1][Branch1][C][C][C][C][C@H1][Branch1][C][O][C@@H1][Branch1][C][O][=N][C@@H1][Branch1][C][N][=C][C][=C][Branch1][C][O][C][C][=Branch1][Ring2][=N][Ring1][N][O][C][=Branch1][C][=O][O][C][C@@H1][Branch1][C][O][C][C][C][C][=Branch1][C][=O][O][O][Ring2][Ring1][=N],-0.7133727800806526
545.6340000000004,0.7298700000000033,12,7,218.03999999999996,12,0.13329863494586508,5.589528494359351,1,[C][C][C][C][C][C][C@H1][Branch1][C][C][O][C][C@H1][Branch1][C][O][=N][C][=C][Branch1][=Branch1][O][C][C][C][N][C][=Branch1][C][=N][N][=C][Branch1][C][O][C][C][C][=Branch1][C][=O][O][C][C@@H1][Branch1][Ring1][C][O][C][=Branch1][C][=O][O][=N][Ring2][Ring1][=N],-0.7139099960975461
498.52900000000034,0.7118999999999999,11,6,183.88,0,0.2186601396152697,5.1550409858662505,2,[C][C][C@H1][Branch1][C][C][C][O][C][C][C][=Branch1][C][=O][N][C][=C][Branch1][C][O][C][=C][Branch1][C][O][C][=C][Ring1][Branch2][C][C][C][C][=Branch1][C][=O][C@H1][Branch1][C][C][C@H1][Branch1][C][O][C@@H1][Branch1][C][O][C][=Branch1][C][=O][O][=N][O][Ring2][Ring2][Ring1][=N],-0.7152460506455104
517.5280000000004,0.7077000000000018,12,6,201.30999999999997,14,0.10716288565688759,4.938673864079234,1,[C][C][C@H1][Branch1][C][O][C@H1][Branch1][C][C][O][C][C][=Branch1][C][=O][N][C][=C][O][C][C][Branch1][C][O][=C][Branch1][C][O][C][=C][Ring1][=Branch2][C][=Branch1][C][=O][O][C][Branch1][C][O][C][C][C][C][C][=Branch1][C][=O][O][=C][Branch1][C][O][C][Ring2][Ring1][Branch2],-0.7177765735491785
518.5200000000003,0.7072400000000012,14,7,233.29999999999995,3,0.11837650166720357,5.66106352501858,1,[C][O][C][Branch1][C][O][=N][C][=C][Branch1][C][O][C][C][C][C][C][C][C@@H1][Branch1][C][O][C][C][C@H1][Branch1][C][O][C][=Branch1][C][=N][O][C][=Branch1][C][=N][O][C][C][=Branch1][C][=O][O][C][C][C][=Branch1][C][=O][O][=N][Ring2][Ring1][O],-0.7180599615742402
487.55000000000024,0.7059000000000026,11,9,214.83,13,0.07624726927229807,4.95563548644534,1,[C][C][C][C][C][C@H1][Branch1][C][O][C][=C][Branch1][C][O][C][=C][Branch1][C][O][C][Branch1][C][O][=C][Ring1][N][C][=Branch1][C][=O][O][C@@H1][Branch1][C][C][C@@H1][Branch1][C][O][C][=Branch1][C][=O][N][C@H1][Branch1][=Branch1][C][C][C][C][N][=N][O],-0.7180718484942844
514.4840000000005,0.7053999999999996,12,6,224.99999999999994,15,0.047490212303161625,4.104152331089097,1,[C][O][C][Branch1][C][O][=N][C][=C][C][=C][Branch1][C][O][C][Branch1][C][O][=C][Ring1][Branch2][C][C][=Branch1][C][=O][O][C][Branch1][C][O][C][C][C][C][C][=Branch1][C][=O][C][Branch1][C][O][=N][C][C][C][=Branch1][C][=O][O][C][Ring2][Ring1][Ring2][C][Branch1][C][O],-0.7184242553143653
500.45700000000033,0.7016999999999998,13,5,202.66999999999996,1,0.2049376647297515,5.002164882115133,2,[C][O][C][Branch1][C][O][=N][C][=C][C][=C][Branch1][C][O][C][Branch1][C][O][=C][Ring1][Branch2][C][=Branch1][C][=O][O][C][C][C][C@H1][Branch1][C][O][C][=Branch1][C][=O][C@@H1][Branch1][C][O][C][C][C][C][C][=Branch1][C][=O][O][=N][O][C][Ring2][Ring1][Branch2],-0.719320580684301
509.6040000000003,4.299580000000002,9,4,181.83999999999997,14,0.0878084380119854,5.373495204400096,1,[C][C][Branch1][C][C][Branch1][C][C][O][C][C][C][C][C@@H1][Branch1][C][C][Branch1][C][O][C][=C][Branch1][C][O][C][Branch1][C][O][=N][O][C][C][C][C][C][C][N][=C][Branch1][Ring1][C][#N][C][Branch1][C][O][=N][C][Branch1][C][O][=N][Ring1][=N],-0.7200882275721506
502.47300000000035,0.6987000000000003,13,6,213.67,11,0.05735749414074769,5.030375787754597,1,[C][O][C][Branch1][C][O][C][C][=C][C][Branch1][C][O][=C][Branch1][C][O][C][Branch1][C][O][=C][Ring1][N][C][=Branch1][C][=O][C@H1][Branch1][C][C][O][C][=Branch1][C][=O][C][Branch1][C][O][=N][C][C][C][C][=Branch1][C][=O][O][C][Branch1][C][C][O][=N][C][Ring2][Ring1][Branch2],-0.7205369756757801
383.5290000000002,4.210100000000003,6,4,110.35,14,0.26520439096145326,4.517446705460286,1,[C][C][C][C][C][C][C][C][C@H1][Branch1][C][C][C@H1][Branch1][C][O][=C][Branch1][C][O][C][Branch1][C][O][=C][Branch1][C][O][C][=Branch1][Ring2][=N][Ring1][Branch2][C][C@@H1][Branch1][Ring2][C][C][C][=Branch1][C][=O][O][C@@H1][Branch1][#Branch1][C][C][=Branch1][C][=O][O][O][=N][O][Ring2][Ring1][Branch2],-0.7226151790296144
485.4420000000003,0.6908000000000005,12,8,223.30999999999997,4,0.15639758945372023,6.118267494725307,2,[C][O][C][Branch1][C][O][C][C][=C][Branch1][C][O][C][C][C][C][C][Branch1][C][O][=C][Branch1][C][O][C][Branch1][C][O][=C][Ring1][=C][C][=Branch1][C][=O][O][C][=Branch1][C][=O][C@H1][Branch1][Ring1][C][O][C][C][=Branch1][C][=O][N][C][=C][Ring2][Ring1][Branch2][O],-0.7242654788515048
502.52100000000036,0.6892700000000027,10,6,234.40999999999994,17,0.04038288088118209,4.7791132141687624,0,[C][O][C][C][C][C][C@H1][Branch1][C][C][C][=Branch1][C][=O][N][=C][Branch1][C][O][C][Branch1][C][O][=C][Branch1][C][N][O][C][C][=Branch1][C][=N][N][=C][Branch1][C][O][C][C][=Branch1][C][=O][O][C][C][C@@H1][Branch1][Ring1][C][O][C][Ring2][Ring1][N][=O],-0.7243095491763162
517.5760000000004,0.6846000000000038,12,6,210.23,6,0.16315352153165916,5.524443608678373,1,[C][C][Branch1][C][C][C][C][C][C][C][C][C][C@H1][Branch1][C][O][=N][C@H1][Branch1][C][N][=C][C][Branch1][C][O][C][=C][Branch1][C][O][C][C][=Branch1][C][=O][O][C][C][=Branch1][C][=O][O][C][Branch1][C][O][=N][C][C][=Branch1][C][=O][O][Ring2][Ring1][N],-0.7270103222816015
487.4620000000003,0.6785400000000015,11,9,250.77999999999994,14,0.031299706739589254,4.771762624880837,0,[C][O][C][=C][C][Branch1][C][O][=C][Branch1][#Branch1][C][C][=Branch1][C][=O][O][C][C][C][C][C][=Branch1][C][=N][N][C][=Branch1][C][=O][C][Branch1][C][O][=C][Branch1][Ring1][C][O][C][Branch1][C][O][C][C][=Branch1][C][=O][O][C][Branch1][C][O][=N][Ring2][Ring1][#Branch2],-0.7290153982132334
546.6180000000003,0.6902000000000035,11,7,223.08999999999997,10,0.06632720269764426,5.458890445917088,1,[C][C][Branch1][C][O][Branch1][C][C][O][C][C][C][C][Branch1][C][O][=N][C][C][C][C][C@@H1][Branch1][Ring1][C][O][=N][C][C][C][Branch1][C][O][=N][C][Branch1][C][O][=N][C][C][C][C][=Branch1][C][=O][O][=C][Branch1][C][O][C][C][Ring2][Ring1][#Branch1][=O],-0.7298993890228969
515.4720000000003,0.6728999999999998,13,6,240.01999999999998,13,0.05290236491483346,4.3835997032305745,1,[C][O][C][Branch1][C][O][=N][C][=C][C][=C][Branch1][C][O][C][Branch1][C][O][=C][Ring1][Branch2][C][=Branch1][C][=O][O][C@H1][Branch1][C][C][C][C][C][=Branch1][C][=O][O][C][C@H1][Branch1][C][O][C][Branch1][C][O][=N][C][C][C][C][=Branch1][C][=O][O][=N][Ring2][Ring1][Branch2],-0.7314947961099929
484.4340000000003,0.6721999999999999,13,5,215.46999999999997,5,0.12810238072061997,5.767871072585575,2,[C][C][C][C][C][C@H1][Branch1][C][O][C][=C][C][Branch1][C][O][=C][Branch1][C][O][C][=C][Ring1][Branch2][C][=Branch1][C][=O][O][C@H1][Branch1][C][O][C@H1][Branch1][C][O][C][C][=Branch1][C][=O][O][C][C][C][=Branch1][C][=O][O][C][Ring2][Ring1][Branch2][=N][O-1],-0.7317825194851267
550.6020000000004,0.6846000000000003,13,5,193.54999999999998,7,0.21962403035927508,5.894981805682532,1,[C][C][C@H1][Branch1][C][C][C@@H1][Branch1][C][O][C@@H1][Branch1][C][C][O][=N][C@H1][Branch1][C][O][C][C][C][=Branch1][C][=O][O][C@H1][Branch1][C][O][C][C][=Branch1][C][=O][O][C][=Branch1][Branch1][=C][O][C][C][C][C][C][C][C][=Branch1][C][=O][N][O][=C][Ring2][Ring1][N][O],-0.7331784197697038
516.5680000000003,0.6664900000000022,11,6,207.57,6,0.21340575919886917,5.690579965058287,1,[C][C][Branch1][C][C][C@@H1][N][=C][C][C][C@@H1][Branch1][C][O][C][C][C][C@H1][Branch1][C][O][C@@H1][Branch1][Branch2][C][C][C][=Branch1][C][=O][O][=N][O][C][=Branch1][C][=O][C][Branch1][C][O][=N][C][C][C][C][=Branch1][C][=O][O][C][Ring2][Ring1][=N][O],-0.7341521788512233
474.45900000000034,0.6667000000000001,11,5,197.11999999999998,14,0.1341300444146783,4.047192908930874,1,[O][=C][Branch1][C][O][C][C][C][C][C][C][C][C][C@H1][Branch1][C][O][C][=C][Branch1][C][O][C][Branch1][C][O][=C][Ring1][=Branch2][C][=Branch1][C][=O][O][C][C][=Branch1][C][=O][O][C][C@H1][Branch1][C][O][C][=Branch1][C][=O][O][C][Ring2][Ring1][=Branch1],-0.7350969957250538
521.5910000000003,4.338070000000003,8,4,194.39,19,0.10855362012902338,4.490166483052125,1,[O][=C][Branch1][C][O][C][C@H1][C][C][C][C][Branch1][C][O][=N][C][C][C][C][C][C][N][=C][Branch1][C][O][C][Branch1][Ring1][C][#N][C][Branch1][C][O][=N][C][Branch1][=Branch1][C][=Branch1][C][=O][O][=C][Ring1][N][O][C][C][C][C][C][Ring2][Ring1][=N],-0.7364950082030439
547.6020000000004,0.673870000000002,13,8,231.45,19,0.0366524086479709,5.061398863235796,1,[C][C][C][C][C][C][C@H1][Branch1][C][C][O][C][C@H1][Branch1][C][O][=N][C@H1][Branch1][Ring1][C][O][=C][Branch1][C][O][C][=Branch1][Ring2][=N][Ring1][N][O][C][=Branch1][C][=O][C][C][C][C][C][=Branch1][C][=O][O][C][Branch1][C][O][C][=C][Branch1][C][O][C][Branch1][C][O][=N][Ring1][Branch2],-0.7366301147251577
517.5800000000004,0.6577000000000035,14,8,231.20999999999998,15,0.04906912872630033,4.779601013539781,1,[C][C][O][C][=Branch1][C][=O][C][C][C][C][C][C][C@H1][Branch1][C][O][C][=C][Branch1][C][O][C][Branch1][C][O][=C][Branch1][C][N][N][C][C][C][C][C@@H1][Branch1][Branch2][C][C][=Branch1][C][=O][O][=N][O][C][=Branch1][Ring2][=N][Ring1][N][=N][O],-0.7377583018848367
529.4990000000004,0.6595700000000009,12,8,248.51999999999995,15,0.027701048273592176,5.105520163381492,1,[C][O][C][=C][C][Branch1][C][O][=C][C][Branch1][C][O][=C][Ring1][#Branch1][C][=Branch1][C][=O][O][C@H1][Branch1][C][O][C@H1][Branch1][Branch2][C][C][C][=Branch1][C][=O][O][C@H1][Branch1][C][O][C][C][C][C][C][=Branch1][C][=O][N][O][C][Branch1][C][O][=N][C][C][Ring2][Ring1][Branch2][=N],-0.7385323131644271
519.6160000000003,0.6521900000000023,13,8,183.03,17,0.09909269868293676,6.231378210236023,1,[C][C@H1][Branch1][C][C][C@H1][C][C][C][C][=Branch1][C][=O][C@@H1][Branch1][C][O][C@H1][Branch1][C][O][C][/C][=C][/C@@H1][Branch1][C][O][C][C@H1][Branch1][C][O][C][C][C][C][C@@H1][Branch1][#Branch1][O][=N][/O][=N][/O][N][=N][C][=C][O][Ring1][Branch1],-0.7401644663181276
551.6370000000003,4.333300000000003,10,3,181.64,12,0.24818216152556768,5.695289923572784,2,[O][=C][Branch1][C][O][C][C][C][C][C][C][C][C][C][C@H1][Branch1][=Branch1][C][=Branch1][C][=O][O][C@H1][Branch1][Ring1][C][O][C][=N][O][C][=Branch1][Ring2][=N][Ring1][Branch1][C][=C][O][C][Branch1][=Branch1][C][=Branch1][C][=O][O][C][C][C][C][C][C][N][=C][Ring2][Ring1][Branch2],-0.7405563729224142
523.6270000000003,4.350100000000003,11,5,170.79999999999998,19,0.04382785955154138,4.140631804095791,1,[C][=C][Branch1][C][C][C][C][C][C][C][C][C][C][C@@H1][Branch1][C][O][C][=C][C][Branch1][C][O][=C][Branch1][C][O][C][=Branch1][Ring2][=N][Ring1][Branch2][N][C][Branch1][Ring2][C][=N][O][C][C][C][=Branch1][C][=O][O][C][C][C][=Branch1][C][=O][O][C][Ring2][Ring1][Branch2],-0.7415471273735755
561.6290000000004,4.329800000000003,12,5,209.29,15,0.06241573996153894,5.525152493954081,1,[C][C][C][C@H1][Branch1][C][C][O][=C][C][Branch1][C][O][=C][Branch1][C][O][C][C][C][C][C@H1][Branch1][C][O][=C][Branch1][Branch1][O][C][C][C][C][C][C][Branch1][Ring2][N][=N][Ring1][=Branch1][O][C][=Branch1][C][=O][O][C][Branch1][C][O][=N][C][C][C][=Branch1][C][=O][O],-0.7422259904934628
527.4830000000004,0.6477999999999995,14,6,237.35999999999999,3,0.12831405846369276,5.847881179197001,2,[C][O][C][=C][C][Branch1][C][O][=C][C][Branch1][C][O][=C][Ring1][#Branch1][C][C][C][=Branch1][C][=O][O][C][C@@H1][Branch1][C][O][C][C@H1][Branch1][C][O][C][=Branch1][C][=O][C@H1][Branch1][C][O][C][C][C][C][C][=Branch1][C][=O][N][=N][O][C][Ring2][Ring1][Branch2][=N][O],-0.7429161699384396
539.6510000000003,4.347100000000005,11,4,160.30999999999997,20,0.08161402355280327,4.771558681923845,2,[C][C][C][C][C@H1][Branch1][C][O][=N][C][=C][Branch1][=Branch1][O][S][C][C][C][C][C][C@@H1][Branch1][=Branch1][C][=Branch1][C][=O][O][C][C][=C][O][C][=Branch1][Ring2][=N][Ring1][Branch1][C][=C][O][C][=Branch1][Ring2][=N][Ring1][Branch1][C][=C][O][C][C][O],-0.743083678197821
519.6600000000004,0.6427700000000036,11,6,183.14999999999998,21,0.04135485778083515,5.1817748306231515,1,[C][C][O][C][C][Branch1][C][O][=N][C][C][C][C][C@H1][Branch1][C][O][C@H1][Branch1][C][O][C][C][C][C][C][C@H1][Branch1][Ring1][C][O-1][C][O][=N][C][Branch1][N][=N][C][C][C][C][=Branch1][C][=N][O][C][=Ring1][Branch2][O],-0.7439318423511646
478.54300000000035,0.642570000000001,12,7,193.89999999999998,20,0.04265436571708903,4.967341033390683,0,[C][C][Branch1][C][C][C@@H1][Branch1][C][O][C][C][=Branch1][C][=O][N][C][=C][N][Branch1][C][O][C@@H1][Branch1][Ring1][C][O][C][C][C][C][C][C][C][C@H1][Branch1][C][O][C][=Branch1][C][=O][O][O][=N][O][C][=Branch1][Ring2][=N][Ring1][Branch2],-0.7442103225432978
472.3990000000004,0.6441000000000007,13,6,209.50999999999996,4,0.18868220738759295,5.368930724880483,2,[C][O][C][Branch1][C][O][=C][C][Branch1][C][O][C][C][C][C][C][=C][Branch1][C][O][C][Branch1][C][O][=C][Branch1][C][O][C][Branch1][C][O][=C][Ring1][N][C][=Branch1][C][=O][O][C][C][=Branch1][C][=O][O][C][C][=Branch1][C][=O][O][C][Ring2][Ring1][=Branch2],-0.7444095851102399
404.54800000000023,0.6980000000000007,8,5,136.48000000000002,14,0.21074957643625863,4.649651187111553,1,[C][C@H1][Branch1][C][O][C][C@H1][Branch1][C][C][C][=Branch1][C][=O][C@@H1][Branch1][C][O][C@@H1][Branch1][C][O][C][C][C][C][C][C@H1][Branch1][C][O][=N][C][C][C][C][C@@H1][Branch1][Ring2][C][O][=N][Ring1][=Branch1][O][C][=Branch1][C][=O][O][O][C][C][C][O],-0.7456520483549948
432.4300000000003,0.6651000000000012,9,6,206.34999999999997,9,0.09927465730720644,5.828508220772379,1,[C][C@@H1][Branch1][C][O][C][C][C][C][C][C][Branch1][C][O][=N][C][Branch2][Ring1][C][C][Branch1][C][O][=N][O][C][Branch1][C][O][C][Branch1][C][O][=N][C][C][C][C][=Branch1][C][=O][O][C][Branch1][C][O][=N][Ring2][Ring1][Branch2][N][=N][O],-0.7462975956011109
529.5830000000004,4.363100000000003,11,7,198.72999999999996,16,0.028486420041697606,4.487324449928196,1,[C][O][C][Branch1][C][O][C][C][C][C][C][C][C][Branch1][C][O][=N][C][=C][Branch1][C][O][C][Branch1][C][O][=C][Branch1][C][O][C][C][C][=Branch1][C][=O][O][C][C][C][=C][C][Branch1][C][O][=C][Branch1][C][O][C][C][O][=C][Ring1][=Branch2],-0.7475849604934558
509.46400000000034,4.368900000000003,12,5,201.63999999999996,5,0.0875608005731468,5.3514527617915295,2,[C][O][C][Branch1][C][O][=N][C][=C][C][=C][Branch1][C][O][C][C][C][=C][Branch1][C][O][C][C][C][C][C][=C][Branch1][C][O][C][Branch1][C][O][=C][Ring1][=Branch2][C][=Branch1][C][=O][O][C][=Branch1][C][=O][O][C][=Branch1][C][=O][O][C][C][Ring2][Ring1][Branch2],-0.7477995873120028
541.5060000000003,0.6334999999999997,13,4,207.70999999999998,2,0.1638833685117606,6.3208994201673026,2,[C][O][C][Branch1][C][O][=N][C][=C][C][=C][Branch1][C][O][C][C][C][=C][Ring1][#Branch1][C][=Branch1][C][=O][O][C][C][=Branch1][C][=O][O][C][Branch1][C][O][C][Branch1][C][O][C][C][C][C][=Branch1][C][=O][O][C][Branch1][C][C][C][C][=Branch1][C][=O][O][=C][Ring2][Ring1][O],-0.751200740244577
565.6370000000004,0.6464600000000015,14,6,206.31999999999996,11,0.0881349348260841,5.880554521221259,1,[C][C@@H1][C][Branch1][C][O][C@H1][Branch1][C][C][O][=C][C][C][C][C][C@@H1][Branch1][C][O][=C][Branch1][C][O][C@H1][Branch1][C][O][C][C][C][C][C][C][C@H1][Branch1][#Branch1][O][=N][O][C][=Branch1][C][=O][O][C][C][=Branch1][C][=O][O][=C][O][C][Ring2][Ring1][N][=N][Ring1][Branch1],-0.7529479053241329
563.7400000000001,4.355380000000003,11,2,151.99,20,0.09522853162234365,5.23559101043052,2,[C][C][Branch1][C][C][Branch1][C][C][C][C][C@@H1][Branch1][C][O][C][C][C][C][C][C][C@@H1][Branch1][=Branch1][C][C][C][C][N][=N][O][C][Branch1][Branch1][C][=N][Ring1][Branch1][C][=N][O][C][C][C][=Branch1][C][=O][O][=C][O][C][C][=Branch1][Ring2][=C][Ring1][Branch1][C][#N],-0.753021076400921
269.385,3.992200000000003,3,1,51.05,12,0.25209785353713277,3.9468007807718877,0,[C][C][C][C][C][C][C@H1][Branch1][C][C][O][C][C][Branch1][C][O][=N][C][=C][Branch1][Branch1][C][O][C][=C][Ring1][=Branch2][C][#N][C@@H1][Branch1][C][O][C@H1][Branch1][C][O][C@H1][Branch1][C][O][C][=Branch1][C][=O][O][C][=Branch1][C][=O][O][C][Ring2][Ring1][=N],-0.7543201225607079
484.5460000000003,4.386980000000002,10,7,204.05999999999997,16,0.04106387261502403,4.69000494299851,0,[C][C][C][Branch1][C][O][C][C][C][Branch1][C][O][=N][C][C][C][C][C][=C][Branch1][C][O][C][Branch1][C][O][=C][Branch1][C][O][C][C][C][=Branch1][C][=O][O][C][Branch1][Ring1][C][#N][C][Branch1][C][O][=C][Branch1][C][O][C][C][Ring2][Ring1][Ring2],-0.7554245612422203
532.5430000000003,0.6158000000000002,13,5,202.67,16,0.046237322235597324,5.605639663066299,1,[O][=C][Branch1][C][O][C][C@H1][Branch1][C][O][C@@H1][Branch1][=N][O][C][/C][=C][/C][=Branch1][C][=O][O][=C][Branch1][C][O][C][C][=Branch1][Ring2][=N][Ring1][Branch1][C][=C][O][C][C][C][C][C][C][=Branch1][C][=O][O][O][=N][C@H1][Branch1][C][O][C][C][C][Ring2][Ring1][Branch2],-0.7564851153829796
470.4310000000002,0.6142000000000002,12,6,212.36999999999995,9,0.2739979094820857,5.63711814133589,2,[C][C][C@H1][Branch1][C][O][C@@H1][Branch1][C][C][C@@H1][Branch1][C][O][C@@][Branch1][C][O][Branch1][C][O][C][C][=Branch1][C][=O][C][C][Branch1][C][O][=C][Branch1][C][O][C][=Branch1][Ring2][=N][Ring1][N][C][=C][O][C][=Branch1][Ring2][=N][Ring1][Branch1][C][=C][O][C][C][=Branch1][C][=O][O],-0.7566346314067312
487.50200000000035,0.5979000000000008,11,5,192.40999999999997,9,0.2257812626120419,5.8185823793553535,1,[C][C][C@H1][Branch1][C][O][C@@H1][Branch1][C][C][C][=Branch1][C][=O][C@@H1][Branch1][C][O][C][C][=C][C][Branch1][C][O][=C][Branch1][Ring1][O][C][C@H1][Branch1][C][O][C][C][C][=Branch1][C][=O][O][C@H1][Branch1][#Branch1][C][C][C][=Branch1][C][=O][O][C][Branch1][C][O][=N][Ring2][Ring1][Branch2],-0.7612504880891701
524.5640000000005,0.5995000000000017,14,6,202.33999999999997,8,0.14625371366162665,5.552986137884918,1,[C][C][C@@H1][Branch1][C][O][C@@H1][Branch1][C][C][C][C][C][=Branch1][C][=O][O][C@H1][Branch1][C][C][C@H1][Branch1][C][O][C@H1][Branch1][C][O][C][C][C][C][C][C][C@@H1][Branch1][Branch2][C][C][=Branch1][C][=O][O][O][C][=Branch1][C][=O][O][O][=N][O][N][Ring2][Ring1][Branch2],-0.7617857969166917
510.58000000000027,4.411890000000003,10,5,176.81,16,0.06565684872548996,5.352397351222717,1,[C][C][Branch1][C][C][C@H1][C][C][C][C][C][Branch1][C][O][=C][C][Branch1][C][O][=C][Branch1][C][O][C][C][C][C@H1][Branch1][C][O][=C][Branch1][Branch1][C][Ring1][Ring1][=O][C][=C][C][Branch1][C][O][=C][Branch1][C][O][C][C][=Branch1][C][=O][O][C][Branch1][C][O-1][C],-0.7650486815464765
501.4850000000004,0.5868000000000004,12,6,212.63999999999996,2,0.22649951649042943,6.285448699479256,2,[C][C][C][Branch1][C][O][C][C][C][C][C][Branch1][C][O][C][=C][Branch1][C][O][C][Branch1][C][O][=C][Ring1][N][C][=Branch1][C][=O][O][C][Branch1][C][O][C][C][C][C][=Branch1][C][=O][O][C][Branch1][C][O][=N][C][C][C][=Branch1][C][=O][O][Ring2][Ring1][N],-0.765285763163016
553.6530000000004,4.401980000000004,9,4,191.25999999999996,11,0.12331227219058093,5.526528134979722,1,[C][C][C][Branch1][C][O][C][C][C][C][C][C][C][Branch1][C][O][=N][C][=C][Branch1][Branch1][C][O][C][C][C][C][=Branch1][C][=O][O][C][Branch1][C][O][C][C][C][C][C][Branch1][Ring1][C][#N][C][Branch1][C][O][=N][C][=Branch1][C][=O][O][=C][Ring2][Ring1][Branch2],-0.7683222272588516
530.5230000000005,0.5838000000000003,12,6,217.34999999999997,16,0.09150967495577327,4.525319258315724,1,[C][C][C][Branch1][C][O][C][C][=C][C][Branch1][C][O][=C][C][Branch1][C][O][=C][Ring1][=Branch2][C][C][C][=Branch1][C][=O][O][C][C@H1][Branch1][C][O][C@H1][Branch1][C][O][C][=Branch1][C][=O][O][C][C][=Branch1][C][=O][O][C][C][C][C][C][=Branch1][C][=O][O][Ring2][Ring1][O],-0.7689071494764501
527.5710000000003,0.579200000000002,13,5,202.71999999999997,6,0.23867269565644464,6.3439581143360915,2,[C][C][C][Branch1][C][O][C][O][C][C][C][C][C][C][C@H1][Branch1][C][O][C][=N][C][Branch1][C][O][=N][C][C][C][Branch1][C][O][=C][Branch1][C][N][C][=Branch1][C][=O][O][=C][Branch1][C][O][C][C][=C][Ring1][S][C][=Branch1][C][=O][O][=C][Ring2][Ring1][=N],-0.7702962174150921
496.5530000000004,4.426420000000003,10,4,151.98,13,0.22789676259251399,3.6024832935585582,1,[C][C][C][C][Branch1][C][C][Branch1][C][C][O][C][C][Branch1][C][C][=C][C][=C][C][Branch1][C][O][=C][Branch1][C][C][C][Branch1][C][O][=C][Ring1][=Branch2][C][=Branch1][C][=O][O][C][C][=Branch1][C][=O][O][C][Branch1][C][O][=C][Branch1][C][O][C][C][O][C][Ring2][Ring1][Branch2],-0.7705988384756375
501.5290000000004,4.429700000000002,11,6,195.56999999999996,7,0.12488082879351105,5.381620601782066,1,[C][C][C][C][C][C][C@H1][Branch1][C][O][C][Branch1][C][O][=N][C@H1][Ring1][=Branch1][O][C][=Branch1][C][=O][O][C][C][=C][Branch1][C][O][C][C][Branch1][C][O][=C][Branch1][C][O][C][C][C][=Branch1][C][=O][O][C][=C][Branch1][C][O][C][C][=Ring2][Ring1][Branch2],-0.7718860575007178
505.5760000000003,4.433380000000003,9,4,205.16999999999996,6,0.30113141016739864,5.3038551065056385,1,[O][=C][Branch2][Ring2][P][C][C][C][C][C][C][C][C][Branch1][C][O][=N][C][C][C][C][N][=N][C][Branch1][C][O][=N][C][Branch1][C][O][=N][C][C][C][C][C][Branch1][Ring1][C][#N][=C][O][C][Branch1][C][O][=N][Ring2][Ring1][=N][=N][Ring1][Branch2],-0.7734324036449481
486.47000000000025,0.567,12,5,189.28,2,0.34167258311515725,6.210334591513764,2,[C][C][C@@H1][Branch1][C][O][C@@H1][Branch1][C][C][O][C][C][=Branch1][C][=O][O][C][=C][Branch1][C][O][C][C][C][C@H1][Branch1][C][O][C][=C][Branch1][C][O][C][Branch1][C][O][=C][Ring1][N][C][=Branch1][C][=O][C@@H1][Branch1][C][O][C][C][=Branch1][C][=O][O][C][Ring2][Ring1][=N],-0.7736733700987776
502.49300000000034,0.5652000000000013,12,7,229.63,16,0.0871944374815292,4.985101874022481,1,[O][=C][Branch1][C][O][C][C@H1][Branch1][C][O][C][C][C][C@H1][Branch1][C][O][C][C][=C][Branch1][Ring1][O][C][=C][Branch1][C][O][C][Branch1][C][O][=C][Branch1][C][O][C][=Branch1][Ring2][=N][Ring1][Branch2][C][C][C][C][C][=Branch1][C][=O][O][C][Branch1][C][O-1][=C][Ring1][=C][O],-0.773936061051557
545.6260000000007,4.425700000000004,10,4,181.41,24,0.019677432209166353,4.441118363531631,0,[C][C][C][C@H1][Branch1][C][C][O][C][=C][Branch1][C][O][C][=C][Branch1][Branch2][O][C][C][C][=Branch1][C][=O][O][N][=C][Branch1][C][O][C][C][C][C][=Branch1][C][=O][O][C][C][C][C][C][C@H1][Branch1][Branch2][C][C][C][=Branch1][C][=O][O][O][Ring2][Ring1][N],-0.7756662980328608
531.5110000000004,0.5639999999999998,13,5,210.86999999999995,16,0.028877532504872173,4.113142444300082,1,[C][O][C][Branch1][C][O][C][C][=C][C][Branch1][C][O][=C][Branch1][C][O][C][=C][Ring1][Branch2][C][C][=Branch1][C][=O][O][C][C][Branch1][C][O][C][C][=Branch1][C][=O][O][C][Branch1][C][O][=N][O][C][C][C][C][C][C][=Branch1][C][=O][O][C][Ring2][Ring1][N],-0.7769601871936556
525.5990000000004,4.438670000000002,11,5,191.32,15,0.06756495781499212,5.262568811666733,1,[C][C][Branch1][C][C][C][C][C][C][C][C][C][C@H1][Branch1][C][O][=C][C][Branch1][C][O][=C][Branch1][C][O][C][C][=Branch1][Ring2][=N][Ring1][N][C][=N][O][C][C][=Branch1][Ring2][=N][Ring1][Branch1][C][C][=C][O][C][=Branch1][C][=O][O][C][C][=Branch1][C][=O][O],-0.7771562611392905
535.5430000000005,0.5544000000000019,12,8,236.02999999999994,14,0.04992133550059175,5.734545746839485,1,[C][O][C][Branch1][C][O][C][C][O][C][C][C][C][Branch1][C][O][=N][C][Branch1][C][O][C][Branch1][C][O][C][C][C][C][C][=C][Branch1][C][O][C][C][=Branch1][C][=O][O][=C][Branch1][C][O][C][Branch1][C][O][=C][Ring1][#C][C][C][=Branch1][C][=O][O],-0.7814798250729181
552.6730000000003,4.437140000000003,11,6,204.47,20,0.041750741196506944,5.3881311246189565,1,[O][=C][Branch1][C][O][C][C][C][C][C@H1][Branch1][C][O][C][C][C][C][=C][N][Branch1][C][O][C][C][C][C][Branch1][=Branch1][C][=Branch1][C][=N][O][Ring1][Branch1][C][=N][C][Branch1][=Branch1][C][C][C][C][C][N][=C][O][C][=Branch1][Ring2][=N][Ring1][Branch1][C][=N][O],-0.7819843991103672
245.295,1.0107,4,2,89.82000000000001,10,0.44261640669287383,3.4164489169739607,0,[O][=C][Branch1][C][O][C][C][C][C][C][C][C@H1][Branch1][C][O][C][C][=C][Branch1][Ring1][O][C][O-1][C][Branch1][C][O][=N][C][C@H1][Branch1][C][O][C][C][=Branch1][C][=O][O][C][=Branch1][Branch1][=N][Ring2][Ring1][Branch1][C][=C][O][C][C][C][C],-0.783824512566429
498.5050000000004,0.5296899999999996,11,4,181.40999999999997,3,0.3983810828038458,6.569994721584355,2,[C][C][C][C@H1][Branch1][C][O][=C][C][=C][Branch1][C][O][C][=C][Ring1][#Branch1][C@@H1][Branch1][C][O][C][C@H1][Branch1][C][O][C][=Branch1][C][=O][O][C@H1][Branch1][C][O][C][C][C][=Branch1][C][=O][N][=C][Branch1][Ring1][C][O][C][C][C][=Branch1][C][=O][O][C@H1][Ring2][Ring1][O],-0.7881296717393657
510.6280000000003,4.470800000000003,9,3,147.24,20,0.07143391405082801,5.261419730851635,1,[C][C][Branch1][C][O][C][C][C][Branch1][C][O][=N][C][Branch1][C][C][O][C][C][C][C][C][C][C][C][C@H1][Branch1][=Branch1][C][C][C][C][=Branch1][C][=O][O][C][=Ring1][Branch1][O][C][=N][C][Branch1][=Branch1][C][=O][O][=C][O][C][Branch1][C][O][=C][Ring1][=Branch2],-0.788606517812275
487.45800000000025,0.5220000000000002,12,7,223.64,12,0.0657574789263409,5.1844486047665495,1,[C][C][C][C][Branch1][C][O][C][Branch1][C][O][=C][C][=C][Branch1][C][O][C][Branch1][C][O][=C][Ring1][N][C][C][=Branch1][C][=O][O][C][Branch1][C][O][C][Branch1][C][O][=N][C][C][C][=Branch1][C][=O][O][=C][Branch1][C][O][C][C][C][Ring2][Ring1][=Branch1][=O],-0.7915975284549591
513.5840000000003,4.4797000000000065,11,6,186.34,17,0.025331428911438098,4.027277448166052,1,[C][C][C][C][C][C][C][C][C][C][C@H1][Branch1][C][O][C@H1][Branch1][C][O][C][C][C][C][C][=C][C][Branch1][C][O][=C][Branch1][C][O][C][Branch1][C][O][=C][Ring1][=Branch2][C][=Branch1][C][=O][O][C][=Branch1][C][=O][O][C][Ring2][Ring1][Branch2][=N][O],-0.7923459059173614
496.55300000000034,4.483700000000007,10,6,173.98,11,0.11084197572508372,4.767379525547404,2,[C][C][C][C][C][C][C][C][C][C][C][C@H1][Branch1][C][O][C][C@H1][Branch1][C][O][C][=C][C][Branch1][C][O][=C][Branch1][C][O][C][Branch1][C][O][=C][Ring1][=Branch2][C][=Branch1][C][=O][O][C][=Branch1][C][=O][O][C][C][Branch1][C][O][=C][Ring2][Ring1][=Branch1],-0.7935099480384631
504.5810000000003,0.5152700000000034,12,9,227.67999999999998,19,0.013487712178752862,4.860278099364887,0,[C][C@H1][Branch1][C][O][C][C][C][C][C][C@H1][Branch1][C][O][C][C@H1][Branch1][C][O][=N][C][C][C][=Branch1][C][=O][O][C][=C][Branch1][C][O][C][=C][Branch1][Ring2][C][N][N][=C][Ring1][Branch2][C][C][=Branch1][C][=O][O][C][Branch1][C][O][=N][Ring2][Ring1][Branch2],-0.7939448657860304
576.644,4.448800000000002,12,7,220.98999999999995,22,0.023657900063900728,4.8904027349235974,0,[C][O][C][Branch1][C][O][=N][C][=C][Branch1][C][O][C][C][C][C][Branch1][C][O][=N][C][C][C][C][C@@H1][Branch1][C][C][C][C@H1][Branch1][#Branch1][C][C][=Branch1][C][=O][O][=N][O][C][=Branch1][Branch1][=C][O][Ring1][Ring2][=N][O][C][=Branch1][C][=O][O][C][C][C][C],-0.7944486398402363
520.5720000000003,0.5131000000000008,12,6,200.27999999999997,6,0.16124947821736124,5.277366728722653,1,[C][C][C][C][C][C@H1][Branch1][C][O][C@@H1][Branch1][C][O][=C][C][C][C][C][C][C@H1][Branch1][C][O][=C][Branch1][C][O][C][=C][Branch1][C][O][C][C][=Branch1][C][=O][O][C][C][=Branch1][C][=O][O][C@H1][Branch1][C][O][C][C][=Branch1][C][=O][O][Ring2][Ring1][O],-0.7958242810671208
470.51900000000023,0.5153000000000002,10,5,170.63,15,0.16895806415879167,5.447316910257299,2,[C][C][C@H1][Branch1][C][O][C@@H1][Branch1][C][C][O][=C][C][=Branch1][Ring2][=N][Ring1][Branch1][C][=C][O][C][C][C][C@@H1][Branch1][C][O][C][C@H1][Branch1][C][O][C][C][C][=Branch1][C][=O][C@H1][Branch1][C][O][C][=C][O][C][Branch1][C][O][=N][Ring1][Branch1][C][=N][Ring2][Ring1][Branch2],-0.7960665624456286
452.59200000000027,4.477870000000003,8,4,136.34,18,0.14724709116520673,4.204011396726878,1,[C][C][C][C][C][C][C][C][C][C][C][C@H1][Branch1][C][O][C][C@H1][Branch1][C][O][C][C][=C][Branch1][C][O][C][=Branch1][C][=N][O][C][=Ring1][Branch2][N][=C][Branch1][Branch1][C][O][C][C][=Branch1][C][=O][O][C][O][C][Ring2][Ring1][=Branch1][=N][Ring1][=C],-0.7968094074243864
499.51300000000043,0.5006000000000012,11,6,213.91,13,0.19183930773312644,4.966541950969603,1,[C][C][C@H1][Branch1][C][O][C@@H1][Branch1][C][C][C][=Branch1][C][=O][C@@H1][Branch1][C][O][C][C][=C][C][=C][Branch1][C][O][C][Branch1][C][O][=C][Ring1][=Branch2][C][=Branch1][C][=O][O][C][C][C@H1][Branch1][C][O][C][C][=Branch1][C][=O][C@H1][Branch1][C][C][O][C][Branch1][C][N][=O],-0.7997605931002096
517.5760000000005,0.5020000000000024,10,6,218.07,8,0.14726010779098758,5.469587204859183,1,[C][C][C@H1][Branch1][C][O][C@@H1][Branch1][C][C][C][=Branch1][C][=O][N][=C][Branch1][C][O][C][C][C][C][C@H1][Branch1][C][O][C][C][=Branch1][C][=O][O][C@@H1][Branch1][Branch2][C][C][C][=Branch1][C][=O][O][C][C@H1][Branch1][C][N][C][C][C][=Branch1][C][=O][O][N][Ring2][Ring1][Branch2],-0.7999726889738165
513.5840000000003,4.499900000000002,10,6,186.34,8,0.11671026267441746,5.03195954006443,1,[C][C][C][Branch1][C][O][=N][C][C][C][C][C][C][C@H1][Branch1][C][C][C@H1][Branch1][C][O][C][C][=Branch1][C][=O][O][C][=C][Branch1][C][O][C][Branch1][C][O][=C][Branch1][C][O][C][C][C][=Branch1][C][=O][O][C][C][=C][Branch1][C][O][C][Ring2][Ring1][Branch2],-0.8004212027576489
511.5240000000004,4.500700000000003,11,4,181.41,5,0.17641733007540988,5.178767931672823,1,[C][C][C][C][C][C][C@H1][Branch1][C][C][O][C][=C][C][Branch1][C][O][=C][Branch1][C][O][C][Branch1][C][O][=C][Ring1][N][C][=Branch1][C][=O][O][C][=Branch1][C][=O][O][C][Branch1][C][O][=N][C][C][C][=Branch1][C][=O][O][C][Branch1][C][C][C][C][=Ring2][Ring1][=N],-0.800611821486544
551.5900000000001,0.5075000000000018,14,6,214.69999999999996,8,0.13768550028512588,5.675437866348993,1,[C][C][C][C][C][C@H1][Branch1][C][O][C@H1][Branch1][C][O][=N][C@H1][Branch1][C][O][C][C][C][C][C][C@@H1][Branch1][C][O][=N][C][=N][C][Branch1][Branch2][O][C][C][=Branch1][C][=O][O][C][C][=Branch1][C][=O][O][C][=Branch1][C][=O][O][=C][O][C][Ring2][Ring1][=C],-0.8036511136058972
500.4530000000003,0.4894999999999998,12,6,217.34999999999997,14,0.051217020379938354,3.9157245071311184,1,[O][=C][Branch1][C][O][C][C@@H1][Branch1][C][O][C][/C][=C][/C][=Branch1][C][=O][O][C][C][C][=C][Branch1][C][O][C][=C][Branch1][C][O][C][Branch1][C][O][=C][Ring1][=Branch2][C][=Branch1][C][=O][O][=C][Branch1][C][O][C][C][C][C][=Branch1][C][=O][O][C][Ring2][Ring1][Branch2],-0.8042005103430364
528.5550000000003,4.505500000000003,12,5,196.92999999999998,9,0.16030736923966582,5.170983284478217,1,[C][C][C][C][C][C@H1][Branch1][C][O][C][C][=C][Branch1][C][O][C][/C][Branch1][C][C][=C][\C][Branch1][C][O][=C][Branch1][C][O][C][C][C][=Branch1][C][=O][O][C][=Branch1][C][=O][O][C][Branch1][C][O][=N][O][C][Ring2][Ring1][Branch2][=N][Branch1][C][O][C][C],-0.8042303103589183
483.43000000000035,0.49010000000000087,10,6,224.64,1,0.2813070795345724,5.822994635469282,2,[O][=C][Branch1][C][O][C][C][C][C][C][=Branch1][C][=O][N][=C][C][Branch1][C][O][C][C][Branch1][C][O][=C][Branch1][C][O][C][=C][Ring1][P][C][=Branch1][C][=O][O][C][C][C][C][C][=Branch1][C][=O][N][O][C][Branch1][C][O][=N][Ring2][Ring1][Branch2],-0.8046427413454988
479.5870000000004,0.48819999999999975,10,5,176.81,21,0.06733681630869677,4.757520353229662,0,[C][C][C@H1][Branch1][C][C][C@H1][Branch1][C][O][C@H1][Branch1][C][O][C@H1][Branch1][C][O][C@H1][Branch1][C][O][C][C][C][C][=Branch1][C][=O][O][C@@H1][Branch1][C][O][C][C][C][C][C][C][C][C][C@H1][Branch1][C][O-1][O][C][Ring2][Ring1][=Branch1][=O],-0.8057549507610859
472.48700000000036,4.511400000000003,10,4,169.04999999999998,10,0.1526020838330963,4.4584856487753,1,[C][C][Branch1][C][C][C][C][C][C][C][C][C@H1][Branch1][C][O][C][C][=C][C][Branch1][C][O][=C][Branch1][C][O][C][C][Branch1][C][O][=C][Ring1][N][C][=Branch1][C][=O][O][O][C][=Branch1][C][=O][O][C][C][=Branch1][C][=O][O][Ring2][Ring1][Branch2],-0.806439492011646
469.53900000000016,0.48810000000000225,12,6,194.23999999999998,11,0.061868128029005334,5.207653341082991,1,[C][O][C][=C][C][Branch1][C][O][=C][Branch1][#Branch1][C][=Branch1][C][=O][O][C][C][C][C][C][C@H1][Branch1][C][C][C][=C][Branch1][Ring2][C][C][N][N][=C][Branch1][C][N][N][C][=Branch1][Ring2][=N][Ring1][Branch2][O][C][Ring2][Ring1][#Branch1][Branch1][C][O][C][O],-0.8070626665160509
515.5760000000004,4.517090000000002,10,6,191.04999999999998,18,0.03754662293413103,4.692463144943502,0,[C][C][Branch1][C][C][C@H1][C][C][C][C][C@@H1][Branch1][C][O][C][C][C][C@H1][Branch1][C][O][C][=C][Branch1][C][O][C][C][C][C][=Branch1][C][=O][O][C][=C][Branch1][C][O][C][Branch1][C][O][=C][Ring1][=Branch2][C][=Branch1][C][=O][O][C][=Branch1][C][=O][O],-0.8074371665956438
515.5320000000004,0.4762000000000024,12,7,217.26999999999995,4,0.25429096523145533,5.8614419233365815,2,[C][C][C][C@H1][Branch1][C][O][=C][C][Branch1][C][O][=C][Branch1][C][O][C][C@@H1][Branch1][C][O][C][C][=C][Branch1][C][O][C][C][=Branch1][C][=O][O][C][C][C][C][C@H1][Branch1][Ring1][C][O-1][=C][Branch1][C][O][C][Branch1][C][O][=C][Ring1][=Branch2][C][=Branch1][C][=O][O][Ring2][Ring1][#C],-0.8101157957329301
503.56500000000045,0.46450000000000174,11,3,171.88,10,0.21478737134034234,5.63359999680535,1,[C][C][C@H1][Branch1][C][O][C@H1][Branch1][C][C][C][C][C][=Branch1][C][=O][C@@H1][Branch1][C][O][C@H1][Branch1][C][O-1][C][=C][Branch1][Branch2][O][C][C][C][=Branch1][C][=O][O][C][C][C][C][C][C@@H1][Branch1][C][O][C][C@@H1][Branch1][C][O][C][=Branch1][C][=O][O][Ring2][Ring1][Branch2],-0.8142312183280611
513.4560000000004,0.4619000000000015,12,7,237.02999999999994,6,0.0640209124063068,5.725665277184453,1,[C][C][O][C][Branch1][C][O][C][=C][C][Branch1][C][O][=C][Branch1][C][O][C][C][=C][Ring1][N][C][=Branch1][C][=O][N][=C][Branch1][C][O][C][C][C][=Branch1][C][=O][O][C][Branch1][C][O][C][C][=Branch1][C][=O][N][C][=C][O][C][Ring2][Ring1][=Branch1][=N][O],-0.8156840769219412
281.336,0.7741999999999998,6,4,131.11,6,0.5695730709964424,4.25518711205533,1,[C][C][C][C][C][C@H1][Branch1][C][O][C][/C][=C][/N][=C][C][Branch1][C][O-1][=C][Branch1][C][N][N][C][Branch1][C][O][=N][Ring1][N][C][=Branch1][C][=O][O][C][Branch1][C][O][=N][C@H1][Branch1][#Branch1][C][C][=Branch1][C][=O][O][C][S][C][Ring2][Ring1][N],-0.8171887676565311
539.6270000000004,0.46577000000000635,14,7,219.42999999999998,24,0.022158020170724876,5.294298223431438,0,[C][C][C@H1][Branch1][C][O][C@@H1][Branch1][C][C][O][C@@H1][Branch1][C][O][=N][C][C][C][C][C][C@H1][Branch1][C][C][O][C][C][C][C@H1][Branch1][#Branch1][O][C][Branch1][C][N][=N][O][C][C][=Branch1][C][=O][O][=N][O][C][C][Ring2][Ring1][=N][=N][O],-0.8175425783284905
518.5160000000004,0.45350000000000007,13,6,213.66999999999996,2,0.16657220519052035,6.070622979187016,1,[C][C][=C][Branch1][C][O][C][/C][Branch1][C][O][=C][/C][C@H1][Branch1][C][C][C@@H1][Branch1][C][O][=N][C][C][C@H1][Branch1][C][O][C][=Branch1][C][=O][O][C][=Branch1][C][=O][O][C@H1][Branch1][C][O][C][C][C][C][=Branch1][C][=O][N][=C][O][C][Ring2][Ring1][=N][O],-0.8194372026116462
518.5560000000005,0.44830000000000064,12,7,211.27999999999997,2,0.24833028574776267,5.602909964573693,1,[C][C][C@@H1][Branch1][C][O][C@H1][Branch1][C][C][C][=Branch1][C][=O][C@@H1][Branch1][C][O][C@H1][Branch1][C][O][C][C][=C][Branch1][C][O][C][C@H1][Branch1][C][O][C][C][C][=Branch1][C][=O][O][C][C][=C][Branch1][C][O][C][C][C][C][=Branch1][C][=O][O][C][Ring2][Ring1][=C][O],-0.8215186929973046
545.5380000000004,4.542000000000003,12,5,210.86999999999995,7,0.09781953389192498,5.334731337240508,1,[C][O][C][Branch1][C][O][=N][C][=C][Branch1][C][O][C][C][C][C][C][Branch1][C][O][=C][Branch1][C][O][C][C][C][C][C][C@H1][Branch1][C][C][O][=C][Branch1][=Branch1][C][=Branch1][C][=O][O][C][C][=Branch1][C][=O][O][C][Branch1][C][O][=C][O][C][Ring2][Ring1][=Branch1][=O],-0.8218619578591057
544.5100000000003,0.45308000000000087,14,6,245.65999999999997,14,0.043406739846788056,5.279033173300375,1,[C][C][O][C][Branch1][C][O][=C][C][Branch1][C][O][=C][Ring1][Branch2][C][Branch1][C][O][C][C][Branch1][C][O][C][C][=Branch1][C][=O][O][C][Branch1][C][O][=N][C][C][C][C][C][=Branch1][C][=O][O][C][Branch1][Ring1][C][#N][C][=Branch1][C][=O][O][C][Branch1][C][O][C][C],-0.8235931023411983
500.48100000000034,0.43270000000000247,11,6,234.11999999999998,11,0.09842573951865413,5.480854984373158,1,[C][C][Branch1][C][O][C][C][Branch1][C][O][=N][C][C][C][C][C][C][C][Branch1][C][O][=N][C][Branch1][C][O][=C][C][Branch1][C][O][=C][Ring1][N][C][=Branch1][C][=O][O][C][Branch1][C][O][=N][C][C][=Branch1][C][=O][O][C][Branch1][Ring1][C][O-1],-0.8269205595726825
510.5360000000004,4.568200000000003,10,2,154.89,11,0.22803651214796986,5.7540139544227085,2,[C][C][C][C][C][C][C][C][C][C][C@H1][Branch1][C][O][C][=C][C][Branch1][C][O][=C][Branch1][Branch1][O][C][=C][Ring1][=Branch2][C][C][=Branch1][C][=O][O][C][=Branch1][C][=O][O][C@H1][Branch1][Branch2][C][C][C][=Branch1][C][=O][O][C][=Branch1][C][=O][O][Ring2][Ring1][O],-0.8275483234132022
414.4950000000002,4.527700000000004,7,1,116.2,1,0.4913208410705472,3.6024290370935255,1,[O][=C][Branch2][Branch1][#Branch1][C][C][C][C][C][=Branch1][C][=O][O][C][C][C][C][C][C][C][C][C][C][C][C][C@H1][Branch1][=Branch1][C][=Branch1][C][=O][O][O][C][=Branch1][C][=O][O][Ring2][Ring1][N][O][=N][C][C][O][=N][C][Branch1][C][O][=C][Ring2][Ring1][Branch2],-0.8289120499184472
391.5050000000002,0.4946000000000007,8,5,142.47000000000003,12,0.23897212118777802,4.838569436446317,1,[C][C][C@H1][Branch1][C][O][C@@H1][Branch1][C][C][C][C][C][=Branch1][C][=O][O][C@H1][Branch1][C][C][C@H1][Branch1][C][O][C@H1][Branch1][C][O][C@H1][Branch1][C][O][C][C][C][C][C@@H1][Branch1][Ring2][C][O][=N][Ring1][Branch1][O][C][=N][O][C][C][=C][O][C][Ring2][Ring1][N],-0.8309905689597201
442.46900000000016,0.44100000000000206,10,7,193.29999999999998,9,0.06621090962778668,5.374673905371462,1,[C][C][C][C][C][C@H1][Branch1][C][O][C][C][C][C][Branch1][C][O][=N][C][=N][C][Branch2][Ring1][Branch2][N][C][=Branch1][C][=O][C][=C][Branch1][C][O][C][Branch1][C][O][=C][Ring1][O][C][=Branch1][C][=O][O][C][Branch1][C][O][=N][Ring2][Ring1][Branch2],-0.8315985953836134
461.4720000000002,0.4197000000000015,11,7,209.26,6,0.21274538837859833,5.748519381727439,1,[C][O][C][Branch1][C][O][=N][C@H1][Branch1][C][O][C][C][C][C][C][C][C][=C][N][Branch1][C][O][C][Branch1][C][O][=N][C@H1][Branch1][Ring1][C][O][C][C][C][=Branch1][C][=O][O][=N][C][Branch1][C][O][=N][Ring2][Ring1][=Branch1],-0.8356801550449784
533.5710000000005,0.4155000000000015,10,6,220.47999999999996,19,0.04369723852522182,5.157468485110396,0,[C][C][C@H1][Branch1][C][O][C@H1][Branch1][C][C][C][=Branch1][C][=O][C@@H1][Branch1][C][O][C][/C][=C][/C@@H1][Branch1][C][C][O][C@H1][Branch1][C][O][C][C][C][C][=Branch1][C][=O][N][=C][Branch1][C][O][C][C][=Branch1][C][=O][O][C@H1][Branch1][Ring1][C][O][C][C][=Branch1][C][=O][O],-0.8364989468995159
522.6030000000002,4.588680000000003,9,5,205.2,9,0.16395830768789668,5.033205801390541,1,[C][C][Branch1][C][C][C][C][O][C][Branch1][C][O][=N][C][C][C][C][C][C][Branch1][C][O][=N][C][Branch1][C][O][=N][C][Branch1][C][C][C][Branch1][C][O][=N][C][C][C][C][C][Branch1][Ring1][C][#N][=C][Branch1][C][O][C][Branch1][C][O][=N][Ring2][Ring1][=Branch1],-0.8366941168790432
496.55300000000034,4.595900000000005,9,3,152.73000000000002,18,0.06562069308467894,4.233778191400993,1,[C][O][C][Branch1][C][O][=C][C][=C][Branch1][#Branch1][C][C][=Branch1][C][=O][O][C][C][C][C][C][Branch1][C][O][=C][Branch1][Branch1][C][C][C][C][C][Branch1][C][O][=C][Ring1][=Branch2][C][=Branch1][C][=O][O][C@@H1][Branch1][#Branch1][C][C][C][=Branch1][C][=O][O][C][Ring2][Ring1][Ring2],-0.838388344883207
500.47700000000026,0.4022899999999998,12,7,212.30999999999997,8,0.14644513945210957,5.2036408644087615,2,[C][C][O][C][=Branch1][C][=O][O][C@H1][C][C][C@H1][Branch1][C][O][C][C][C][=C][C][Branch1][C][O][=C][Branch1][C][O][C][Branch1][C][O][=C][Ring1][=Branch2][C][=Branch1][C][=O][O][C][C@@H1][Branch1][C][O][C@@H1][Branch1][#Branch1][C][C][=Branch1][C][=O][O][=N][C][Ring2][Ring1][Branch2],-0.8390845423269339
534.5110000000004,0.40880000000000066,13,7,229.73999999999998,17,0.09898044740276635,4.8070095660080305,1,[C][O][C][Branch1][C][O][=C][C][=C][Branch1][C][O][C][Branch1][C][O][=C][Ring1][Branch2][C][C@@H1][Branch1][C][O][C][C][C@@H1][Branch1][C][O][C][C][=Branch1][C][=O][O][C][Branch1][Ring1][C][O][O][C][=Branch1][C][=O][C][C@H1][Branch1][C][O][C][C][C][C][=Branch1][C][=O][O],-0.8393228382952531
502.47300000000035,0.3992000000000014,12,7,216.83,14,0.056307908044447026,4.831004069324245,1,[C][O][C][Branch1][C][O][=C][C][=C][Branch1][C][O][C][Branch1][C][O][=C][Ring1][Branch2][C][C][=Branch1][C][=O][O][C@H1][Branch1][C][O][C@H1][Branch1][C][O][C][=Branch1][C][=O][O][C][C][C][C][C][C][=C][N][C][Branch1][C][O][=N][C][Ring1][=C][O],-0.8403345555884271
509.6240000000003,4.602890000000004,9,3,154.89000000000001,12,0.15017935510923605,6.441846231382835,3,[C][C][Branch1][C][C][C@@H1][N][=C][Branch1][C][O][C@@H1][Branch1][C][O][C][C][C][C][C][C][C@H1][Branch1][=Branch1][C][C][C][C][C][N][=C][Branch1][C][O][C][Branch1][C][O][=N][O][C][=Branch1][Ring2][=N][Ring1][Branch1][C][C@@H1][Branch1][C][C][O][C][Ring2][Ring1][=Branch1][=O],-0.8413761951945173
552.6250000000002,4.587400000000004,10,2,171.14000000000001,14,0.1438955653879959,6.051689926522623,2,[C][C][Branch1][C][C][C][C][O][C][C][C][Branch1][C][O][=N][C][C][C][C][C][C][C][C@@H1][Branch1][=Branch1][C][C][C][=Branch1][C][=O][O][N][C][=Branch1][C][=O][O][C][=N][C][=Branch1][Branch1][=C][O][Ring1][Branch1][C][=N][C][=Branch1][C][=O][O][C][Ring2][Ring1][Branch2],-0.8415674447719582
484.4780000000003,0.3942000000000017,11,4,187.4,0,0.34833193729166223,6.471621471765637,2,[C][C][Branch1][C][C][Branch1][C][C][O][C][Branch1][C][O][C][=C][C][Branch1][C][O][=C][C][Branch1][C][O][=C][Ring1][N][C][C][=Branch1][C][=O][O][C][Branch1][C][O][=N][C][C][C][C][=Branch1][C][=O][O][C][Branch1][C][O-1][C][Branch1][C][O][C][C][Ring2][Ring1][Branch2],-0.8428918746411064
514.5040000000004,0.39380000000000337,12,5,204.13999999999996,2,0.3168150131902405,6.343788986506861,2,[C][C][C][C][C][C][C@H1][Branch1][C][C][O][C][C@H1][Branch1][C][O][=N][C@@H1][Branch1][C][O][C][/C][=C][/C][Branch1][C][O-1][=C][Branch1][C][O][C][Branch1][C][O][=C][Ring1][O][C][=Branch1][C][=O][O][C@H1][Branch1][#Branch1][C][C][=Branch1][C][=O][O][C][=Branch1][C][=O][O][Ring2][Ring2][Ring1],-0.84297924913013
473.47500000000025,0.39100000000000107,12,5,181.08,3,0.2163544203107147,4.968724222653238,1,[C][C][O][C][=Branch1][C][=O][C][=C][C][=C][Branch1][C][O][C][Branch1][C][O][=C][Ring1][=Branch2][C][C][=Branch1][C][=O][O][C][C][C][C][C][C][C@@H1][Branch1][C][O][C@H1][Branch1][C][O][C@H1][Branch1][C][O][C][=Branch1][C][=O][O][=N][Ring2][Ring1][Branch2],-0.8452663855258882
559.6090000000003,4.597200000000004,13,5,193.79999999999995,21,0.043185502439719615,3.910024488778829,1,[C][O][C][O][C][Branch1][C][O][=C][C][Branch1][C][O][=C][Branch1][C][O][C][C][C][C][C][C][Branch1][C][O][=C][Branch1][C][O][C][=Branch1][C][=O][O][C][=Branch1][Ring2][=N][Ring1][Branch2][O][C][C][C][C][=Branch1][C][=O][C][C][C][C][C][C][Branch1][Ring1][C][O],-0.8473090262259709
545.6260000000004,4.607400000000004,11,5,184.57,9,0.08956768620315307,5.333793510559268,1,[C][C][C][Branch1][C][O][=N][C][C][C][C][C][C][C@H1][Branch1][C][O][C@@H1][Branch1][C][O][C][C@@H1][Branch1][C][O][C][C][C][C][C][C][=Branch1][C][=O][O][O][C][=Branch1][C][=O][O][C][=C][Branch1][C][O][C][C][=C][Branch1][C][O][C][Ring2][Ring1][Branch2],-0.8478847145125348
552.5290000000003,4.610000000000005,12,5,206.34999999999997,9,0.09333616226243027,4.532538122972286,2,[O][=C][Branch1][C][O][C][C][C][C][C][C][C][C][C@H1][Branch1][C][O][C][=C][Branch1][C][O][C][=C][Branch1][C][O][C][Branch1][C][O][=C][Ring1][=Branch2][C][=Branch1][C][=O][O][C][=Branch1][C][=O][O][C][=Branch1][C][=O][C][C][C][=C][C][Branch1][C][O][=C][O][C][Ring2][Ring1][O],-0.8505134821765046
466.39500000000027,0.37849999999999995,12,8,214.43999999999997,1,0.16012888981510306,5.980504338117687,3,[C][C][C][Branch1][C][O][C][=C][C][=C][Branch1][C][O][C][Branch1][C][O][C][Branch1][C][O][=C][Ring1][N][C][=C][Branch1][C][O][C][Branch1][C][O][=C][C][Branch1][C][O][=C][Ring1][=Branch2][C][=Branch1][C][=O][O][C][Branch1][C][O][C][=Branch1][C][=O][O][C][C][Ring2][Ring1][Branch2],-0.8512573900413435
503.51300000000015,0.3679000000000032,11,8,256.75999999999993,6,0.106177985499735,5.95979479764233,1,[C][C][Branch1][C][C][C][C][Branch1][C][O][C][Branch1][C][N][=N][C][C][C][C][C][C][Branch1][C][O][=N][C][C][Branch1][C][O][=N][C][Branch1][C][O][=N][C][Branch1][C][O][=N][O][C][=Branch1][C][=O][O][C][Branch1][C][C][Branch1][C][O][=N][Ring2][Ring1][Branch2],-0.852868940855509
483.47000000000025,4.632700000000002,11,9,220.72999999999996,13,0.04383188101350607,4.688374938576864,0,[C][O][C][Branch1][C][O][=N][C][=C][C][C][Branch1][C][O][=C][Branch1][C][O][C][C][C][C][=C][Branch1][C][O][C][Branch1][C][O][=C][Ring1][O][C][=Branch1][C][=O][C][C][=C][Branch1][C][O][C][Branch1][C][O][=C][Branch1][C][O][C][Branch1][C][O][=C][Ring1][=Branch2],-0.8537203581969924
518.5200000000003,0.3670700000000016,13,8,249.95999999999995,2,0.10677449153167315,5.885374691880884,1,[C][O][C][Branch1][C][O][=N][C][=C][C][=C][Branch1][C][O][C][C][C][C][C@H1][Branch1][C][O][=C][Branch1][C][O][C][C][=Branch1][C][=O][O][=C][Branch1][Ring1][O][N][C][Branch1][C][O][=N][C][C][C][C][=Branch1][C][=N][O][C][Ring2][Ring1][=N][O],-0.8539756572549354
471.41500000000036,0.3635,11,5,201.63999999999996,3,0.21518054681386606,5.452141238237012,1,[C][O][C][Branch1][C][O][C][=C][C][Branch1][C][O][=C][Branch1][C][O][C][Branch1][C][O][=C][Ring1][N][C][=Branch1][C][=O][N][=C][Branch1][C][O][C][C][C][C][=Branch1][C][=O][C@H1][Branch1][C][O][C][O][C][=Branch1][C][=O][C][=Branch1][Branch1][=C][O][C][Ring2][Ring1][Branch2],-0.8565101102147012
546.6180000000005,4.630340000000003,12,5,213.39999999999998,22,0.04169549215610065,4.339914509504295,0,[O][=C][Branch1][C][O][C][C][C][C][C][C][C@H1][Branch1][Branch2][C][C][=Branch1][C][=O][O][O][C][=Branch1][Branch1][=N][O][C][C][O][C][C][C][C][C][C][C][C][N][=C][Branch1][#Branch1][O][C][Branch1][C][O][=N][O][C][Ring2][Ring1][Branch2][=N][Ring1][Branch2],-0.8572215082415993
503.6400000000003,4.643200000000003,8,4,137.41,17,0.17814261158134692,4.58436094882381,2,[C][C][Branch1][C][C][C][C][C][C][C][C][C@H1][Branch1][C][O][C][C][C][=C][C][Branch1][C][O][=C][Branch1][Branch1][C][N][C][C][C][=Branch1][Ring2][=N][Ring1][N][C][=C][O][C][=Branch1][Ring2][=N][Ring1][Branch1][C][=C][O][C][C][=Branch1][C][=O][O],-0.8573109102303562
518.5880000000002,0.357700000000006,11,6,209.88,8,0.14663907981786134,5.852543878694072,1,[C][C][C][Branch1][C][O][C][O][C][Branch1][C][O][=N][C][C][C][C][C][C][C][C][C@H1][Branch1][Ring1][C][O-1][N][=C][Branch1][C][O][C][Branch1][C][O][=N][C][C][C][=Branch1][C][=O][O][N][C][Branch1][C][C][O][=N][Ring2][Ring1][Branch2],-0.8577260293217153
503.4570000000003,0.34060000000000235,13,7,225.02999999999994,7,0.10776836944024985,5.406376249024146,2,[C][O][C][C][O][C][Branch1][C][O][=N][C][C][C][C][C][C@H1][Branch1][C][O][C][C][=C][Branch1][C][O][C][Branch1][C][O][=C][Branch1][C][O][C][Branch1][C][O][=C][Ring1][=C][C][=Branch1][C][=O][O][C@H1][Branch1][C][O][C][=Branch1][C][=O][O][=C][Ring2][Ring1][Branch2],-0.8637876712456587
468.4630000000003,0.3448000000000022,12,7,210.89,0,0.25752725871530213,7.13914355351511,3,[C][O][C][Branch1][C][O][C][C][=C][Branch1][C][O][C][C][Branch1][C][O][=C][Ring1][N][C][C][Branch1][C][O][=C][Branch1][C][N][C][Branch1][C][O][C][Branch1][C][O][=N][C][C][C][C][=Branch1][C][=O][O][=N][C][C][C][Ring2][Ring1][Branch2][=N][Ring1][Branch1],-0.8643843218592054
519.6200000000003,0.33329000000000336,14,8,198.51999999999998,9,0.11815080287779957,6.056861459194403,1,[C][C@H1][C][C][C][C@H1][Branch1][C][O][C@H1][Branch1][C][O][=N][C][C][C][C][C@H1][Branch1][C][O][=N][C@H1][Branch1][C][O][C][C][C][C][C][C@H1][Branch1][Ring2][C][=N][Ring2][Ring1][Branch1][O][=N][/N][=C][\C][=Branch1][C][=O][O][=N][O],-0.8675718606870544
492.6140000000003,0.3270000000000021,12,7,188.12,9,0.10161995621977556,5.406925639368662,1,[C][C][C][C][C][C@H1][Branch1][C][O][C@H1][Branch1][C][O][=N][C][C][C][C][C][C@@H1][Branch1][C][O][C@H1][Branch1][C][O][C][C][C][C@H1][Branch1][Branch2][C][C][=Branch1][C][=O][O][C][=N][O][C][=Branch1][Branch1][=N][Ring2][Ring1][=Branch1][O][=N][Ring1][N],-0.8693255155486915
484.49800000000033,4.677500000000002,11,4,169.05,7,0.2247386716829435,4.832219492326249,1,[C][C][Branch1][C][C][C][C][C][C][C][C][C@H1][Branch1][C][O][C][=C][Branch1][C][O][C][=C][Branch1][C][O][C][C][Branch1][C][O][=C][Ring1][=Branch2][C][=Branch1][C][=O][O][C][C][=Branch1][C][=O][O][C][=Branch1][C][=O][O][C][Branch1][C][O][=C][Ring2][Ring1][Branch2],-0.8715516324441147
540.5620000000005,4.670100000000003,11,5,189.28,17,0.07426743348774507,4.145383860291391,1,[C][O][C][Branch1][C][O][=C][C][=C][Branch1][C][O][C][Branch1][C][O][=C][Ring1][Branch2][C][C][=Branch1][C][=O][O][C@@H1][Branch1][#Branch1][C][C][=Branch1][C][=O][O][C][C][C][=Branch1][C][=O][O][C][C][C][C][C][C][C][=C][C][Branch1][C][O][=C][Branch1][C][O][C][Ring2][Ring1][Branch2],-0.8718225421357275
502.5570000000004,4.681600000000003,11,3,158.05,16,0.0671458150940062,4.420886700257142,0,[C][C][C][C][C][C][C@H1][Branch1][C][C][O][C][=C][Branch1][C][O][C][=C][Branch1][C][O][C][Branch1][C][O][=C][Ring1][N][C][=Branch1][C][=O][O][C][=Branch1][C][=O][O][C@H1][Branch1][Branch1][C][O][C][C][C][=Branch1][C][=O][O][C][Branch1][C][C][C][Ring2][Ring1][Ring2],-0.8726549848571326
501.5370000000005,0.3167000000000024,10,6,229.20999999999995,5,0.28234240527711474,5.339022314008942,1,[C][C][C][C][C][Branch1][C][O][C][C][C][=Branch1][C][=O][N][=C][Branch1][C][O][C][Branch1][C][O][C][Branch1][C][O][=N][C][C][C][C][C][N][=C][Branch1][C][N][O][C][Branch1][C][O][=N][C][C][=Branch1][C][=O][O][C][Ring2][Ring1][N],-0.873325410071182
495.5250000000004,4.688000000000005,10,8,201.02999999999997,15,0.07256932610762683,3.8627137389026878,1,[C][O][C][Branch1][C][O][=C][C][=C][Branch1][=Branch1][C][=Branch1][C][=O][O][C][C][C][C][=C][Branch1][C][O][C][Branch1][C][O][=C][Branch1][C][O][C][C][C][C][C][C][C][=C][C][Branch1][C][O][=C][Branch1][C][O][C][Branch1][C][O][=N][Ring1][=Branch2][C][=Branch1][C][=O][O],-0.8752457612008204
488.55800000000033,0.31000000000000394,11,6,187.36999999999998,9,0.148866422931768,5.715581620317569,1,[C][C][C@H1][Branch1][C][C][C@H1][Branch1][C][O][C@@][Branch1][C][O][Branch1][C][O][C][C][C][=C][N][Branch1][Ring1][C][O-1][C][C][Branch1][C][O][=N][C][C][=Branch1][C][=O][O][C][=Branch1][=N][=C][Branch1][C][O][C][C][C][C][C][Branch1][C][O][=N][Ring2][Ring1][O],-0.8762988516801772
489.49400000000026,0.3061000000000019,12,7,209.42999999999998,9,0.172274798358674,5.805411382626329,2,[C][O][C][Branch1][C][O][O][=C][Branch1][C][O][C@H1][Branch1][C][O][C][C][C][C][C][C][C@H1][Branch1][Ring1][C][O-1][C][C][C][=C][Branch1][C][O][C][Branch1][C][O][=C][Branch1][C][O][C][Branch1][C][O][=C][Ring1][N][C][=Branch1][C][=O][O][C][Ring2][Ring1][=Branch1],-0.8778115160693659
503.5010000000003,0.30450000000000227,13,6,215.29999999999998,13,0.08638506287629613,5.440250887666578,1,[C][C][C][C][C][C@H1][Branch1][C][O][C][C][=C][Branch1][C][O][C][Branch1][C][O][=C][Branch1][Ring1][O][C][C][=C][Ring1][N][C][=Branch1][C][=O][C@@H1][Branch1][C][O][C@H1][Branch1][Ring1][C][O][C][=Branch1][C][=O][O][C@H1][Branch1][C][O][C][C][=Branch1][C][=O][O][=N][Ring2][Ring1][Branch2],-0.8782279134734892
534.5550000000004,0.30439999999999906,13,7,220.50999999999996,4,0.19074983265542686,5.924001417933851,1,[C][C][C@H1][Branch1][C][O][C@@H1][Branch1][C][C][C][C][C@@H1][Branch1][C][O][=C][C][=C][Branch1][C][O][C][=C][Ring1][Branch2][C][C][=Branch1][C][=O][O][C@H1][Branch1][C][O][C@H1][Branch1][C][O][C][=Branch1][C][=O][O][C][=Branch1][C][=O][O][C][Branch1][C][C][Branch1][C][O][C][C][C][Ring2][Ring1][=N][O],-0.8809549873290922
522.5520000000002,0.2989400000000009,15,8,232.96999999999994,5,0.17937427863167663,5.6370248487460275,1,[C][C][C][C][C][C][C@H1][Branch1][C][O][C@@H1][Branch1][C][O][C@@H1][Branch1][C][O][=N][C][C][C][C][C][C@@H1][Branch1][C][O][C][C@H1][Branch1][C][O][C][=Branch1][C][=O][O][=N][O][C][=Branch1][C][=N][O][C][=Branch1][C][=O][O][C][Ring2][Ring1][N][=N],-0.8815785787960138
488.5100000000004,0.28700000000000203,12,6,219.89999999999998,17,0.07035091009644283,5.389192054492677,0,[C][C][C@@H1][Branch1][C][O][C@H1][Branch1][C][C][C][=Branch1][C][=O][C@@H1][Branch1][C][O][C][/C][=C][\C][=C][Branch1][C][O][C][Branch1][C][O-1][C][Branch1][C][O][=C][Branch1][C][O][C][C][C][C@H1][Branch1][Branch2][C][C][=Branch1][C][=O][O][=N][O][C][Ring2][Ring1][=N][=O],-0.8854982328610252
498.6170000000002,4.715100000000003,9,4,150.4,10,0.2495900524260572,5.1995775975140965,1,[C][C][Branch1][C][C][Branch1][C][C][O][C][C][Branch1][C][O][C][C][C][C][C][C][C][C][C@H1][Branch1][C][O][C][C][C][=N][C][Branch1][C][O][=N][C][=C][Branch1][C][O][C][=C][Ring1][Branch2][O][C][=Branch1][C][=O][O][C][Ring2][Ring1][Ring2],-0.8860443173769595
516.5400000000003,4.713700000000003,12,8,206.59999999999997,18,0.05389872871329164,4.510462559446896,0,[C][O][C][Branch1][C][O][=C][C][Branch1][C][O][=C][C][Branch1][C][O][=C][Branch1][C][O][C][C][C][=Branch1][C][=O][O][C][C@H1][Branch1][C][O][C][C][C][C][C][C][C][=C][Branch1][C][O][C][Branch1][C][O][=C][O][C][Branch1][C][O][=C][Ring1][=Branch2],-0.8860976903253964
505.4770000000004,0.27716999999999975,13,8,242.88999999999996,16,0.012043964502838409,5.287669795462742,0,[C][O][C][Branch1][C][O][=N][C][=C][Branch1][C][O][C][Branch1][C][O][=C][Ring1][Branch1][C][=Branch1][C][=O][O][C@@H1][Branch1][C][O][C@H1][Branch1][C][O][C@H1][Branch1][C][O][C][=Branch1][C][=N][O][C][C][C][C][C][C][C][=C][N][Branch1][C][O][C][Ring2][Ring1][=Branch1][=O],-0.8891994734253952
532.4950000000005,0.2829000000000001,13,7,237.57999999999996,13,0.07299388795939521,4.813013118620283,1,[C][C][C][Branch1][C][O][C][=C][C][Branch1][C][O][=C][Branch1][C][O][C][Branch1][C][O][=C][Ring1][N][C][=Branch1][C][=O][O][C@H1][Branch1][C][C][C@H1][Branch1][Ring1][C][O][C][=Branch1][C][=O][O][C][Branch1][C][O][C][=Branch1][C][=O][O][C][C][C][C][C][C][=Branch1][C][=O][O],-0.8892181316752376
457.5440000000004,0.28660000000000085,9,3,161.07000000000002,12,0.21393166335241023,5.400361742395937,1,[C][C][Branch1][C][C][Branch1][C][C][O][C][C][C][C][=Branch1][C][=O][N][=C][C][Branch1][C][O][C][Branch1][C][O][C][C][=Branch1][Ring2][=N][Ring1][N][C][=Branch1][C][=O][O][C][Branch1][C][O][C][C][C][C][C][C][C][Branch1][C][O-1],-0.8894224965358136
489.43000000000035,0.2746000000000014,14,7,213.69999999999996,7,0.14526962103476665,6.00789140966283,2,[C][O][C][Branch1][C][O][C][C][O][C][C][=C][Branch1][C][O][C][=C][Branch1][C][O][C][Branch1][C][O][=C][Branch1][C][O][C][Branch1][C][O][=C][Ring1][=N][C][C][=Branch1][C][=O][O][C@H1][Branch1][Ring1][C][O][C][C][C][=Branch1][C][=O][O][=N][Ring2][Ring1][Branch2],-0.8904109866797462
511.5280000000003,4.725700000000002,10,5,192.22,7,0.10489089286955455,5.883374065529244,2,[C][C][Branch1][C][C][C][C][C][C][C][C][C@H1][Branch1][C][O][C][=C][C][Branch1][C][O][=C][Branch1][C][O][C][C][C][C][Branch1][C][O][=C][Branch1][Ring2][O][Ring1][Branch2][C][=Branch1][C][=O][O][C][Branch1][C][O][=N][C][Branch1][C][O][=N][C][Ring2][Ring1][Branch2][=N][O],-0.89057849599909
468.4630000000003,0.278000000000001,10,5,201.07999999999996,4,0.1650042946906678,5.041496106856544,1,[C][O][C][Branch1][C][O][=C][C][=C][Branch1][C][O][C][C][C][C][=Branch1][C][=O][N][Branch1][C][C][C][=C][Branch1][C][N][C][C][C][C][=Branch1][C][=O][N][=C][Branch1][Ring1][C][O][C][=Branch1][C][=O][O][C][=Branch1][C][=O][N][Ring2][Ring1][=Branch2],-0.8910352234766027
486.4260000000002,0.2710000000000007,11,6,225.18999999999997,13,0.11685588484632807,4.301002957000533,1,[O][=C][Branch1][C][O][C][C@H1][Branch1][C][O][C][=Branch1][C][=O][O][C][=Branch1][C][=O][C@@H1][Branch1][C][O][C][C][C][C][C][C][C][=C][C][=C][Branch1][C][O][C][Branch1][C][O][=C][Ring1][=Branch2][C][=Branch1][C][=O][O][C][C][=Branch1][C][=O][O][Ring2][Ring1][Branch2],-0.8920132139738736
461.51200000000034,0.27770000000000383,8,7,212.0,17,0.06843169939615235,3.906820510111535,0,[C][C][O][C][C][C@H1][Branch1][C][O][C][C][C][C][=Branch1][C][=O][N][=C][Branch1][C][O][C][Branch1][C][O][=C][Branch1][C][O][C][C][C][C][C][=Branch1][C][=O][N][C@@H1][Branch1][Ring1][C][O][C][=Branch1][C][=O][N][Ring2][Ring1][O],-0.8922466424571164
513.5400000000003,0.26629999999999937,12,4,181.40999999999997,8,0.19853428126769695,6.570924208427798,2,[C][=C][C][C][C][C][Branch1][C][O][C][C][Branch1][C][O][C][C][C][C][Branch1][C][C][=C][Branch1][C][C][Branch1][C][O][=C][Branch1][C][O][C][=Branch1][C][=O][O][C][=Branch1][Ring2][=N][Ring1][N][C][C][=Branch1][C][=O][O][=C][O][C][Branch1][C][O][C][Ring2][Ring1][Branch2][=O],-0.8938902823053848
548.6340000000002,0.2783000000000036,12,9,211.09999999999997,10,0.10208897862109384,6.689536170742136,2,[C][C][C][C][C][C@H1][Branch1][C][O][C@H1][Branch1][C][O][=N][C@H1][Branch1][C][O][C][C][C][C][C][C@@H1][Branch1][C][O][=N][C][C][C][C][C][C@@H1][Branch1][#Branch1][O][C][=Branch1][C][=O][O][=N][O][C][=Branch1][Branch1][=C][O][Ring1][N][=N][C][Ring2][Ring1][Branch2][=O],-0.8939872517122364
504.5370000000003,0.2644700000000022,12,9,237.73999999999998,5,0.13973864058920796,5.968170362984824,1,[C][C][C][C@H1][Branch1][C][O][C@H1][Branch1][C][O][C][Branch1][C][O][=N][C][C][C][C][C@H1][Branch1][C][O][=N][C@H1][Branch1][C][O][C][C][C][C][=Branch1][C][=O][O][C][Branch1][C][O][=N][C][C][Branch1][C][O][=C][O][C][Ring2][Ring1][Branch2][=N][Ring1][=N],-0.8942580379398324
504.4410000000004,0.25869999999999976,14,5,207.73999999999995,14,0.05749785169559203,3.693168524870716,1,[C][O][C][C][C][C][O][C][=C][Branch1][C][O][C][=C][Branch1][C][O][C][Branch1][C][O][=C][Ring1][=Branch2][C][=Branch1][C][=O][O][C][C][Branch1][C][O][=C][Branch1][Ring1][O][C][C@H1][Branch1][C][O][C][=Branch1][C][=O][O][C][C][=Branch1][C][=O][O][C][Ring2][Ring1][O],-0.8965639967810441
563.6490000000002,0.27140000000000347,14,9,234.78999999999996,23,0.01545700330870905,5.24176386108888,0,[C][C][C][C][C][C@H1][Branch1][C][O][C@H1][Branch1][C][O][=N][C][C][C][C][C][C][C@@H1][Branch1][C][O][=N][C][=N][C][Branch1][Branch2][C][C][=Branch1][C][=O][O][=C][Branch1][C][O][C][C][=Branch1][C][=O][O][C][=C][Branch1][C][O][C][Ring2][Ring1][Ring2][=N][=N][O],-0.9004832338272588
543.6580000000001,4.745800000000004,11,3,157.5,18,0.05501880046047365,5.003779754262018,1,[C][C][C][C][C][C][C@H1][Branch1][C][C][O][C][Branch1][C][O][=N][C][C][C][C][C][C@@H1][Branch1][Ring1][C][O][=N][C][Branch1][Branch2][C][C][=Branch1][C][=O][O][O][=N][C][=Branch1][Branch1][=C][O][Ring1][N][C][=Branch1][C][=O][O][C][C][C][C][Ring2][Ring1][=N],-0.9025535475837445
561.5890000000002,0.2627400000000018,14,11,266.99999999999994,22,0.012372856189500004,5.26198738010145,0,[O][=C][Branch1][C][O][C][C@H1][Branch1][C][O][C][C][C][C][C@H1][Branch1][C][O][=N][C][C][C][C][C@H1][Branch1][C][O][=N][O][C][=Branch1][C][=N][O][C][=Branch1][Ring2][=N][Ring1][Branch1][C][=C][O][C][=C][C][=C][Branch1][Ring2][C][N][O][C][=Branch1][C][=O][O],-0.9033415682342968
501.4850000000004,0.23920000000000113,12,6,212.63999999999996,2,0.2217188441460745,6.303575501098688,2,[C][C][C][Branch1][C][O][C][C][C][C][C][Branch1][C][O][C][=C][Branch1][C][O][C][Branch1][C][O][=C][Ring1][N][C][=Branch1][C][=O][O][C][C][=Branch1][C][=O][O][C][Branch1][C][O][C][C][Branch1][C][O][=N][C][C][C][C][=Branch1][C][=O][O][Ring2][Ring1][=N],-0.9043248770768164
534.6030000000004,0.24460000000000132,12,5,196.92999999999995,4,0.30984678691187073,5.927933951685814,1,[C][C][C@@H1][Branch1][C][O][C@@H1][Branch1][C][C][C][Branch1][C][O][=N][C][C][C@H1][Branch1][C][O][C][C][C@@H1][Branch1][C][O][C@H1][Branch1][C][C][C][C][=Branch1][C][=O][O][=C][Branch1][Ring1][O][C][C@H1][Branch1][C][O][C][C][C][=Branch1][C][=O][N][=C][O][C][Ring2][Ring1][=N][O],-0.904810552566668
488.53800000000035,0.23540000000000183,10,6,201.57999999999998,16,0.07556069558817473,4.840238755340013,0,[C][C][Branch1][C][C][Branch1][C][C][C][C][C][=Branch1][C][=O][N][C][=C][N][=C][N][Branch1][C][O][C][C@@H1][Branch1][Ring1][C][O][C][Branch1][C][O][C][C][C][=Branch1][C][=O][O][N][=C][Branch1][Ring1][C][O][C][C][=Branch1][C][=O][O][Ring2][Ring1][Branch1],-0.9061300212309481
522.6360000000003,0.2317600000000013,12,7,204.84999999999997,21,0.02712183776105216,5.430304228644851,0,[C][C][C][C][C@H1][Branch1][C][O][C@@H1][Branch1][C][O][C][C][C][C][C@H1][Branch1][C][C][C@H1][Branch1][C][O][C@H1][Branch1][C][O-1][C@H1][Branch1][C][O][C][C][C][C@@H1][Branch1][C][O][=N][O][C][=Branch1][C][=N][O][C][C][=Branch1][C][=O][O][C@H1][Ring2][Ring1][=N][C],-0.9084247825769611
530.4830000000004,0.23300000000000148,14,7,233.89999999999995,1,0.1365937817440022,6.17812888478093,2,[C][O][C][Branch1][C][O][=N][C][=C][C][=C][Branch1][C][O][C][C][C][Branch1][C][O][=C][Ring1][=Branch2][C][=Branch1][C][=O][O][C][C][C][C][C][C@H1][Branch1][C][O][C][=Branch1][C][=O][C@@H1][Branch1][C][O][C][O][C][=Branch1][C][=O][O][=N][C][Ring2][Ring1][=N][O],-0.9088471230938672
593.5790000000002,0.27400000000000246,15,5,237.16999999999993,13,0.04810288214717283,5.474565023068471,1,[C][O][C][Branch1][C][O][O][=C][C][Branch1][C][O][=C][Ring1][Branch1][C][=Branch1][C][=O][O][C][C][C][C][C][C][C@H1][Branch1][C][O][C][C][=Branch1][C][=O][O][C@@H1][Branch1][C][O][C][C][C][=Branch1][C][=O][O][C][Branch1][C][O][=N][C][C][C][C][=Branch1][C][=O][O][=C][Ring2][Ring1][Branch1],-0.9098572838440094
525.5550000000004,4.773450000000003,12,6,215.13999999999996,18,0.03573815723842889,5.034657212797243,0,[C][O][C][Branch1][C][O][=N][C][=C][C][C][=C][Branch1][C][O][C][C][C][Branch1][C][O][=C][Branch1][C][O][C][C][C][C][=Branch1][C][=O][O][C][Branch1][#Branch1][O][C][C][=Branch1][C][=N][O][C][Branch1][Ring1][C][#N][=C][Branch1][C][O][C][C][C][Ring2][Ring1][Branch2],-0.9108151384885971
502.5170000000002,0.22020000000000267,11,10,237.10999999999999,14,0.08717393377209261,4.91758155091358,1,[C][C][C][C][C][C][C@@H1][Branch1][C][O][C][=C][C][Branch1][C][O][=C][Branch1][C][O][C][Branch1][C][O][=C][Ring1][N][C][=Branch1][C][=O][C@@H1][Branch1][C][O][C@H1][Branch1][C][O][C][C][C][=Branch1][C][=O][N][C@@H1][Branch1][#Branch1][C][C][=Branch1][C][=O][O][=N][O],-0.9119338942905884
531.5830000000003,0.22547000000000078,14,6,218.56999999999996,16,0.05200497236201496,6.322173319812189,1,[C][C][C][C@H1][Branch1][C][O][C@H1][Branch1][C][O][C][/C][=C][\C][Branch1][C][O-1][=N][C@H1][Branch1][C][O][C][C][C][C][C@@H1][Branch1][C][O][C][C][C@H1][Branch1][#Branch1][O][C][=Branch1][C][=N][O][C][=N][O][C][=Branch1][C][=O][O][C][=Ring1][Branch2][N][C][Ring2][Ring1][Branch2],-0.9120020936927719
529.6750000000004,4.778000000000002,10,6,173.42999999999998,9,0.10628222687501682,5.1722721021126485,1,[C][C][C][C][C][C][C@H1][Branch1][C][C][O][C][C@@H1][Branch1][C][O][=N][C][C][C][C][C@H1][Branch1][=Branch1][C][C][C][C][C][N][=C][Branch1][C][O][C][Branch1][C][O][=C][Branch1][C][O][C][C][=Branch1][C][=O][O][C][Ring2][Ring1][N][=N][O],-0.9131308025140766
539.6190000000005,0.22200000000000014,13,7,204.46999999999997,3,0.2400980044961939,5.787657861692901,1,[C][C][C@H1][Branch1][C][C][C@@H1][Branch1][C][O][C@@H1][Branch1][C][O][C@H1][Branch1][C][O][=N][C@H1][Branch1][C][C][C][C][C][C@H1][Branch1][C][O][C][C][C][C@H1][Branch1][C][O][=C][O][C][=Branch1][C][=O][O][C@H1][Branch1][C][O][C][C][C][=Branch1][C][=O][O][C][Ring2][Ring1][=N][O],-0.9146387815110402
530.5230000000003,0.21409999999999907,12,6,209.51,7,0.20595835252995615,5.040163609404949,2,[C][C][O][C][=C][C][Branch1][C][O][=C][Branch1][C][O][C][=C][Ring1][Branch2][C][C@@H1][Branch1][C][O][C@@H1][Branch1][C][O][C@H1][Branch1][C][O][C@H1][Branch1][C][C][C][C][=Branch1][C][=O][O][C@H1][Branch1][Branch2][C][C][C][=Branch1][C][=O][O][C][Branch1][C][O][C][C][=Branch1][C][=O][O][C][Ring2][Ring1][Branch2],-0.9163955607247345
129.159,1.1452,3,0,34.12,4,0.570118171488709,3.8146483858372235,1,[C][C][C@@H1][Branch1][C][C][O][C][C][Branch1][C][O][=N][Ring1][C][C@H1][Branch1][C][O][=N][C][C][C][C][C][C][C][C][C@H1][Branch1][C][O][C][=C][Branch1][C][N][S][C][Branch1][C][O][=N][Ring1][Branch2][C][=Branch1][C][=O][O][C][Branch1][C][O][=N][Ring2][Ring1][S],-0.9185692546150236
533.6190000000003,0.20910000000000117,12,9,221.39999999999995,11,0.12841861041825028,5.627424796000533,1,[C][C][C][C@H1][Branch1][C][O][C@H1][Branch1][C][O][C@H1][Branch1][C][O][=N][C@H1][Branch1][C][O][C][C][C][C][C][C][C@H1][Branch1][C][O][=N][C][=N][C][Branch1][Branch2][C][C][C][=Branch1][C][=O][O][=C][Branch1][C][O][C][C][C][=Branch1][C][=O][O][=C][Ring2][Ring1][Branch2],-0.9188234859013995
490.4620000000003,0.1988800000000001,14,7,228.25999999999996,16,0.029149631841714277,5.233483769601714,0,[C][O][C][Branch1][C][O][=C][C][=C][Branch1][C][O][C][Branch1][C][O][=C][Ring1][=Branch2][C][=Branch1][C][=O][O][C@H1][Branch1][C][O][C][C][C][C][C][C@H1][Branch1][Ring1][C][#N][C@@H1][Branch1][C][O][C@@H1][Branch1][C][O][C][=Branch1][C][=O][O][=N][O][C][Ring1][=Branch1],-0.9206456508776871
515.5120000000003,0.19890000000000163,10,8,234.63999999999996,12,0.12850594372105198,5.156054258112341,1,[C][C][C@H1][Branch1][C][O][C@@H1][Branch1][C][C][C][=Branch1][C][=O][N][=C][Branch1][C][O][C][=C][Branch1][Ring1][O][C][C][C][C][=C][Branch1][C][O][C][Branch1][C][O][=C][Ring1][N][C][=Branch1][C][=O][C@H1][Branch1][Ring1][C][O][C@H1][Branch1][C][O][C@@H1][Branch1][C][O][C][C][=Branch1][C][=O][O],-0.9209626931510302
507.5370000000004,0.19530000000000253,12,6,211.16999999999996,18,0.036655717307324066,4.861078261308208,0,[C][C][O][C][Branch1][C][O][=N][C][C][C][C][C][C@H1][Branch1][C][O][C][=C][N][Branch1][C][O][C][C@@H1][Branch1][Ring1][C][O][N][=C][Branch1][C][O][C][C][=Branch1][C][=O][O][=C][Branch1][C][O][C][C][=Branch1][C][=O][O][C][Ring2][Ring1][Branch2],-0.9220032320312105
518.6080000000003,0.19620000000000387,13,6,198.60999999999999,7,0.15215245308526662,5.876698386461085,1,[C][C][C@H1][Branch1][C][O][C@@H1][Branch1][C][C][C@@H1][Branch1][C][O][C@H1][Branch1][C][O][C][C][C][C@H1][Branch1][C][C][=C][N][Branch1][C][O][C][C][C][C][=Branch1][C][=O][O][C][C][=C][N][Branch1][C][O][C][C][=Branch1][C][=O][O][C][Ring2][Ring1][=Branch1][=N][=N][Ring1][Branch1],-0.9222711862874159
487.50200000000035,0.19419999999999943,12,8,206.23999999999998,3,0.12446627698928708,5.180404958187955,2,[C][C][C@H1][Branch1][C][O][C][C][C][C][C@H1][Branch1][C][O][C@H1][Branch1][C][O][=N][C@H1][Branch1][C][O][C][C][C][C][=Branch1][C][=O][O][C][=C][Branch1][C][O][C][=C][Branch1][C][O][C][Branch1][C][O][=C][Ring1][=Branch2][C][=Branch1][C][=O][O][C][Ring2][Ring1][=N],-0.9226586489141043
389.4250000000002,0.2603900000000002,9,5,157.91,13,0.1691638862951441,4.5544865652152,1,[O][=C][Branch1][C][O][C][C@H1][C][C][C@H1][Branch1][C][O][=N][C][Branch2][Ring1][Ring1][C][Branch1][C][O][C][C][C][C][C][C][C][C][=Branch1][C][=O][O][C][Branch1][C][O][=N][O][Ring2][Ring1][=Branch1][=N][C][Ring2][Ring1][Branch2][O][C][/C][=C][\C][=Branch1][C][=O][O],-0.9227371211975813
505.47300000000024,0.19030000000000136,14,9,243.53999999999996,13,0.11980920873188423,5.221616947204957,1,[C][C][C][C][Branch1][C][O][=C][C][Branch1][C][O][=C][Branch1][C][O][C][C][Branch1][C][O][=C][Ring1][N][C][C][=Branch1][C][=O][O][C@H1][Branch1][Ring1][C][O][C][=Branch1][C][=O][C@@H1][Branch1][C][O][C][C@@H1][Branch1][C][O][C][C][C][=Branch1][C][=O][O][=N][O],-0.9239448410570833
529.4710000000003,0.18199000000000115,13,6,226.57999999999996,9,0.13305975725172603,6.69395318711393,2,[O][=C][Branch1][C][O][C][C@H1][C][C@H1][Branch1][C][O][C@@H1][Branch1][C][O][C][/C][=C][\C][C@H1][Branch1][C][O][C][=Branch1][C][=O][C@H1][Branch1][C][O][C][C][=C][Branch1][C][O][C][Branch1][C][O][=C][Branch1][C][O][C][C][C][=Branch1][C][=O][O][=C][Ring1][=Branch2][C][=Branch1][C][=O][O][Ring2][Ring1][=Branch1],-0.9290755711889098
443.47300000000024,0.18450000000000322,10,6,184.13,5,0.32039841569469774,6.592795853986062,2,[C][C][C@H1][Branch1][C][O][C][C][C][C][C][C@H1][Branch1][C][O][=N][C][C][=C][Branch1][C][O][C][Branch1][C][O][=C][Ring1][=Branch2][C][C][C][=Branch1][C][=O][O][C][Branch1][C][O-1][C][Branch1][C][O][C][Branch1][C][O][=N][Ring2][Ring1][Branch2],-0.9330742987115213
485.5340000000003,4.834070000000002,10,8,205.14999999999998,4,0.2561056847884347,5.244650215027794,1,[C][C][C][C][C][C][C@H1][Branch1][C][C][O][C][=C][Branch1][C][O][C][Branch1][C][O][=C][Branch1][C][O][C][C][C][C][Branch1][C][O][=C][Branch1][C][O][C][C][N][=C][Branch1][C][O][N][C][=Branch1][C][=O][O][C][Ring2][Ring1][N][=N],-0.934076176234038
519.5000000000005,0.1590000000000013,12,8,232.54,14,0.06617172039174443,5.177460612467215,1,[C][O][C][Branch1][C][O][C][O][=C][Branch1][C][O][C][C][=C][Branch1][C][O][C][C][C][=C][Branch1][C][O][C][C][C][=Branch1][C][=O][O][=C][Branch1][C][O][C][=Branch1][Branch1][=C][Ring1][N][O][C][=Branch1][C][=O][N][C][C][C][C][=Branch1][C][=O][O],-0.9372118010353899
527.5270000000003,0.15707000000000093,13,8,231.44999999999996,3,0.18107805758593853,5.854723372647115,2,[C][O][C][=C][C][Branch1][C][O][=C][C][Branch1][C][O][=C][Ring1][#Branch1][C][C@@H1][Branch1][C][O][C@H1][Branch1][C][O][C][C][=Branch1][C][=O][O][C][C][=Branch1][C][=O][C@@H1][Branch1][C][O][C][C][C][C][C@H1][Branch1][C][O][=N][C][Branch1][C][O][=N][C][C][Ring2][Ring1][Branch2][=N],-0.9387876759416899
466.5920000000002,0.15090000000000225,9,7,186.25999999999996,16,0.07190218580748516,5.327394095595522,0,[C][C][Branch1][C][C][Branch1][C][C][O][C][C][Branch1][C][O][C][Branch1][C][O-1][C][Branch1][C][O][C][Branch1][C][C][C][C][C][Branch1][C][C][C][C][Branch1][C][O][C][C][Branch1][C][O][C][Branch1][Ring1][C][O][C][C][Branch1][C][O][=N][O],-0.9420125834913239
525.6470000000005,4.851550000000004,10,4,190.16999999999996,9,0.3068666437647433,5.699908534169802,1,[C][C][Branch1][C][C][C][C][C][C][C][C][C][C@H1][Branch1][C][O][C@@H1][Branch1][C][O][N][=C][Branch1][C][O][C][C@@H1][Branch1][Branch1][C][O][C][C][C][C][C][C@H1][Branch1][Ring1][C][#N][O][N][=N][C][=Branch1][C][=O][O][C][Ring2][Ring1][N][=N],-0.9420175469894406
447.4370000000003,0.15840000000000248,11,6,206.07,14,0.06946313979642856,4.594656937373573,0,[C][C][Branch1][C][O][C][C][Branch1][C][C][O][C][C][C][=C][C][Branch1][C][O][=C][Branch1][C][O][C][Branch1][C][O][=C][Ring1][N][C][C][=Branch1][C][=O][O][C][C][=Branch1][C][=O][O][C][Branch1][C][O][C][=Branch1][C][=O][N][Ring2][Ring1][Ring2],-0.9425210689825443
519.5200000000002,0.1438000000000032,13,8,237.49999999999994,8,0.12109873764643883,5.576399417155611,1,[C][C][C][C][C][C@H1][Branch1][C][O][C@@H1][Branch1][C][O][C@@][Branch1][C][O][Branch1][C][O][C][C][C][C][=Branch1][C][=O][O][C@H1][Branch1][Ring1][C][O-1][C][=Branch1][C][=O][O][C][=C][Branch1][C][O][C][Branch1][C][O][=C][Branch1][C][O][C][Branch1][C][O][=C][Ring1][N][C][C][Ring2][Ring1][Branch2],-0.9432882231852561
513.4960000000003,0.1382999999999993,12,5,200.35999999999996,6,0.18296378050765857,6.013968485699946,2,[C][C][C][Branch1][C][O][C][C][C][C][C][=Branch1][C][=O][N][C][=C][C][=C][Branch1][C][O][C][Branch1][C][O][=C][Ring1][=Branch2][C][C][C][=Branch1][C][=O][O][C][Branch1][C][O][C][C][=Branch1][C][=O][O][C][Branch1][C][O][C][Branch1][C][O][C][Ring2][Ring1][Ring2][=O],-0.9450655376554584
524.5670000000005,4.860000000000003,10,5,195.54,18,0.0313927855947242,3.9712036468283802,0,[C][C][C][C][C][C][C][C][C][Branch1][C][O][=N][C][=C][Branch1][C][O][C][=C][Branch1][C][O][C][C][=C][Ring1][Branch2][C][=Branch1][C][=O][O][C][C][=Branch1][C][=O][O][C][Branch1][Branch2][C][C][C][=Branch1][C][=O][O][=N][C][=Branch1][Branch1][=C][Ring2][Ring1][Branch2][O],-0.9452778162826008
549.6380000000003,0.14329000000000164,13,7,221.58999999999997,21,0.02536824320207165,5.430831983456228,0,[C][C@H1][C][C][C][C@H1][Branch1][C][O][C@H1][Branch1][C][O][=C][C][C@H1][Branch1][C][O][C@H1][Branch1][C][O][C][=Branch1][C][=O][O][C@H1][Branch1][C][O][C][C][C][=C][N][=C][Branch1][Branch1][O][C][C][C][C][C][C@@H1][Branch1][C][O][C][=Branch1][C][=O][O][=N][Ring1][N],-0.9478970661585565
501.5090000000004,0.13020000000000365,10,7,221.43,14,0.0556844461832919,4.9901645581468665,1,[C][O][C][Branch1][C][O][C][O][=C][C][Branch1][C][O][=C][Branch1][C][O][C][Branch1][C][O][=C][Ring1][N][C][C][=Branch1][C][=O][N][C][C][C][Branch1][=Branch1][C][=Branch1][C][=O][O][C][Branch1][C][O-1][C][Branch1][C][O][=N][C][C][C][C][C][=C][Ring2][Ring1][=Branch1],-0.9479248043616103
269.473,4.577900000000003,2,1,29.1,14,0.3693209231022545,3.2169631336588544,0,[C][C][C][C][C][C][C][C][C][C@H1][Branch1][C][C][C@H1][Branch1][=Branch1][C][C][C][N][C][=Branch1][C][=O][O][C][=C][Branch1][C][O][C][Branch1][C][O][=C][Branch1][C][O][C][=Branch1][Ring2][=N][Ring1][N][C][=N][O][C][C][=Branch1][C][=O][O],-0.9504723754618026
501.5290000000004,0.11990000000000234,11,6,192.07999999999998,2,0.2815768183984141,5.284762134239886,2,[C][C][C][C][C][C@H1][Branch1][C][O][C][C@H1][Branch1][C][O][=C][Branch1][C][O][C][C][C][C][=Branch1][C][=O][O][C][C][=C][Branch1][C][O][C][Branch1][C][O][=C][Ring1][N][C][=Branch1][C][=O][N][C][C][=Branch1][C][=O][O][=C][O][C][Ring2][Ring1][S],-0.9520449112116499
517.5760000000004,0.12037000000000342,11,6,222.04999999999995,10,0.16855570589740945,5.242810891274928,1,[C][C][C][C][C][C][C][C][C][C][C][C@H1][Branch1][=Branch1][C][=Branch1][C][=O][O][C@H1][Branch1][C][O][=C][Branch1][C][N][C][O][C][=Branch1][C][=N][N][=C][Branch1][Ring1][C][O][C][=Branch1][C][=O][O][C@H1][Branch1][Ring1][C][O][C][=Branch1][C][=O][O][Ring2][Ring1][N],-0.9525008624709992
514.6120000000003,4.883600000000005,10,4,159.82,15,0.10254580247418327,4.702847860682915,1,[C][C][C][C][C][C][C][C][C][C][C][C@H1][Branch1][C][O][C][C@@H1][Branch1][C][O][C@@H1][Branch1][=N][C][C][C][C][=Branch1][C][=O][O][=C][Branch1][C][O][C][=C][Branch1][C][O][C][Branch1][C][O][=C][Ring1][=Branch2][C][=Branch1][C][=O][O][C][Ring2][Ring1][#Branch1][=O],-0.9538877689623679
492.60600000000034,0.11349000000000138,10,6,187.80999999999997,21,0.09477922304563632,5.064959620481177,0,[C][C][C@H1][Branch1][C][C][C][Branch1][C][O][C][C][C@H1][Branch1][C][O][C@@H1][Branch1][C][O][C@H1][Branch1][C][O-1][C][C][C][C][=Branch1][C][=O][O][C][C@H1][Branch1][C][O][C][C][=Branch1][C][=O][C@H1][Branch1][C][O][C][C][C][C][C@H1][Branch1][C][O],-0.954718535360029
505.5690000000003,0.11160000000000447,14,5,209.53999999999996,4,0.3223733380122592,5.744243865009116,1,[C][C][C@@H1][Branch1][C][O][C@@H1][Branch1][C][C][C@@H1][Branch1][C][O][C][C][C][C][C@H1][Branch1][C][C][=C][Branch1][C][N][=N][C][C][Branch1][C][N][=N][O][C][C][=Branch1][C][=O][O][C][C@@H1][Branch1][Ring1][C][O][O][C][=Branch1][C][=O][O][=N][Ring2][Ring1][N],-0.9554249236041504
537.5150000000003,0.11689999999999989,15,8,241.76999999999995,19,0.035842387835696266,5.29534282474929,0,[C][O][C][=C][Branch1][C][O][C][=C][Branch1][C][O][C][Branch1][C][O][=C][Ring1][Branch2][C][C][=Branch1][C][=O][O][C@H1][Branch1][C][O][C@H1][Branch1][C][O][C][C][C][=Branch1][C][=O][C][C][C][C@H1][Branch1][C][O][C][C][=Branch1][C][=O][O][=N][O][C][Branch1][C][O][C][Ring2][Ring1][=Branch1],-0.9561882651967657
469.44300000000027,0.11349999999999977,11,7,206.98999999999998,6,0.27714986049804535,5.725961680775029,2,[C][C][Branch1][C][C][C@H1][Branch1][C][O][C][/C][=C][/C][=C][O][C][Branch1][C][O][=C][Branch1][C][O][C][Branch1][C][O][=C][Ring1][N][C][=Branch1][C][=O][C@H1][Branch1][#Branch1][C][C][=Branch1][C][=O][O][=N][C@H1][Branch1][Ring1][C][O][C][=Branch1][C][=O][O][C][Ring2][Ring1][Branch2],-0.9565542749870496
500.4810000000004,0.09626000000000096,13,4,197.49999999999994,7,0.20911761361568565,6.712440823641357,2,[O][=C][Branch1][C][O][C][C@@H1][C][C][C][C][C][C@H1][Branch1][C][O][=N][C][C][=Branch1][Branch1][=C][O][Ring1][Branch1][C][=N][O][C][=Branch1][C][=O][C][C@@H1][Branch1][C][O][C][O][C][=Branch1][C][=N][O][C][C][=Branch1][C][=O][O][C][Ring2][Ring1][#Branch2],-0.9614964812520114
508.5410000000004,0.09600000000000058,13,4,204.46999999999997,19,0.02678345876017129,5.26154735550956,0,[C][C][C@H1][Branch1][C][O][C@@H1][Branch1][C][C][O][C][=Branch1][C][=O][O][=C][Branch1][C][O][C][C@H1][Branch1][C][O][C][/C][Branch1][C][O-1][=N][C][C][C][C][C][C@H1][Branch1][C][C][C@@H1][Branch1][C][O][C][C][=Branch1][C][=O][O][O][C][Ring2][Ring1][N][=O],-0.9617517115784092
269.34499999999997,0.3864999999999998,5,5,111.10000000000001,4,0.5066707071106045,5.37722179420325,1,[C][C][C][C@H1][Branch1][C][C][C@H1][Branch1][C][O][C][/C][=C][\C][=C][Branch1][C][N][=N][C][Branch1][C][O][C][Branch1][C][O][=N][Ring1][N][=N][C][C][=Branch1][C][=O][O][C][Branch1][Branch2][C][C][C][=Branch1][C][=O][O][=C][Branch1][C][O][C][C][=Branch1][C][=O][O][C][Ring2][Ring1][=N],-0.9630722071059885
450.58000000000015,4.899780000000003,6,4,151.01999999999998,15,0.15817329280184636,4.111075128000611,1,[C][C][Branch1][C][C][Branch1][C][C][O][C][C][C][C][Branch1][C][O][=N][C][C][C][C][C][C][C][Branch1][C][O][=N][C][C][C][C][C][Branch1][Ring1][C][#N][=C][Branch1][C][O][C][Branch1][C][O][=N][Ring1][=Branch2][C][=Branch1][C][=O][O],-0.9649872503530824
424.5340000000003,4.883700000000003,7,5,135.29,12,0.1710069634889348,5.021561023274045,1,[C][C][C][C][C][C@H1][Branch1][C][O][C@H1][Branch1][C][C][C][=C][Branch1][C][O][C][C][Branch1][C][O][=C][Branch1][C][O][C][Branch1][C][O][=C][Ring1][N][C][=Branch1][C][=O][C@@H1][Branch1][=Branch1][C][C][C][C][C][=Branch1][C][=O][O][=N][C@H1][Branch1][C][C][C][=Branch1][C][=O][O],-0.9653520492670029
552.6660000000003,0.0821000000000019,14,8,203.58999999999995,24,0.034628949556118394,5.798871791062648,1,[C][C][C@H1][Branch1][C][C][C@H1][Branch1][C][O][C@H1][Branch1][C][O][C@@H1][Branch1][C][O][=N][C@H1][Branch1][C][C][C][C][C][C@@H1][Branch1][C][O][C][C][C][C@H1][Branch1][C][O][C][C][C][C@H1][Branch1][#Branch1][O][=N][O][C][=Branch1][C][=O][O][=C][O][C][Ring2][Ring1][N][=N][=N][Ring1][Branch1],-0.9728788700675941
515.5600000000004,0.06860000000000144,13,8,213.05999999999997,9,0.05464384101432806,5.317231235337429,2,[C][C][C][C][C@H1][Branch1][C][O][=N][C][C][C][C@H1][Branch1][C][O][=N][C@@H1][Branch1][C][N][=C][Branch1][Ring1][C][O][C][C][=Branch1][C][=O][O][C][C][C][=C][Branch1][C][O][C][=C][Branch1][C][O][C][Branch1][C][O][=C][Ring1][=Branch2][C][=Branch1][C][=O][O][Ring2][Ring1][=Branch2],-0.9730577619031663
484.59000000000026,4.943070000000003,9,5,161.89,7,0.25048738588912084,5.03382013959906,1,[C][C][Branch1][C][C][C][C][C][C][C][C][C@H1][Branch1][C][O][C][C][C@H1][Branch1][C][O][=C][C][Branch1][C][O][=C][Branch1][C][O][C][C][=Branch1][Ring2][=N][Ring1][Branch1][C][=C][O][C][C][C][=Branch1][C][=O][O][C][Branch1][C][O][=N][Ring2][Ring1][Branch2],-0.9777138826793872
499.5170000000003,0.054580000000002515,13,5,214.14999999999995,9,0.16162848902427498,5.378417931417848,1,[C][O][C][Branch1][C][O][C][C][C][C][C][C][C][Branch1][C][C][=C][Branch1][C][O][C][Branch1][C][C][=C][Branch1][C][N][C][Branch1][C][O][N][=C][Branch1][Ring1][C][#N][O][C][C][=Branch1][C][=O][O][C@H1][Branch1][Ring1][C][O][C][=Branch1][C][=O][O][Ring2][Ring1][Branch2],-0.9781684769915652
498.4170000000003,0.052400000000002334,12,7,238.85999999999996,3,0.25485396138035393,6.628750202712133,2,[C][O][C][C][O][C][Branch1][C][O][=N][C][=C][C][Branch1][C][O][=C][Branch1][C][O][C][C][C][=C][Ring1][S][C][=Branch1][C][=O][O][C][Branch1][C][O-1][C][Branch1][C][O][C][=C][Branch1][C][O][C][Branch1][C][O][=C][Ring1][S][C][C][=Branch1][C][=O][O],-0.9790451190604028
503.5450000000003,4.962000000000003,11,4,173.57,11,0.07486179147837185,4.5977772076221175,1,[C][C][Branch1][C][C][Branch1][C][C][O][C][Branch1][C][C][C][C][C][C][C][Branch1][C][O][C][C][Branch1][C][C][=C][Branch1][C][O][C][Branch1][C][O][=C][Ring1][=Branch2][O][C][=Branch1][C][=O][O][C][Branch1][C][O][=N][C][C][C][C][=Branch1][C][=O][O][O][Ring2][Ring1][Branch1],-0.9848255216534565
522.6390000000002,4.961780000000004,9,6,183.82999999999998,9,0.10533170306713573,5.346158483081236,1,[C][C][C][C][C][C@H1][Branch1][C][O][C][C][Branch1][C][O][=N][C][C][C][C][C][C][C][C][C@H1][Branch1][Ring1][C][#N][C@H1][Branch1][C][O][C][C][=C][Branch1][C][O][C][Branch1][C][O][=C][Ring1][=Branch2][C][=Branch1][C][=O][O][C][Branch1][C][O][=C][Ring2][Ring1][Branch2],-0.9857524132499007
490.37000000000035,0.017800000000002203,14,6,235.80999999999995,5,0.12884266610447925,6.256073412990055,2,[C][O][C][Branch1][C][O][C][O][=C][C][=C][Branch1][C][O][C][C][C][C][Branch1][C][O][=C][Branch1][C][O][C][Branch1][C][O][=C][Ring1][=C][C][=Branch1][C][=O][O][C][=Branch1][C][=O][C@H1][Branch1][#Branch1][O][C][=Branch1][C][=O][O][C][=Branch1][C][=O][O][C][Ring2][Ring1][Branch2],-0.993066786273712
513.5400000000002,0.014200000000000879,12,6,206.06999999999996,14,0.07862035364460278,5.076679033071425,1,[C][=C][C][=C][Branch1][C][N][C][=C][C][Branch1][C][O][C][C][Branch1][C][O][=C][Ring1][Branch2][C][C][=Branch1][C][=O][O][C][C][Branch1][C][C][C][C][Branch1][C][O][C][=Branch1][C][=O][O][=C][Branch1][C][O][C][Branch1][C][O][C][C][C][=Branch1][C][=O][O][C][Ring2][Ring1][Branch2],-0.9946886893898007
355.36300000000017,0.12049000000000015,7,4,141.35999999999999,8,0.2732345885452171,4.885300404063254,1,[O][=C][Branch1][C][O][C][C@H1][C][C][C][C][C@H1][Branch1][C][O][C][=Branch1][C][=O][C][C@H1][Branch1][C][O][=C][Branch1][C][O][C][=C][Branch1][Branch2][C][=Branch1][C][=O][O][C][=C][Ring1][N][C][=Branch1][C][=O][O][C][=Branch1][C][=O][O][C][C][Ring2][Ring1][N][=N],-0.9947915869628169
507.5610000000003,0.012930000000001662,13,8,223.73999999999995,21,0.02568252677027873,4.924667800781891,0,[O][=C][Branch1][C][O][C][C@H1][C][C][C][C][C][C@H1][Branch1][C][O][=N][C@@H1][Branch1][Ring1][C][O][C][C@H1][Branch1][C][O][=N][O][C][=Branch1][C][=N][O][C][=Branch1][Ring2][=N][Ring1][Branch1][C][O][C][C][C][C][=Branch1][C][=O][O][C][Ring2][Ring1][=Branch1],-0.9949429252313917
534.5110000000005,0.018199999999998606,13,7,229.73999999999998,18,0.056967941333577354,4.265979394150721,1,[C][O][C][Branch1][C][O][C][C][O][C][C][=C][C][Branch1][C][O][=C][Branch1][C][O][C][Branch1][C][O][=C][Ring1][=Branch2][C][C][=Branch1][C][=O][O][C][Branch1][C][O][C][=Branch1][C][=O][O][C][Branch1][Ring1][C][O][C][C][C][C][C][C][=Branch1][C][=O][O],-0.9951165936130305
501.5130000000003,0.01039000000000223,11,7,223.08999999999997,7,0.13969764347678162,5.936719631822707,1,[C][C][Branch1][C][C][C@@H1][N][=C][Branch1][C][O][C@@H1][Branch1][C][O][C][C][=C][N][=C][Branch1][C][O][C][C@H1][Branch1][Ring1][C][O][N][=C][Branch1][C][O][C][C][=Branch1][C][=O][O][C][C][C@@H1][Branch1][Ring1][C][O][C][=Branch1][C][=O][O][=N][Ring2][Ring1][Branch2],-0.995848597434368
491.49000000000035,0.009000000000001507,12,6,201.30999999999997,14,0.10809209749047516,4.748058289062186,1,[C][C][C][C][C][C][O][C][=C][Branch1][C][O][C][Branch1][C][O][=C][Ring1][=Branch2][C@H1][Branch1][C][O][C@H1][Branch1][C][O][C][=Branch1][C][=O][O][C][C][C][=Branch1][C][=O][O][C@H1][Branch1][C][O][C][C][C][=Branch1][C][=O][N][O][C][Ring2][Ring1][Branch2],-0.9965453529067297
297.415,4.776690000000004,4,2,66.75999999999999,12,0.17882050674330172,4.300642237910234,0,[C][C][C@H1][C][C][C][C@H1][Branch1][C][C][O][C][=C][Branch1][C][O][C][Branch1][C][O][=C][Branch1][Branch1][C][C][C][C][=Branch1][C][=O][O][C@H1][Branch1][#Branch1][O][C][Branch1][C][N][=O][C][C][C][=Branch1][C][=N][O][C][=Branch1][Ring2][=N][Ring1][Ring2][C][Branch1][C][C][=C][N][C][Ring2][Ring1][Branch2][O],-0.9967414438438902
514.5480000000003,4.995800000000004,10,7,212.55999999999997,15,0.05075515936238466,4.9791871034595845,0,[C][O][C][Branch1][C][O][=N][C][=C][C][=C][Branch1][C][O][C][C][C][C][Branch1][C][O][=C][Branch1][C][O][C][C][C][C][Branch1][C][O][=C][Branch1][C][C][C][Branch1][#Branch1][O][C][=Branch1][C][=O][O][=C][Branch1][C][O][C][Branch1][C][O-1][C][C][C][Ring2][Ring1][N],-0.9987439109281232
494.58200000000033,-0.0025999999999976042,11,7,187.04,20,0.03951230803418748,5.172413382104169,0,[C][C][C@H1][Branch1][C][O][C@@H1][Branch1][C][C][O][C][C][C][C@H1][Branch1][C][O][=N][C@H1][Branch1][C][O][C@@H1][Branch1][C][C][/C][=C][\C][C@H1][Branch1][#Branch1][C][C][=Branch1][C][=O][O][O][=N][C@H1][Branch1][C][O][C][=Branch1][C][=O][O][C][C][Ring2][Ring1][Branch2],-1.0010986467356742
514.5320000000004,-0.0031999999999963724,11,6,233.91999999999996,8,0.1861082802694412,6.439345608883943,2,[C][C][C][C][C][C@H1][Branch1][C][O][C][C][Branch1][C][O][=N][C][C][C][C@H1][Branch1][C][N][=C][Branch1][C][O][C][Branch1][C][O][=N][O][C][=Branch1][Ring2][=N][Ring1][N][C][=Branch1][C][=O][C][C@@H1][Branch1][Branch2][C][C][C][=Branch1][C][=O][O][O][C][Ring2][Ring1][N][=O],-1.001701729306682
521.5160000000004,-0.005699999999998595,14,7,221.53999999999996,16,0.0806617665352736,5.195130054086491,1,[C][O][C][Branch1][C][O][C][O][=C][C][=C][Branch1][C][O][C][Branch1][C][O][=C][Ring1][=Branch2][C][C][=Branch1][C][=O][O][C@H1][Branch1][C][C][C][C][C][C@H1][Branch1][C][O][C][=Branch1][C][=O][C@@H1][Branch1][C][O][C][C][C][C][=Branch1][C][=O][O][=N][O][Ring2][Ring1][Branch2],-1.0032033450023972
525.6030000000003,5.012980000000004,8,5,209.90999999999997,17,0.04302873179662949,4.005470821238128,0,[C][C][Branch1][C][C][C][C][C][C][Branch1][C][O][=N][C][Branch1][C][O][=N][C][C][C][C][C][C][Branch1][C][O][=N][C][C][C][C][Branch1][C][O][=N][C][Branch1][Ring1][C][#N][=C][Branch1][C][O][C][O][C][=Branch1][C][=O][O][=C][Ring2][Ring1][#C],-1.0064954104714057
472.4230000000003,-0.01630999999999927,11,6,209.14999999999998,8,0.15641413944650753,6.190078167317652,2,[O][=C][Branch1][C][O][C][C@H1][C][C][C][C][C][C@@H1][Branch1][C][O][=C][Branch1][C][O][C][=C][Branch1][C][O][C][Branch1][C][O][=C][Ring1][=Branch2][C][=Branch1][C][=O][O][C][=Branch1][C][=O][O][C][C@H1][Branch1][Ring1][C][O][C][=Branch1][C][=O][N][Ring2][Ring1][Branch2],-1.0080339906431726
548.6340000000004,-0.020699999999996666,12,9,222.42999999999995,13,0.10912870865938873,5.74694252734837,1,[C][C][C][C][C][C@H1][Branch1][C][O][C@H1][Branch1][C][O][=N][C@H1][Branch1][C][O][C][C][C][C][C][C@@H1][Branch1][C][O][=N][C][C][Branch1][C][O][=N][C][C][C][C][=Branch1][C][=O][O][=N][C][Branch1][Branch2][O][C][C][=Branch1][C][=O][O][=C][Ring2][Ring1][Branch2],-1.0129608196885
473.49500000000023,-0.04129999999999878,11,6,197.03999999999996,5,0.23130322770136436,5.631805637827698,2,[C][C][C][C][C][Branch1][C][O][C][C][C][Branch1][C][O][C][C][C][Branch1][C][O-1][C][C][Branch1][C][C][=C][Branch1][C][O][C][Branch1][C][O][=C][Ring1][O][C][C][=Branch1][C][=O][O][C][Branch1][C][O][Branch1][C][O][C][C][=Branch1][C][=O][O][Ring2][Ring1][#Branch2],-1.0179012577357387
547.5140000000002,-0.03909999999999769,13,7,234.92999999999995,16,0.0335810172105528,4.775226639102214,1,[C][O][C][Branch1][C][O][=C][C][=C][Branch1][C][O][C][Branch1][C][O][=C][Ring1][Branch2][C][=Branch1][C][=O][O][C@H1][Branch1][C][O][C][C][C][C][=Branch1][C][=O][N][C][Branch1][C][O][=N][C][C][C][C][C][=Branch1][C][=O][N][O][=C][Branch1][C][O][C][O][C][Ring2][Ring1][Branch2],-1.020075943439506
342.43600000000015,0.06879999999999997,6,4,133.21,12,0.22524423677850233,5.257243276976792,0,[C][=C][C][Branch1][C][O][C@@H1][Branch1][C][C][C][=Branch1][C][=O][N][=C][C][C@H1][Branch1][C][N][=C][Branch1][C][O][C@H1][Branch1][Ring1][C][O][C@@H1][Branch1][Ring2][C][C][C][=Branch1][C][=O][O][C@H1][Branch1][C][C][C@@H1][Branch1][C][O][C][=Branch1][C][=O][N][C@H1][Branch1][C][C][C][=Branch1][C][=O][O],-1.0222636679369954
551.5420000000005,-0.04439999999999922,15,6,219.76999999999995,15,0.05165474035279452,5.771279526503061,1,[C][O][C][Branch1][C][O][C][O][=C][C][Branch1][C][O][=C][C][Branch1][C][O][=C][Ring1][Branch2][C][C][=Branch1][C][=O][O][C@H1][Branch1][C][O][C][O][C][=Branch1][C][=O][C][C][C][C][C][C][C@H1][Branch1][C][C][C@@H1][Branch1][C][O][C][=Branch1][C][=O][O][=N][O][Ring1][N],-1.022967120026836
504.4890000000004,-0.05769999999999981,14,8,218.70999999999998,4,0.1428779842253511,5.8850217550970205,1,[C][O][C][Branch1][C][O][=C][C][=C][Branch1][C][O][C][Branch1][C][O][=C][Ring1][=Branch2][C][C@@H1][Branch1][C][O][C@@H1][Branch1][C][O][C][=Branch1][C][=O][O][C@H1][Branch1][C][O][C][C][C][C][C][=C][N][Branch1][C][O][C][C][=Branch1][C][=O][O][=N][C][Ring2][Ring1][Branch2],-1.0231193922920234
564.5610000000004,-0.0387099999999983,13,8,260.93999999999994,20,0.04175152128023343,4.888650705086004,0,[C][C][C][C][C@H1][Branch1][C][O][C@@][Branch1][C][O][C][=C][Branch1][C][O][C][C][=Branch1][C][=O][O][C][Branch1][C][O][=N][C@H1][Branch1][Ring1][C][O][C][=Branch1][C][=O][C@H1][Branch1][C][O][C][C][C][=Branch1][C][=O][O][C@H1][Branch1][Ring1][C][O][C][C][C][C][=Branch1][C][=O][O][Ring2][Ring1][O],-1.0236602195748348
493.5100000000004,-0.06589999999999596,13,6,211.61999999999998,5,0.2189177990441844,5.777085150225932,1,[C][C][C@H1][Branch1][C][O][C@H1][Branch1][C][C][O][C@H1][Branch1][C][C][C@@H1][Branch1][C][O][=N][C][/C][=C][Branch1][C][O][C][C][N][=C][Branch1][C][O][O][C][C][C][C@H1][Branch1][#Branch1][C][=Branch1][C][=O][O][=N][O][C][=Branch1][C][=O][O][Ring2][Ring1][#Branch2],-1.0264420733777413
560.6210000000004,-0.058839999999995285,13,7,230.94999999999993,13,0.08898575554752655,5.78902989382544,1,[O][=C][Branch1][C][O][C][C@H1][C][C][/C][=C][/C][C][C@H1][Branch1][C][O][C@H1][Branch1][C][O][=N][C@H1][Branch1][=Branch1][C][C][C][C][N][=C][Branch1][Branch2][C][C][=Branch1][C][=O][O][C][=Branch1][C][=O][O][C][C][C][=Branch1][C][=O][O][=C][O][C][Ring2][Ring1][N][=N][Ring1][Branch1],-1.0306917899449846
186.25099999999998,0.4497899999999999,3,1,60.36,7,0.6276408841954658,4.402408093647816,0,[C][C@@H1][C][C][C@H1][Branch1][C][O][C][C][C][=Branch1][C][=O][C@@H1][Branch1][C][C][O-1][C][=C][Branch1][C][O][C][=C][Branch1][C][O][C][Branch1][C][O][=C][Ring1][N][C][=Branch1][C][=O][O][C@H1][Branch1][Branch2][C][C][C][=Branch1][C][=O][O][C][=Branch1][C][=O][O][C@H1][Ring2][Ring1][N],-1.0326139196524518
512.5520000000005,5.088100000000003,10,4,169.04999999999998,8,0.2523065509965028,4.91158037922527,2,[C][C][C][C][C][C][C][C][C][C][O][C][=C][Branch1][C][O][C][=C][Branch1][C][O][C][Branch1][C][O][=C][Ring1][N][C][=Branch1][C][=O][O][C@H1][Branch1][#Branch1][O][C][=Branch1][C][=O][O][C][C][=Branch1][C][=O][O][C][C][C][C][Ring2][Ring1][N],-1.0355443343556097
512.5680000000003,-0.09209999999999546,13,9,245.14999999999995,0,0.15316933993896037,6.526723136448603,3,[C][C][C][C][Branch1][C][O][=C][C][Branch1][C][O][=C][Ring1][Branch2][C][Branch1][C][O][N][C][Branch1][C][N][=N][C][C][C][C][C][C][C][N][=C][Branch1][C][N][N][C][Branch1][C][O][C][Branch1][C][O][=N][C][C][Branch1][C][O][=N][O][Ring2][Ring1][S],-1.0371446399109414
533.5310000000003,-0.08909999999999618,12,6,226.02999999999997,9,0.2132828842766086,5.927602203808259,1,[C][C][C@@H1][Branch1][C][O][C@@H1][Branch1][C][C][O][C][/C][=C][/N][=C][Branch1][C][O][C][C][N][=C][Branch1][C][O][C][C@@H1][Branch1][C][O][C][C@@H1][Branch1][Ring2][O][C][=Branch1][C][=O][O][C][C@H1][Branch1][#Branch1][C][C][=Branch1][C][=O][O][=N][O][C][Ring2][Ring1][N][=O],-1.0378090004639569
501.4890000000004,-0.09489999999999899,10,8,252.79,15,0.0483186937226532,5.179378269144173,0,[C][O][C][Branch1][C][O][=N][C][=C][C][=C][Branch1][C][O][C][C][Branch1][C][O][=C][Ring1][N][C][=Branch1][C][=O][C@H1][Branch1][C][O][C@H1][Branch1][C][O][C][C][C][C][=Branch1][C][=O][N][=C][Branch1][C][O][C][Branch1][C][O][C][C][C][=Branch1][C][=O][N][Ring2][Ring1][Branch2],-1.0379642720652764
492.52200000000033,-0.0989299999999988,12,8,221.29999999999995,5,0.2357160330277662,5.3320504762150795,1,[C][C][C][C@H1][Branch1][C][O][C@H1][Branch1][C][O][C@@H1][Branch1][C][O][=N][C][C][C][C][C@H1][Branch1][C][O][=C][Branch1][C][O][C][C][C][=Branch1][C][=O][O][C][Branch1][C][O][=C][Branch1][C][O][C][C][C][=Branch1][C][=O][O][C][Ring2][Ring1][Branch2][=N],-1.039679578100868
523.5760000000005,-0.11659999999999887,13,7,223.63999999999996,21,0.01988727581499833,4.9229823099905765,0,[C][C][C][C][C@H1][Branch1][C][O][=C][C][C@H1][Branch1][C][O][C@H1][Branch1][C][O][C][C@H1][Branch1][C][O][C][=Branch1][C][=O][O][=C][Branch1][C][O][C][C][=Branch1][C][=O][C@H1][Branch1][C][O][C][C][C][C][C][C][=Branch1][C][=O][O][C][Ring2][Ring1][Branch2][=N][O],-1.0477015799854457
533.5790000000002,-0.12312999999999763,15,7,230.75999999999996,11,0.04598741393409161,6.034314816294302,1,[C][C][O][C][C][C][C@H1][Branch1][C][O][C@H1][Branch1][C][O][C@H1][Branch1][C][O][=N][C][C][C][C][C][C@@H1][Branch1][C][O][C][C][=Branch1][C][=N][O][C][=N][O][C][=Branch1][C][=O][O][C][C][=C][O][C][Ring2][Ring1][Ring2][=N][=N][Ring1][Branch2],-1.0513990472071
455.4360000000003,-0.12049999999999961,11,5,186.04,13,0.2330533220824932,5.1719275659322665,2,[C][O][C][Branch1][C][O][=C][C][=C][Branch1][C][O][C][Branch1][C][O][=C][Ring1][Branch2][C][C][C][Branch1][C][O][C][C@@H1][Branch1][C][O][C][=Branch1][C][=O][C@@H1][Branch1][C][O][C][C][C][C][C][=Branch1][C][=O][O][C][=Ring1][Branch1][C][O-1][C][C][C][C][C@H1][Branch1][C][O],-1.051982433495921
369.5020000000001,5.058400000000004,5,4,102.51,9,0.19686165411783932,4.767276730390751,1,[C][C][C][C][C][C@H1][Branch1][C][O][C][C][Branch1][C][O][=N][C][C][C][C][C][C@@H1][Branch1][C][C][=C][C][Branch1][C][O][=C][Branch1][#Branch1][O][C][Branch1][C][O][=C][Ring1][O][C][=Branch1][C][=O][O][C][=Branch1][C][=O][O][C@H1][Branch1][Ring1][C][O][C][Ring2][Ring1][=Branch1],-1.0561177025388804
504.4890000000003,-0.14909999999999712,13,8,249.65999999999994,16,0.03402855321956997,4.874538070633008,0,[C][C][C][Branch1][C][O][N][=C][C][C][C][C][C@H1][Branch1][C][O][C][=C][Branch1][C][N][C][Branch1][C][O][=C][Branch1][C][O][C][Branch1][C][O][=C][Ring1][N][C][=Branch1][C][=O][O][C][C][=Branch1][C][=O][O][C@H1][Branch1][Ring1][C][O][C][=Branch1][C][=O][O],-1.059678033217636
580.5800000000003,-0.12279999999999941,14,8,257.80999999999995,22,0.02727605206773467,4.845210176799104,0,[C][C][C][Branch1][C][O][C][O][C][Branch1][C][O][=C][C][Branch1][C][O][=C][Ring1][Ring1][C][C][=Branch1][C][=O][O][C][C][Branch1][C][O][C][Branch1][C][O][C][=Branch1][C][=O][C][Branch1][C][O][C][C][C][C][C][=Branch1][C][=O][O][=C][Branch1][C][O][C][C][C][C][=Branch1][C][=O][O],-1.0614260784435248
512.5570000000002,-0.1591999999999963,14,9,223.82,22,0.022952316990547374,5.2546076611800405,0,[C][C][C][C@H1][Branch1][C][O][C@H1][Branch1][C][O][C@H1][Branch1][C][O][=N][O][C][C][C][C][C][C][C@H1][Branch1][C][O][=N][O][C][Branch1][C][O][=N][C][C][C][C][=Branch1][C][=O][O][=N][O][C][=Branch1][Branch2][=C][O][Ring1][Branch2][O],-1.0639764355454477
549.6140000000004,-0.1538999999999982,12,8,215.46999999999997,21,0.040483267108754516,5.181167221065018,1,[C][C][C][C@H1][Branch1][C][O][C@H1][Branch1][C][O][C@H1][Branch1][C][O][=N][C][C][C][C][C][C@H1][Branch1][C][O][C][=C][Branch1][Ring2][O][Ring1][Branch1][C][=Ring1][Branch1][C][=C][O][C][C][=Branch1][C][=O][O][C][C@@H1][Branch1][C][O][=C][Branch1][C][O][C][C][C][=Branch1][C][=O][O],-1.0661875208348666
520.4840000000004,-0.17129999999999873,13,8,240.73999999999995,13,0.0893083703810536,5.626521046298475,1,[C][O][C][Branch1][C][O][O][=C][C][Branch1][C][O][=C][Ring1][Branch2][C][C][Branch1][C][O][C][C][C][=Branch1][C][=O][C][Branch1][C][O][C][C][=C][Branch1][C][O][C][Branch1][C][O][=C][Ring1][=N][C][=Branch1][C][=O][O][C][Branch1][C][O][C][C][C][C][=Branch1][C][=O][O],-1.0693050862237583
511.5850000000004,-0.1753999999999989,12,6,206.26999999999998,20,0.05447854852495704,4.790858069610688,0,[C][C][C][C@H1][Branch1][C][O][C@@H1][Branch1][C][O][C][C][C][C][C@H1][Branch1][C][O][C@H1][Branch1][C][O][C][C][C][C][C][C@H1][Branch1][C][O][=C][Branch1][C][O][C][C][=Branch1][C][=O][O][O][C][=Branch1][C][=O][O][C][=Ring1][Branch1][C][O-1],-1.0704107970774581
493.5980000000004,-0.17699999999999788,11,8,193.32999999999998,7,0.17318574737357553,5.680218686274149,1,[C][C][C@H1][Branch1][C][O][C@H1][Branch1][C][C][O][C@H1][Branch1][C][O][=N][C][C][C][C][C@@H1][Branch1][C][O][=N][C][C][C][C][C@H1][Branch1][Ring1][C][O][=C][Branch1][C][O][C][C][C][=Branch1][C][=O][O][C][Branch1][C][O][=N][Ring2][Ring1][Branch2],-1.070876548634808
520.6240000000004,-0.18269999999999775,13,7,185.56999999999996,5,0.23748402959658357,6.314795284291039,2,[C][C][C][C@H1][Branch1][C][C][C@H1][Branch1][C][O][C@H1][Branch1][C][O][=N][C][C][C][C][C][C@H1][Branch1][C][O][C][C][C][C][C@H1][Branch1][C][O][=C][Branch1][C][O][C][C][=Branch1][C][=O][O][=C][O][C][=Branch1][Ring2][=N][Ring1][Branch2][=N][O][N][Ring2][Ring1][O],-1.073872470968503
519.5680000000002,-0.18919999999999715,13,5,210.75999999999996,15,0.10865163311840251,6.124673788745132,1,[C][C][C][C@H1][Branch1][C][C][O][C@@H1][Branch1][C][O][C][C][C][C@H1][Branch1][C][O][C][C][C][C][C@H1][Branch1][C][O-1][C][C@H1][Branch1][C][O][C][=N][O][C][=Branch1][Ring2][=N][Ring1][N][C][=Branch1][C][=O][C][C@@H1][Branch1][C][O][C][=Branch1][C][=O][O][O],-1.0763916986376278
535.5910000000003,-0.20202999999999743,13,8,231.44999999999996,5,0.16885505403940973,5.697946958986062,1,[C][C][C][C][C][C][C@H1][Branch1][C][C][C@H1][Branch1][C][O][C@H1][Branch1][C][O][=N][C@H1][Branch1][C][O][C][C][C][C][C@H1][Branch1][C][O][=C][Branch1][C][O][C][=Branch1][C][=O][O][C][Branch1][C][O][=N][C][C][=Branch1][C][=O][O][=C][O][C][Ring2][Ring1][=N][=N][Ring1][Branch1],-1.0831534777989673
508.5240000000004,5.213770000000003,11,6,199.19,2,0.2688268258014425,5.886640233361412,2,[C][C][C][C][C][C][C][C][C][Branch1][C][O][=C][Branch1][C][O][C][Branch1][C][O][=C][Ring1][N][C][=C][Branch1][C][O][C][=Branch1][Ring2][=N][Ring1][Branch2][C][C][C][C][=Branch1][C][=O][O][C][Branch1][C][O][=N][C][C][Branch1][C][O][=C][O][C][Ring2][Ring1][Branch2][=O],-1.0856418619268524
557.6210000000001,-0.2092099999999978,14,7,222.35,2,0.14219900398582233,6.8247929251920745,2,[C][C@@H1][C][C][C][C@H1][Branch1][C][O][C@H1][Branch1][C][O][C][C][C@H1][Branch1][C][O][=N][C][C][C][C@@H1][Branch1][C][O][=C][Branch1][Ring1][O][C][C@H1][Branch1][C][O][C][C][=Branch1][C][=O][O][C][=C][O][C][=Branch1][Ring2][=N][Ring1][Branch1][C][=C][O][C][Ring2][Ring2][Ring1][=N][=N],-1.0897943523527722
474.4630000000003,-0.23490000000000016,11,6,215.76999999999995,9,0.23972673139616177,5.530937199244274,1,[C][C][Branch1][C][C][C@H1][Branch1][C][O][C][C][=Branch1][C][=O][C@@H1][Branch1][C][O][N][=C][O][C][Branch1][C][O][C][C][C][=C][Branch1][C][O][C][C][=Branch1][Ring2][=N][Ring1][N][O][C][=Branch1][C][=O][C][C@H1][Branch1][C][O][C][C][=Branch1][C][=O][O],-1.095151603695123
522.5950000000005,5.246370000000004,10,5,183.39999999999995,18,0.07383594283300093,4.3747673422717295,1,[C][C][C][C][C][Branch1][C][O][=C][C][Branch1][C][O][=C][Branch1][C][O][C][C][=Branch1][Ring2][=N][Ring1][Branch1][C][=C][O][C][=Branch1][Ring2][=N][Ring1][Branch1][C][=C][Branch1][Ring2][C][C][C][C][C][=Branch1][C][=O][O][C][C@H1][Branch1][C][C][Branch1][C][O][C][C][=Branch1][C][=O][O],-1.0994770777073999
475.4910000000002,-0.26439999999999886,12,7,206.57,12,0.14441389816898947,6.0744751822224075,1,[C][C][C@H1][Branch1][C][O][C@H1][Branch1][C][C][C][=Branch1][C][=O][C@H1][Branch1][C][O][C@@H1][Branch1][C][O][C][=C][Branch1][C][O][C][C][C][C@H1][Branch1][C][O][C][C][C][=Branch1][C][=O][O][=C][Branch1][C][O][C][Branch1][C][O][=C][O][C][Ring2][Ring1][Branch2][=N][Ring1][N],-1.1068459431754714
477.46300000000014,-0.2691999999999978,12,9,226.46999999999997,11,0.17524549683604382,5.05751625149961,1,[C][O][C][C][C][C][C][Branch1][C][O][=C][Branch1][C][O][C][=C][Branch1][C][O][C][Branch1][C][O][=C][Ring1][N][C][C][=Branch1][C][=O][C@@H1][Branch1][C][O][C@H1][Branch1][C][O][C@@H1][Branch1][Ring1][C][O][N][C][=Branch1][C][=O][O][C][Branch1][C][C][O],-1.1085967020860192
530.5670000000005,5.267300000000004,11,4,178.28,9,0.22447079122682498,4.559401015452496,1,[O][=C][Branch1][C][O][C][C][C][C][C][C][C][C][C@H1][Branch1][Ring1][C][O][C][=C][Branch1][C][O][C][Branch1][C][O][=C][Ring1][=Branch2][O][C][=Branch1][C][=O][O][C][C][C][C][C][C][=Branch1][C][=O][O][=C][O][C][Branch1][C][O][=C][Ring2][Ring1][Branch2],-1.1086068971263003
499.4770000000003,-0.2838999999999993,15,6,219.26999999999998,3,0.31603813417918153,6.386460853490657,3,[C][O][C][=C][C][Branch1][C][O][=C][C][Branch1][C][O][=C][Ring1][Branch2][C][C@H1][Branch1][C][O][C@H1][Branch1][C][O][C@H1][Branch1][C][O][C][C][C][C][C@H1][Branch1][C][O][=C][Branch1][C][N][N][=N][O][C][C][=Branch1][C][=O][O][=N][C][Ring2][Ring1][=Branch1][=N][Ring1][=N],-1.1135604912693335
476.3870000000003,-0.3030999999999993,13,8,240.73999999999995,9,0.12099080673595108,5.528925926034725,1,[C][O][C][Branch1][C][O][=C][C][Branch1][C][O][C][=C][Branch1][C][O][C][C][C][=Branch1][C][=O][O][C][Branch1][C][O][C][=C][Branch1][C][O][C][Branch1][C][O][=C][Ring1][=N][C][=Branch1][C][=O][O][C@H1][Branch1][C][O][C][C][C][=Branch1][C][=O][O],-1.1222341256065953
316.42199999999997,-0.15300999999999715,6,6,131.33,11,0.23198875169765082,5.022140473102571,1,[C][C@H1][C][C][C][C@H1][Branch1][C][O][C@H1][Branch1][C][O][=N][C][C][C][C][C][C@H1][Branch1][C][N][=C][Branch1][C][O][C][Branch1][C][O][=N][Ring1][Branch2][O][C][=Branch1][C][=O][O][C][C][C][=Branch1][C][=O][O][C][C@@H1][Branch1][Branch2][C][C][C][=Branch1][C][=O][O][=N][Ring2][Ring1][Branch2],-1.122923620711577
472.3990000000003,-0.31429999999999997,12,6,217.34999999999997,2,0.1849807104474127,4.517600733523525,2,[O][=C][Branch1][C][O][C][C][C][C][C][C][C][C][=C][C][Branch1][C][O][=C][Branch1][C][O][C][Branch1][C][O][=C][Ring1][=Branch2][C][=Branch1][C][=O][O][C][C][=Branch1][C][=O][O][C][Branch1][C][O][C][Branch1][C][O][C][=Branch1][C][=O][O][Ring2][Ring1][=N],-1.1270726592389684
564.6330000000004,-0.3089299999999966,13,9,243.47999999999996,6,0.18820841911668512,5.877417583630549,1,[C][C][C][C@H1][Branch1][C][O][C@H1][Branch1][C][O][C][C][C][C@H1][Branch1][C][O][=N][C@H1][Branch1][C][O][C][C][C][C][C][C@H1][Branch1][C][O][=N][C][Branch1][C][O][=N][C][=Branch1][C][=N][O][C][C][C][=Branch1][C][=O][O][=C][Branch1][C][C][O][C][Ring2][Ring1][=N][=O],-1.1309835268207922
504.4410000000004,-0.32979999999999876,13,6,218.73999999999995,9,0.13454176671816978,5.382408538705299,1,[O][=C][Branch1][C][O][C][C@H1][Branch1][C][O][C@@H1][Branch1][C][O][C][=Branch1][C][=O][O][C][=C][C][=Branch1][Branch1][=C][Ring1][=Branch1][O][O][C][C][=C][C][Branch1][C][O][=C][Branch1][=Branch1][O][C][C][O][C][C][C][=Branch1][C][=O][O][=C][Branch1][C][O][C][Ring2][Ring1][Branch2],-1.1319548472991312
434.57800000000026,-0.3184999999999964,10,7,152.47000000000003,18,0.05022484865099041,5.569635706220783,1,[C][C][C][C][C][C@H1][Branch1][C][O][C@H1][Branch1][C][O][=N][C@H1][Branch1][C][C][O][=N][C@H1][Branch1][C][C][/C][=C][\C][C][C@H1][Branch1][C][O][=N][C@H1][Branch1][Ring1][C][O][C@@H1][Branch1][Ring2][C][O][=N][Ring1][Branch1][C][=Branch1][C][=O][O][C][C][=Branch1][C][=O][O],-1.1349673617932792
523.6200000000005,-0.3454999999999982,12,7,195.23999999999998,3,0.2380417042010527,5.58158960147703,1,[C][C][C@H1][Branch1][C][O][C@@H1][Branch1][C][C][C@@H1][Branch1][C][O][C@H1][Branch1][C][O][=N][C@H1][Branch1][C][C][C][C][C][C@@H1][Branch1][C][O][C][C][C][C][C][C@@H1][Branch1][C][O][=C][Branch1][C][O][C][=Branch1][C][=O][O][C][C][=Branch1][C][=O][O][C][Ring2][Ring1][N][O],-1.1391799057216547
519.5480000000003,-0.3886999999999952,13,7,230.45999999999995,7,0.1291740377288795,6.00345519805747,1,[C][C][C@H1][Branch1][C][O][C@H1][Branch1][C][C][C][=Branch1][C][=O][C@@H1][Branch1][C][O][C@@H1][Branch1][C][O][C][C][C][=C][N][=C][Branch1][C][O][C][C][C][C][C@H1][Branch1][C][N][=N][O][C][=Branch1][C][=O][C][C@@H1][Branch1][Ring1][O][O][C][=Branch1][C][=O][O][Ring2][Ring1][Branch2],-1.1561412230415433
565.6370000000003,-0.3734099999999971,14,8,224.33999999999995,24,0.03234387065759341,5.250173939816678,0,[C][C@@H1][C][C][C@H1][Branch1][C][O][=N][C@H1][Branch1][C][C][C@H1][Branch1][C][O][=N][C][C][C][C][C][C@@H1][Branch1][C][O][C][=Branch1][C][=O][C@@H1][Branch1][C][O][C][C][C][=Branch1][C][=O][O][C][=C][Branch1][C][O][C][C][=Branch1][C][=O][O][=C][O][C][Ring2][Ring1][=N][O],-1.15683640484383
519.5480000000002,-0.41539999999999533,14,8,225.77999999999997,9,0.14323982671234406,6.006036829743023,1,[C][O][C][Branch1][C][O][C][O][=C][C][Branch1][C][O][C][=C][Branch1][C][O][C][C][C][C][C][=Branch1][C][=O][C][C@H1][Branch1][C][O][C][=C][Branch1][C][O][C][Branch1][C][N][=N][C][O][=N][C][C][=Branch1][Branch1][=C][O][Ring1][=Branch1][O][C][Ring2][Ring1][=Branch1],-1.1668151708029837
473.43100000000027,-0.43069999999999986,12,5,198.14999999999998,15,0.07250110127780417,3.974576628856113,1,[C][O][C][=C][C][Branch1][C][O][=C][C][Branch1][C][O][=C][Ring1][Branch2][C][C][=Branch1][C][=O][O][C@H1][Branch1][C][O][C][C][C][=Branch1][C][=O][O][C][C@H1][Branch1][C][O][C][C][C][C][=Branch1][C][=O][N][O][C][Ring1][=N][=O][C][Branch1][C][O][=C][Ring2][Ring1][Branch2],-1.1734837218487524
493.56500000000034,-0.44469999999999604,13,6,192.24999999999997,2,0.29356463287861556,7.175727075786053,3,[C][C][C][C@H1][Branch1][C][C][C][C@@H1][Branch1][C][O][=N][C@@][Branch1][C][O][C][C][=N][C][=Branch1][Branch1][=C][Ring1][N][=N][C][=Branch1][C][=O][C][C][N][=C][Branch1][Ring2][O][Ring1][Branch1][C][=N][N][C][C][C][C][C][=Branch1][C][=O][O][N][Ring2][Ring1][#Branch2],-1.1779503093509491
534.6510000000003,-0.454899999999993,12,8,216.18999999999997,9,0.10712628731907002,5.522213138816714,1,[C][C][C][C][C][C@H1][Branch1][C][O][C@H1][Branch1][C][O][=N][C][C][C][C][C][C@H1][Branch1][C][O][=N][C@H1][Branch1][Ring2][C][C][N][=C][Branch1][C][O][C][C][=Branch1][C][=O][O][C][Branch1][C][O][=N][C][C][C][=Branch1][C][=O][O][=C][Ring2][Ring1][O],-1.1839899529995994
499.5170000000003,-0.47159999999999674,11,8,224.39,12,0.104151625763244,4.578582489845678,2,[C][O][C][=C][Branch1][C][O][C][=C][Branch1][C][O][C][Branch1][C][O][=C][Ring1][=Branch2][C][=Branch1][C][=O][O][C][C@H1][Branch1][Ring1][C][O][C][C][C][=Branch1][C][=O][N][C][C@H1][Branch1][=Branch1][C][C][C][C][N][=C][Branch1][C][O][C][Branch1][C][O][=N][Ring1][=Branch2],-1.1886403925308937
502.56100000000026,-0.49049999999999816,11,6,195.20999999999998,8,0.18610364042604413,5.699936657432392,1,[C][C][C][Branch1][C][O][C@@H1][Branch1][C][C][C][=Branch1][C][=O][O][C@H1][Branch1][C][O][C][C][C][C][C@H1][Branch1][C][O][C][=C][N][=C][Branch1][Ring1][C][O][N][C][=Branch1][C][=O][C@H1][Branch1][C][O][C][C][C][=Branch1][C][=O][O][C@@H1][Ring2][Ring1][Branch1][C],-1.1962109658768383
419.42700000000013,-0.46799999999999936,10,7,189.5,3,0.17882366823821563,5.445115877587168,1,[C][O][C][Branch1][C][O][C][=C][C][Branch1][C][O][=C][Ring1][Branch2][C][Branch1][C][O][C][Branch1][C][O][C][C][C][C][C][C][C@H1][Branch1][C][O][C][=Branch1][C][=O][O][=C][Branch1][C][O][C][Branch1][C][O][=N][Ring2][Ring1][Branch1][O][=N][C][Ring1][Branch2],-1.1980867553378594
521.6080000000005,-0.49829999999999613,13,6,188.4,17,0.06240203841563393,5.350642955617149,1,[C][C][C][C][C][C][C][C][O][C][=N][C][Branch2][Ring1][Branch2][C][Branch1][C][O][C][Branch1][C][O][C][O][C][C][Branch1][C][O][C][C][C][=Branch1][C][=O][O][C][Branch1][C][O][=N][C][C][C][=Branch1][C][=O][O][=C][Ring2][Ring1][Branch2][NH1][Ring2][Ring1][Branch2],-1.2000983647418224
536.5750000000003,-0.5186299999999984,13,8,236.15999999999994,9,0.08021322685287935,5.61243020731811,1,[C][C][Branch1][C][C][C][C@H1][Branch1][C][O][C@@H1][Branch1][C][O][C@@H1][Branch1][C][O][=N][C][C][C][C][C][C][C@@H1][Branch1][C][O][C@@H1][Branch1][#Branch1][C][C][=Branch1][C][=N][O][O][C][=Branch1][C][=O][O][C][C][C][=Branch1][C][=O][O][=C][Branch1][C][O][C][Ring2][Ring1][Branch2][=O],-1.2096657616068989
542.6300000000003,5.546200000000005,10,4,175.23000000000002,8,0.13167552275279157,5.866874140862381,2,[C][C][C][Branch1][C][O][=N][C@H1][Branch2][Ring2][=Branch2][O][C][Branch1][C][O][=N][C][C][C][C][C][C][C][C][C][C][C][C][C][C@H1][Branch1][C][C][Branch1][C][O][=N][Ring1][=C][O][C][=Branch1][C][=O][O][C][=C][Branch1][C][O][C][Branch1][C][O][=N][Ring2][Ring1][N],-1.2214592821703083
187.17099999999996,-0.12929999999999992,5,1,74.89,5,0.6497225425537427,3.671212826931903,1,[C][O][C][C][O][C][Branch1][C][O][=C][C][Branch1][C][O][=C][Ring1][Branch1][C][O-1][C][C][C@H1][Branch1][C][O][C][=Branch1][C][=O][O][C][C][C][=Branch1][C][=O][O][C][C@H1][Branch1][C][O][C][C][C][C][C@H1][Branch1][Ring1][C][#N],-1.2237495214969443
522.6400000000003,-0.5616299999999932,13,8,216.67999999999995,24,0.015213073601308611,5.227212009451646,0,[C][C][C][C][C][C@H1][Branch1][C][O][C@@H1][Branch1][C][O][=N][C][C][C][C@H1][Branch1][C][O][=N][C][C][C@H1][Branch1][C][N][=C][Branch1][C][O][O][C][=Branch1][Ring2][=N][Ring1][N][C][=Branch1][C][=O][C@@H1][Branch1][#Branch1][C][C][C][C][=Branch1][C][=O][O][O][C][Ring2][Ring1][=N],-1.22548880023605
475.5110000000003,-0.5615999999999988,11,8,211.2,10,0.14809060742690716,5.34810099059465,1,[C][C][Branch1][C][C][C][C][Branch1][C][O][C][Branch1][C][O][C][Branch1][C][O][C][C][Branch1][C][O][C][=C][C][Branch1][C][O][=C][Branch1][C][O][C][Branch1][C][O][=C][Ring1][N][C][=Branch1][C][=O][O][C][Branch1][C][O-1][C][Branch1][C][O][C][Branch1][C][C][C][C],-1.2256190166948286
511.5680000000004,5.598470000000003,10,7,197.82999999999996,9,0.15097741317602528,4.926492513792107,1,[C][C][Branch1][C][C][C][C][C][C][C][C][C@H1][Branch1][C][O][C][=C][C][Branch1][C][O][=C][Branch1][C][O][C][C][C][=Branch1][Ring2][=N][Ring1][N][C][=C][Branch1][C][O][C][C][=Branch1][C][=O][O][C][Branch1][#Branch1][O][C][=Branch1][C][=O][O][=C][Branch1][C][O][C][Ring2][Ring1][Branch2],-1.239603924259682
532.5910000000002,-0.6160999999999976,13,7,215.24999999999997,13,0.09011699485377672,6.77589205157413,2,[C][C][Branch1][C][C][C][C@@H1][Branch1][C][O][O][C][C][C][C@H1][Branch1][C][O][=N][C][C][C][C][C@H1][Branch1][C][O][C][C][C@@H1][Branch1][Ring1][C][O][=C][Branch1][C][O][C][=Branch1][Ring2][=N][Ring1][Branch2][N][=C][O][C][Branch1][C][O][=N][O][C][Ring2][Ring1][Ring2][=O],-1.2481431675589134
533.5270000000005,-0.6268999999999996,13,8,232.53999999999996,18,0.038649810910930955,4.528112009535336,1,[C][O][C][Branch1][C][O][C][C][=C][C][Branch1][C][O][=C][Branch1][C][O][C][Branch1][C][O][=C][Ring1][=Branch2][C][C][=Branch1][C][=O][O][C@H1][Branch1][C][O][C][C][C][=Branch1][C][=O][C@H1][Branch1][C][O][C][C][C][C][C][C][=Branch1][C][=O][N][O][C][Ring2][Ring1][=N][O],-1.2525561131206857
494.53400000000033,-0.6326999999999985,12,7,211.27999999999997,18,0.04170815986173896,4.6562691478273734,0,[C][C][C][C][C][C@H1][Branch1][C][O][C][C][C][C@H1][Branch1][C][O][=C][Branch1][C][O][C][Branch1][C][O][=C][Ring1][N][C][=Branch1][C][=O][C@H1][Branch1][C][O][C@H1][Branch1][C][O][C][=Branch1][C][=O][O][C@H1][Branch1][C][O][C][C][C][=Branch1][C][=O][O][=C][Ring2][Ring1][=N],-1.2531276850441053
507.48900000000043,-0.6715999999999998,13,7,225.02999999999994,3,0.08277515996654027,5.7393946162816185,1,[C][O][C][Branch1][C][O][=N][C][=C][C][Branch1][C][O][=C][Branch1][C][O][C][C][C@H1][Branch1][C][O][C@H1][Branch1][C][C][C@H1][Branch1][C][O][C][C][C@H1][Branch1][C][O][=C][Branch1][C][O][C][=Branch1][C][=O][O][C][C][=Branch1][C][=O][O][=C][O][C][Ring2][Ring1][Branch2],-1.2687284146278115
490.5540000000003,-0.6784499999999989,13,8,217.60999999999996,2,0.22582212822581638,5.860680224735687,1,[C][C][C@H1][Branch1][C][O][C@@H1][Branch1][C][C][O][C][C@H1][Branch1][C][O][=N][C@H1][Branch1][C][O][C][C][C][C@@H1][Branch1][C][O][C][C][C][C][C@H1][Branch1][Ring1][C][#N][C@H1][Branch1][C][O][=N][O][C][=Branch1][C][=N][O][C][Ring2][Ring1][N][=O],-1.2715203545614198
490.50200000000024,-0.6794999999999982,12,7,211.27999999999997,4,0.14837873669257406,5.606199911054424,1,[C][O][C][C][Branch1][C][O][=C][C][Branch1][C][O][=C][Ring1][Branch2][C][Branch1][C][O][C][Branch1][C][O][C][C][C][C][C][=Branch1][C][=O][C@H1][Branch1][C][C][C][C@@H1][Branch1][C][O][C][=Branch1][C][=O][C@@H1][Branch1][C][O][C][C][=Branch1][C][=O][O][C][Ring2][Ring1][Branch2][O],-1.2719418571680068
517.5040000000004,-0.7101999999999988,12,7,234.33999999999995,14,0.09183691744696569,4.86722704235231,1,[C][C][C][Branch1][C][O][C][=C][C][=C][Branch1][C][O][C][Branch1][C][O][=C][Ring1][Branch2][C][=Branch1][C][=O][O][C][Branch1][C][O-1][C][Branch1][C][O][C][Branch1][C][O][C][C][C][C][=Branch1][C][=O][O][C][Branch1][C][C][C][Branch1][C][O][C][Branch1][C][C][C][=Branch1][C][=O][O][Ring2][Ring1][=Branch2],-1.2845571246402392
474.41500000000025,-0.7258,11,8,239.34999999999997,14,0.09434795616085076,4.058835516149305,1,[O][=C][Branch1][C][O][C][C][C@H1][Branch1][C][O][C][=Branch1][C][=O][C@@H1][Branch1][C][O][C][C][=Branch1][C][=O][O][C][C][C@H1][Branch1][C][O][C][C][C][=C][Branch1][C][O][C][=C][Branch1][C][O][C][Branch1][C][O][=C][Ring1][=Branch2][C][=Branch1][C][=O][O][Ring2][Ring1][=Branch2],-1.2913342213772543
534.5110000000004,-0.7247999999999981,14,5,215.57999999999996,5,0.09668529908805955,5.565324977608716,1,[C][O][C][Branch1][C][O][C][O][=C][C][Branch1][C][O][=C][C][=C][Ring1][#Branch1][C][C][=Branch1][C][=O][O][C@H1][Branch1][C][C][C@H1][Branch1][C][O][C][=Branch1][C][=O][C@@H1][Branch1][C][O][C][=Branch1][C][=O][O][C@@H1][Branch1][C][O][C][C][C][C][C][C][=Branch1][C][=O][O][Ring2][Ring1][N],-1.2917653203597
473.38700000000017,-0.7315999999999985,11,7,240.70999999999995,9,0.09460656281981852,5.771435450992525,1,[O][=C][Branch1][C][O][C][C@@H1][C][/C][=C][/C][=Branch1][C][=O][N][=C][Branch1][C][O][C][C][=C][Branch1][C][O][C][Branch1][C][O][=C][Ring1][S][C][C@H1][Branch1][C][O][C@@H1][Branch1][C][O][C][=Branch1][C][=O][O][O][=C][Branch1][C][O][C][Ring2][Ring1][=Branch1][=O],-1.2937353580527968
555.6180000000004,-0.7669999999999986,14,9,235.69999999999993,22,0.03453301362238804,5.186829342540827,0,[C][C][C@H1][Branch1][C][O][C@H1][Branch1][C][C][C@H1][Branch1][C][O][C@H1][Branch1][C][O][=N][C@H1][Branch1][C][O][C][C][C][C][C@H1][Branch1][C][O][=C][Branch1][C][O][C][C][C][=Branch1][C][=O][O][C][=C][Branch1][C][O][C][C][C][=Branch1][C][=O][O][=C][O][C][Ring2][Ring1][=N][O],-1.3115257098875337
505.5170000000002,-0.781399999999999,13,7,212.30999999999995,2,0.18139891548373846,5.796353863417462,1,[C][C][=C][Branch1][C][O][C][/C][=C][/C@@H1][Branch1][C][O][C@H1][Branch1][C][O][C][C][C][=Branch1][C][=O][O][C][C][C@H1][Branch1][C][O][C][C][C][=Branch1][C][=O][C@H1][Branch1][C][C][C@@H1][Branch1][C][O][C@H1][Branch1][C][O][C][=Branch1][C][=O][O][=N][O][Ring2][Ring1][=N],-1.3126063776913468
504.4890000000003,-0.7819999999999965,14,8,216.49999999999994,11,0.09835804759552495,6.045590767843124,1,[C][C][C@H1][Branch1][C][O][C@@H1][Branch1][C][C][O][C][/C][=C][\C][=C][Branch1][C][O][C][=C][Branch1][C][O][N][C][C@H1][Branch1][C][O][C][C][=Branch1][C][=O][O][C][C@@H1][Branch1][C][O][C][=Branch1][C][=O][O][=N][C][Branch1][C][O][=C][O][Ring1][#C],-1.3128306990941354
463.46000000000026,-0.8023399999999983,12,6,204.92999999999998,14,0.0617864869326836,4.795050780162256,0,[C][C][Branch1][C][C][C@H1][C][O][C][=Branch1][C][=O][C@H1][Branch1][C][O][C][Branch1][C][O][C][=C][Branch1][C][O][C][C][=Branch1][Ring2][=N][Ring1][N][O][C][=Branch1][C][=O][C][O][C][C@H1][Branch1][Ring1][C][O][N][C][=Branch1][C][=O][O][C][Ring2][Ring1][Branch2],-1.3229560092822428
501.5810000000004,-0.8358299999999939,11,8,223.29999999999995,12,0.07162063084020319,5.686547794778172,2,[C][C@@H1][Branch1][C][O][C][C][C][C][C][C][C][C@H1][Branch1][C][O][=N][C][=N][C][Branch2][Ring1][Branch1][C][Branch1][C][O][C][O][C][C][C][C][N][=C][Branch1][C][N][C][Branch1][C][O][=N][Ring1][Branch2][C][=Branch1][C][=O][O][=C][Ring2][Ring1][N][O],-1.334335746530083
518.5600000000004,-0.8408999999999969,12,8,218.59999999999997,7,0.15273819796311405,5.755420546347023,2,[C][C][C@H1][Branch1][C][O][C@H1][Branch1][C][C][C@H1][Branch1][C][O][C@H1][Branch1][C][O][=N][C][C][C][C][Branch1][C][O][=N][C][C][C][C][C][C@H1][Branch1][C][O][C][C][=Branch1][C][=O][O][=C][Branch1][C][O][C][Branch1][C][O][=C][Ring1][=Branch2][C][=Branch1][C][=O][O][Ring2][Ring1][Branch2],-1.3368754407198886
476.54700000000025,-0.846799999999994,11,6,192.99999999999997,13,0.11077171724013539,5.358808484980546,1,[C][C][C][C][C][C][Branch1][C][O][C][C][C][C@H1][Branch1][C][O][C][C@H1][Branch1][C][O][C@H1][Branch1][Ring1][C][O-1][=N][C][C][=Branch1][Ring2][=N][Ring1][O][N][C][=Branch1][C][=O][C][C@H1][Branch1][C][O][C][C][=Branch1][C][=O][O][O],-1.3395414929131508
531.6470000000004,5.880970000000005,10,5,183.48,21,0.03964108868912446,4.544974790521129,0,[C][C][C][C][C][C][C@H1][Branch1][C][C][O][C][Branch1][C][O][=N][C][C][C][C][C][C@H1][Branch1][=Branch1][C][C][C][N][=C][Branch1][C][O][C][Branch1][C][O][=C][Branch1][C][O][C][O][C][=Branch1][C][=O][O][C][Branch1][C][O][=N][Ring2][Ring1][#Branch2],-1.353868321876247
488.49000000000024,-0.8983999999999974,12,7,218.09999999999997,4,0.11080637792085647,5.758992184934389,2,[C][C][C][C][C][C][C@H1][Branch1][C][C][C@H1][Branch1][C][O][C@@H1][Branch1][C][O][=C][C][Branch1][C][O][=C][Branch1][C][N][C][C][C][=Branch1][C][=O][O][C][=Ring1][Branch1][N][C][=Branch1][C][=O][C@H1][Branch1][C][O][C][=Branch1][C][=O][O][O][C@@H1][Ring2][Ring1][N][O],-1.3595549014291395
502.52500000000026,-0.9063999999999939,12,7,235.60999999999996,15,0.06261408450149739,5.7505164666354815,1,[C][C][O][C][C][C][C@H1][Branch1][C][O][C@H1][Branch1][C][O][C@H1][Branch1][C][O][C][=Branch1][C][=O][O][C][C][=C][N][Branch1][C][N][C][C][C][C][N][=C][Branch1][C][O][C][Branch1][C][O][=N][C][Branch1][C][O][=N][C][Ring2][Ring1][Branch2][=N][Ring1][N],-1.362569358271348
470.4310000000002,-0.9273999999999982,11,6,200.95,0,0.23892266833109316,6.084382764691113,2,[C][C][O][C][=C][C][Branch1][C][O][=C][Branch1][C][O][C][Branch1][C][O][=C][Ring1][N][C][=Branch1][C][=O][C][C@H1][Branch1][C][O][C][C][C][=Branch1][C][=O][C@H1][Branch1][C][O][C][=Branch1][C][=O][N][C@@H1][Branch1][C][C][C][=Branch1][C][=O][N][O][C][Ring2][Ring1][O],-1.3722349014086466
569.6490000000003,-0.9614999999999916,14,7,231.84999999999994,25,0.017524259532088124,5.127921299418346,0,[C][C][C@H1][Branch1][C][O][C@@H1][Branch1][C][C][O][C][C@H1][Branch1][C][O][=N][C][C][C][C][C][C][C][C@H1][Branch1][C][N][=C][Branch1][C][O][N][=C][Branch1][C][O][O][C][C][=Branch1][C][=O][O][C@H1][Branch1][Ring1][C][O][C][O][=C][O][C][Ring2][Ring1][S][=O],-1.3915894124360069
506.5010000000003,-1.0134999999999992,12,8,231.50999999999996,15,0.0983122387236073,5.0366242681032345,1,[C][C][C][Branch1][C][O][C][=C][C][Branch1][C][O][=C][Ring1][Branch2][C][Branch1][C][O][C][Branch1][C][O][C][C][C][C][=Branch1][C][=O][O][C][Branch1][C][O][C][C][C][=Branch1][C][=O][O][C][Branch1][C][O][C][Branch1][C][O][C][C][C][=Branch1][C][=O][O],-1.4054601424458821
481.5830000000003,-1.0211099999999982,11,8,202.99999999999997,21,0.056585416819669304,5.199830292728365,0,[C][C][C][C][C@H1][Branch1][C][O][C@H1][Branch1][C][O][C@H1][Branch1][C][O][=N][C@H1][Branch1][C][O][C][C][C][C][C][C@H1][Branch1][C][O][C][C][C][C@@H1][Branch1][Ring1][C][O-1][=C][Branch1][C][O][C][=Branch1][C][=O][O][C@H1][Ring2][Ring1][N][O],-1.4089255639287686
489.5180000000002,-1.0382999999999976,12,6,192.07999999999998,3,0.20870879829813035,6.190690299508818,2,[C][C][C][C][C][C@H1][Branch1][C][O][=C][C][Branch1][C][O][C][C][C][C][C][C@H1][Branch1][C][O][=C][Branch1][C][O][C][=C][Ring1][P][C][=Branch1][C][=O][O][C][C][=Branch1][C][=O][O][C@@H1][Branch1][C][O][C][=Branch1][C][=O][O][=N][Ring2][Ring1][O],-1.4154752529436878
460.3880000000003,-1.0500999999999983,13,7,220.50999999999996,5,0.19243056623442512,6.202434345268289,2,[C][O][C][Branch1][C][O][C][C][C][C][C][Branch1][C][O][=C][C][Branch1][C][O][=C][Branch1][C][O][C][Branch1][C][O][=C][Ring1][N][C][=Branch1][C][=O][O][C][C][=Branch1][C][=O][O][=C][Branch1][Ring1][C][O][C][Branch1][C][O][C][Ring2][Ring1][Branch2][=O],-1.422248235638209
477.46300000000036,-1.1042999999999994,10,6,220.47999999999996,8,0.18101251743472266,5.436049619274282,1,[O][=C][Branch1][C][O][C][C@H1][Branch1][C][O][C][C][=Branch1][C][=O][N][=C][Branch1][C][O][C][C@H1][Branch1][Ring1][C][O][C][=Branch1][C][=O][C@@H1][Branch1][C][O][C@H1][Branch1][=Branch1][C][C][C][C][C][C][=Branch1][C][=O][O][=C][O][C][Ring2][Ring1][#Branch2][O],-1.442424425706941
501.5130000000003,-1.1112999999999955,14,7,231.73999999999995,4,0.13799306102814918,6.219302888700259,1,[C][C][=C][C][Branch1][C][O][C][Branch1][C][O][=C][C][Branch1][C][O][=C][Branch1][#Branch1][C][N][C][Branch1][C][N][=O][N][=C][O][C][Branch1][C][O][/C][Branch1][C][O-1][=N][/C][Branch1][C][C][C][C][C][C][Branch1][C][O][C][C][=Branch1][C][=O][O][Ring2][Ring1][S],-1.4445231694493497
458.39600000000036,-1.14501,12,5,201.63999999999996,4,0.31727569225858876,6.609116871308476,2,[O][=C][Branch1][C][O][C][C@H1][C][/C][=C][\C][=C][O][C@H1][Branch1][C][O][C@H1][Branch1][C][O][C][=Branch1][C][=O][O][C@H1][Branch1][C][O][C][C][C][C@H1][Branch1][C][O][C][=Branch1][C][=O][O][C][=Branch1][Branch1][=N][Ring2][Ring1][Branch2][O][C][Ring2][Ring1][Branch2],-1.4603764019183547
487.5060000000003,-1.2563999999999977,12,6,199.54,5,0.1997698929335404,5.91749633785343,2,[C][C][C][Branch1][C][O][N][=C][C][Branch1][C][O][=C][Ring1][C][C][C][C][C@H1][Branch1][C][O][C@H1][Branch1][C][O][C][=Branch1][C][=O][O][=N][C@H1][Branch1][C][O][C][=Branch1][C][=O][O][C][C][C][C][C@H1][Branch1][C][C][C][=Branch1][C][=O][N][Ring2][Ring1][Branch2],-1.5027677644080595
509.5050000000003,-1.4711999999999972,13,9,247.02999999999994,13,0.045262373186566555,5.493089496283189,1,[C][C][C@H1][Branch1][C][O][C@@H1][Branch1][C][C][O][=C][O][C][Branch1][C][O][C][C][C][C@H1][Branch1][C][O][=C][Branch1][C][O][C][Branch1][C][O][=C][Ring1][N][C][=Branch1][C][=O][C@H1][Branch1][C][O][C][C][C][=Branch1][C][=O][C@H1][Branch1][C][O][C][Branch1][C][O][=N][O],-1.5885937462107789
540.6940000000003,6.6504000000000065,9,3,147.43,26,0.04743098814593017,3.9820110261951527,0,[O][=C][Branch2][Branch1][Ring1][C][C][C][C][C][C][=Branch1][C][=O][C][C][C][C][C][C][C][C][C][C][C@H1][Branch1][=Branch1][C][C][C][=O][O][O][C][=C][Branch1][C][O][C][C][Branch1][C][O][=C][Branch1][C][O][C][C][=Branch1][C][=O][O][=C][Ring1][=Branch2],-1.6621537931683723
490.4860000000003,-1.6587099999999961,13,8,218.34999999999997,4,0.20718263816907478,5.886586276369505,1,[C][C][C][C][C@@H1][N][C][=Branch1][C][=O][C@H1][Branch1][C][O][C@H1][Branch1][C][O][C][C][=C][Branch1][C][O][C][Branch1][C][O][=C][Ring1][N][N][C][C][=Branch1][C][=O][C][C@H1][Branch1][C][O][C@@H1][Branch1][C][O][C][=Branch1][C][=O][O][=N][O][C][Ring2][Ring1][=N],-1.663592823692142
522.5240000000003,-1.658899999999995,13,7,238.85999999999993,6,0.11752968381604702,6.0446991226903535,1,[C][C][C@H1][Branch1][C][O][C@H1][Branch1][C][C][C@H1][Branch1][C][O][C@H1][Branch1][C][O-1][C@H1][Branch1][C][O][C@H1][Branch1][C][O][C][/C][=C][/C@H1][Branch1][C][O][C@H1][Branch1][C][O][C][C][C][C@@H1][Branch1][C][O][C][C][=Branch1][C][=O][O][C][Branch1][C][O][=N][O][C][Ring2][Ring1][=Branch1][=O],-1.6641698218342962
501.50900000000024,-1.7993299999999977,12,7,226.86999999999995,6,0.12148865249768624,5.934359953652498,1,[C][=C][C][C@H1][C][C@H1][Branch1][C][O][C][C][C][C][C@H1][Branch1][C][O][=C][Branch1][C][O][C@H1][Branch1][Ring1][C][#N][C@@H1][Branch1][C][O][C][=Branch1][C][=O][O][C@H1][Branch1][C][O][C][C][=Branch1][C][=O][C@H1][Branch1][Ring1][C][O][N][C][=Branch1][C][=O][O][Ring2][Ring1][N],-1.7197346481791884
493.4620000000003,-2.029899999999998,14,6,214.02999999999997,4,0.23335996059857328,6.710461415388599,3,[C][C][C@H1][Branch1][C][O][C@H1][Branch1][C][C][C@H1][Branch1][C][O][C@H1][Branch1][C][O][C@H1][Branch1][C][O][C@H1][Branch1][C][O][C][C][C][C@H1][Branch1][C][O][=C][Branch1][C][O][C][=Branch1][C][=O][O][C][C][=Branch1][C][=O][O][C][Branch1][C][O][=C][O][C][Ring2][Ring1][Branch2][=N][Ring1][Branch1],-1.8120071808290377
554.6100000000004,-2.3597999999999915,14,9,249.52999999999994,22,0.029387606286935698,5.471018893132591,0,[C][C][C@H1][Branch1][C][O][C@@H1][Branch1][C][C][C@@H1][Branch1][C][O][C@@H1][Branch1][C][O][=N][C@H1][Branch1][Ring1][C][O][C][C][C][C][C][C@H1][Branch1][C][O][C][=Branch1][C][=O][C@@H1][Branch1][C][O][C][C][C][=Branch1][C][=O][O][C][Branch1][C][O-1][C][Branch1][C][O][=C][O][C][Ring2][Ring1][=N][O],-1.9469858691834374
